Index,Length,Input_Data,CRC_Value
1,0,"[]",0x00
2,1,"0",0x00
3,1,"1",0x5E
4,1,"255",0x35
5,256,"[0 1 2 3 4 5 6 7 8 9 10 11 12 13 14 15 16 17 18 19 20 21 22 23 24 25 26 27 28 29 30 31 32 33 34 35 36 37 38 39 40 41 42 43 44 45 46 47 48 49 50 51 52 53 54 55 56 57 58 59 60 61 62 63 64 65 66 67 68 69 70 71 72 73 74 75 76 77 78 79 80 81 82 83 84 85 86 87 88 89 90 91 92 93 94 95 96 97 98 99 100 101 102 103 104 105 106 107 108 109 110 111 112 113 114 115 116 117 118 119 120 121 122 123 124 125 126 127 128 129 130 131 132 133 134 135 136 137 138 139 140 141 142 143 144 145 146 147 148 149 150 151 152 153 154 155 156 157 158 159 160 161 162 163 164 165 166 167 168 169 170 171 172 173 174 175 176 177 178 179 180 181 182 183 184 185 186 187 188 189 190 191 192 193 194 195 196 197 198 199 200 201 202 203 204 205 206 207 208 209 210 211 212 213 214 215 216 217 218 219 220 221 222 223 224 225 226 227 228 229 230 231 232 233 234 235 236 237 238 239 240 241 242 243 244 245 246 247 248 249 250 251 252 253 254 255]",0x18
6,5,"[1 2 3 4 5]",0x2A
7,100,"[1 2 3 4 5 6 7 8 9 10 11 12 13 14 15 16 17 18 19 20 21 22 23 24 25 26 27 28 29 30 31 32 33 34 35 36 37 38 39 40 41 42 43 44 45 46 47 48 49 50 51 52 53 54 55 56 57 58 59 60 61 62 63 64 65 66 67 68 69 70 71 72 73 74 75 76 77 78 79 80 81 82 83 84 85 86 87 88 89 90 91 92 93 94 95 96 97 98 99 100]",0x62
8,1000,"[48 210 139 19 244 63 220 43 218 3 131 196 239 232 209 227 51 72 73 96 100 139 40 176 42 79 128 203 189 165 39 140 22 96 105 10 70 244 244 90 11 45 100 242 36 195 27 251 97 198 87 160 49 37 240 234 227 160 206 17 85 80 162 91 38 152 208 97 33 50 60 76 164 153 178 92 210 52 120 205 46 28 226 87 175 6 176 80 14 156 61 99 20 37 76 22 233 1 123 31 78 237 41 247 52 189 139 226 141 136 50 42 234 83 95 194 86 243 188 152 225 12 65 119 58 190 235 108 87 246 113 125 90 232 145 195 207 87 111 217 92 203 240 159 189 206 216 101 13 102 172 115 191 91 162 47 191 139 52 74 191 123 55 247 183 245 109 121 229 134 181 64 114 31 52 0 10 250 62 169 214 140 39 186 153 187 197 249 146 87 166 17 229 30 83 208 152 100 121 218 87 222 22 198 216 46 110 42 180 137 162 50 54 10 82 143 219 170 111 243 184 238 135 66 13 185 31 77 136 144 153 42 97 158 248 186 236 195 151 49 170 159 154 125 135 85 132 50 206 47 21 111 168 112 70 142 88 238 236 128 83 188 9 121 86 235 3 141 189 124 21 248 132 157 60 123 109 19 27 214 61 49 129 196 15 147 30 9 13 213 30 11 112 216 67 107 10 114 147 146 85 80 27 93 25 196 247 248 221 153 179 73 161 116 123 193 72 81 236 14 124 233 156 139 63 87 218 143 131 25 4 246 96 154 20 174 238 147 32 148 196 104 225 166 230 159 33 79 51 232 194 173 77 47 193 121 57 157 10 83 119 37 252 53 33 52 196 108 144 5 8 114 209 226 22 137 233 99 212 34 239 192 240 173 93 240 70 85 179 195 237 52 204 189 16 99 72 77 251 164 183 250 96 205 111 222 46 242 56 83 193 100 155 113 190 58 14 76 121 43 90 102 14 149 226 38 153 170 107 179 105 129 1 177 169 9 94 250 107 128 232 183 149 204 221 116 121 98 247 178 21 220 123 17 140 106 224 52 211 142 13 248 131 74 120 219 78 49 33 76 199 120 58 42 85 240 87 252 124 45 228 117 181 251 12 24 184 72 47 10 5 198 34 119 155 109 6 200 2 195 228 110 137 122 99 227 228 85 157 237 246 130 115 71 245 36 148 72 71 103 255 14 148 21 39 112 130 66 81 22 77 247 241 85 146 232 1 207 242 23 41 245 137 3 65 115 177 187 254 73 137 136 103 43 250 218 127 154 58 139 177 131 253 156 94 197 43 98 88 110 200 123 203 147 87 207 61 57 129 66 2 165 130 114 247 146 221 35 145 222 149 183 95 23 117 100 221 62 247 245 63 89 229 247 113 82 134 176 70 188 13 12 98 90 80 125 82 49 79 249 105 113 147 251 61 174 183 155 22 173 16 152 189 54 215 7 216 117 55 34 244 18 50 89 158 139 32 74 61 54 105 180 55 93 100 249 244 204 61 17 81 68 129 199 219 216 92 175 80 15 179 2 104 84 177 196 77 207 75 114 186 177 252 57 169 156 234 40 192 145 70 121 85 148 227 145 161 132 13 59 125 79 46 129 82 66 118 34 237 222 181 27 198 206 196 29 164 213 147 165 117 135 8 163 20 111 74 139 34 177 203 41 26 37 224 135 119 27 166 222 212 160 19 28 12 65 34 66 98 241 156 213 181 28 188 70 163 87 255 67 71 238 6 178 185 214 249 249 16 210 165 165 32 166 251 233 112 10 92 211 179 117 14 109 120 237 164 79 134 16 248 92 122 90 174 169 183 68 80 32 167 10 153 222 228 114 117 19 171 210 62 107 214 224 62 140 49 26 233 210 194 12 215 112 87 139 23 193 149 47 48 47 14 150 215 4 12 146 209 83 89 152 70 6 188 160 148 189 172 52 90 32 33 173 219 246 160 47 27 208 148 158 200 180 213 14 191 217 73 163 80 245 8 148 42 182 45 60 126 234 54 36 194 128 233 37 165 59 40 174 151 193 79 114 103 251 74 75 90 144 64 234 68 229 26 168 232 43 247 115 242 173 77 48 77 23 36 26 108 203 36 33 164 50 24 42 236 210 90 167 137 173 174 160 68 9 116 228 145 213 253 41 177 172 250 252 175 62 204 27 199 233 98 161 110 112 79 195 239 240 44 223 188 64 17 68 233 162 184 65 184 7 96 160 37 210 60 166 103 152 27 4 232 69 209 255 54 67 169 247 234 128 203 34 250 246 41 76 25 69]",0xA2
9,50,"[7 7 7 7 7 7 7 7 7 7 7 7 7 7 7 7 7 7 7 7 7 7 7 7 7 7 7 7 7 7 7 7 7 7 7 7 7 7 7 7 7 7 7 7 7 7 7 7 7 7]",0xFF
10,777,"[208 96 22 87 251 161 106 42 252 210 72 17 14 30 148 237 127 215 114 181 187 44 92 163 18 92 136 255 121 208 110 203 152 226 105 154 161 106 36 23 4 223 60 54 188 81 129 41 245 218 221 104 195 36 2 5 150 116 132 1 108 183 113 187 59 208 150 53 60 160 212 106 66 221 171 114 124 52 160 91 254 122 124 144 234 205 115 183 150 126 49 118 62 234 85 243 136 161 138 33 96 25 159 114 199 56 42 104 237 181 107 132 21 252 170 73 149 28 247 44 165 62 183 198 172 157 228 20 84 63 252 99 187 175 54 61 72 105 59 5 225 247 87 86 1 174 211 37 40 202 157 11 159 79 94 197 207 102 242 104 197 123 229 232 22 239 211 202 51 206 217 74 243 12 38 137 147 165 4 245 11 36 3 145 238 170 210 3 138 117 127 18 175 128 195 124 38 165 44 223 156 40 246 132 18 160 64 205 209 250 128 116 192 33 140 139 22 107 218 219 25 23 67 223 32 184 25 159 91 201 59 163 60 182 223 32 221 151 32 109 41 179 194 27 129 208 239 131 243 137 100 217 126 120 125 216 212 103 85 125 146 61 203 124 85 27 61 243 78 43 117 78 9 82 139 141 91 114 247 96 66 62 117 194 52 181 5 107 198 86 144 52 189 13 218 50 223 90 185 81 231 32 45 126 20 50 241 249 96 236 139 69 179 168 253 67 172 13 29 1 255 205 201 130 76 38 72 96 193 138 19 4 26 105 238 163 205 119 92 27 224 200 43 131 124 160 242 148 138 12 16 47 8 190 185 34 214 39 77 63 95 65 125 104 252 14 36 13 160 13 214 131 134 143 43 50 81 151 53 29 248 5 205 201 76 34 37 178 164 200 239 177 39 62 215 53 18 180 103 235 166 23 242 66 86 102 13 127 31 102 89 197 205 39 93 95 38 204 181 48 93 27 160 31 252 199 99 148 233 141 44 96 215 164 166 221 228 235 24 139 189 193 155 42 204 184 22 118 44 86 4 102 140 158 169 214 55 30 217 40 249 215 128 251 24 77 163 89 237 16 140 151 167 65 93 215 49 211 144 195 182 53 145 222 110 247 115 36 99 243 81 222 225 89 21 185 79 200 113 124 199 97 113 96 94 134 207 92 134 171 68 71 238 185 147 165 7 158 130 139 92 20 49 243 104 119 13 9 183 137 130 62 190 43 48 117 73 63 165 166 211 106 18 70 250 152 181 1 132 9 145 235 247 138 117 241 172 16 119 61 120 116 149 91 42 128 212 169 86 239 233 53 10 189 211 247 227 153 135 7 63 117 160 142 190 71 144 22 105 192 177 253 71 127 84 112 219 175 225 52 223 15 227 84 80 131 240 12 90 219 101 50 108 98 234 195 129 253 119 14 67 111 40 242 196 68 151 184 240 225 131 198 143 141 29 32 135 68 5 185 8 152 138 248 123 16 141 215 255 110 81 232 48 157 103 10 88 67 175 242 68 207 14 137 18 239 196 168 210 165 248 182 236 132 29 135 32 151 123 159 2 49 125 243 98 108 182 154 76 105 55 247 33 95 6 56 199 51 20 121 2 21 206 197 234 218 174 13 200 216 204 130 59 216 186 251 39 57 54 202 47 17 255 6 213 93 215 141 230 237 2 19 64 171 227 117 155 48 206 247 68 126 22 143 128 36 113 85 133 149 2 194 182 93 13 193 244 61 82 47 147 39 91 178 143 98 107 143 1 20 225 19 180 235 69 94 145]",0xE3
11,256,"[255 254 253 252 251 250 249 248 247 246 245 244 243 242 241 240 239 238 237 236 235 234 233 232 231 230 229 228 227 226 225 224 223 222 221 220 219 218 217 216 215 214 213 212 211 210 209 208 207 206 205 204 203 202 201 200 199 198 197 196 195 194 193 192 191 190 189 188 187 186 185 184 183 182 181 180 179 178 177 176 175 174 173 172 171 170 169 168 167 166 165 164 163 162 161 160 159 158 157 156 155 154 153 152 151 150 149 148 147 146 145 144 143 142 141 140 139 138 137 136 135 134 133 132 131 130 129 128 127 126 125 124 123 122 121 120 119 118 117 116 115 114 113 112 111 110 109 108 107 106 105 104 103 102 101 100 99 98 97 96 95 94 93 92 91 90 89 88 87 86 85 84 83 82 81 80 79 78 77 76 75 74 73 72 71 70 69 68 67 66 65 64 63 62 61 60 59 58 57 56 55 54 53 52 51 50 49 48 47 46 45 44 43 42 41 40 39 38 37 36 35 34 33 32 31 30 29 28 27 26 25 24 23 22 21 20 19 18 17 16 15 14 13 12 11 10 9 8 7 6 5 4 3 2 1 0]",0xAC
12,8,"[1 2 4 8 16 32 64 128]",0x60
13,4,"[0 0 0 0]",0x00
14,4,"[255 255 255 255]",0x8D
15,4,"[128 64 32 16]",0xB4
16,8,"[1 2 4 8 16 32 64 128]",0x60
17,10,"[85 85 85 85 85 85 85 85 85 85]",0x99
18,10,"[170 170 170 170 170 170 170 170 170 170]",0x2B
19,10,"[15 15 15 15 15 15 15 15 15 15]",0x1B
20,10,"[240 240 240 240 240 240 240 240 240 240]",0xA9
21,4,"[0 1 2 3]",0xD8
22,4,"[252 253 254 255]",0x8E
23,3,"[127 128 129]",0x4D
24,2,"[127 128]",0x22
25,4,"[1 0 1 0]",0x4B
26,4,"[255 0 255 0]",0x6A
27,96,"[191 190 189 188 187 186 185 184 183 182 181 180 179 178 177 176 175 174 173 172 171 170 169 168 167 166 165 164 163 162 161 160 159 158 157 156 155 154 153 152 151 150 149 148 147 146 145 144 143 142 141 140 139 138 137 136 135 134 133 132 131 130 129 128 127 126 125 124 123 122 121 120 119 118 117 116 115 114 113 112 111 110 109 108 107 106 105 104 103 102 101 100 99 98 97 96]",0x53
28,2,"[221 153]",0x5C
29,119,"[93 93 93 93 93 93 93 93 93 201 51 131 151 11 155 43 16 247 206 77 25 175 112 31 126 232 66 169 79 133 139 47 248 198 240 229 153 235 50 11 83 99 69 212 91 71 138 36 205 19 252 197 50 1 208 180 186 197 18 91 220 159 84 16 79 83 186 163 227 120 30 182 194 143 197 126 133 109 27 8 162 80 130 232 63 105 193 58 19 74 238 239 240 241 242 243 244 245 246 247 248 249 250 251 252 253 254 255 0 1 2 3 4 5 6 162 223 205 47]",0x11
30,586,"[81 0 255 1 0 0 255 255 93 246 0 0 255 0 255 0 255 255 60 94 255 0 82 0 255 255 255 255 255 0 255 66 255 255 0 230 0 255 227 164 0 155 0 0 255 255 255 0 166 168 0 0 255 255 255 255 0 71 255 255 234 0 109 246 75 255 0 255 255 255 35 255 178 92 255 221 130 255 255 227 0 255 0 0 0 255 0 255 255 0 255 255 132 255 0 0 214 0 0 255 169 255 141 0 0 3 0 255 121 0 0 0 255 0 255 168 0 0 255 0 0 255 255 50 0 0 0 255 255 0 255 188 72 255 253 0 87 219 255 26 129 81 99 255 0 243 255 0 255 202 23 0 0 89 0 158 0 18 180 0 95 255 252 96 255 0 28 0 0 0 255 255 0 57 3 11 135 18 255 255 0 255 11 255 116 0 0 255 255 178 0 175 255 243 157 255 11 0 252 255 255 214 0 0 208 255 255 217 0 255 0 255 0 255 133 141 255 0 255 255 0 0 0 255 255 101 255 37 125 0 126 255 0 0 0 0 255 255 0 0 0 0 0 255 0 160 255 15 255 47 0 255 0 9 255 130 0 255 0 0 0 0 151 255 0 255 110 0 255 0 155 0 0 0 0 20 0 28 255 209 0 255 255 255 0 255 0 0 0 255 0 0 82 65 255 0 0 212 31 240 0 147 35 51 0 170 0 100 112 0 255 0 98 255 0 160 0 158 255 38 0 8 255 87 28 32 255 0 184 255 0 0 149 0 39 255 0 238 255 181 255 0 239 115 255 31 222 255 0 255 0 255 88 255 0 0 0 255 255 0 0 38 0 128 0 53 52 0 255 255 255 0 0 255 95 255 0 255 0 0 0 255 255 0 255 212 255 0 3 0 0 0 209 0 255 255 255 0 195 255 255 108 0 255 0 252 0 0 30 0 255 52 0 223 255 0 107 255 0 21 0 0 255 255 255 187 0 255 0 0 27 255 255 0 204 0 0 255 255 0 255 206 255 63 0 241 255 46 255 255 255 241 255 81 9 0 0 0 16 255 81 255 0 255 255 255 255 255 0 255 196 0 61 0 0 0 255 0 0 201 0 241 255 255 255 255 0 0 255 0 226 254 0 178 255 0 255 0 67 255 220 167 0 0 255 0 255 255 0 255 255 0 204 255 181 178 255 40 223 255 0 41 213 0 255 161 255 255 255 255 255 26 176 0 17 0 0 249 191 255 0 0 174 0 109 0 177 0 255 255 0 107 0 255 255 0 255 255 255 255 197 194 0 255 255 0 255 0 0 0 79 0 0 255 255 199 0 0 36 255 143 0 0 0 0 255]",0x6B
31,821,"[42 43 44 45 46 47 48 49 50 51 52 53 54 55 56 57 58 59 60 61 62 63 64 65 66 67 68 69 70 71 72 73 74 75 76 77 78 79 80 81 82 83 84 85 86 87 88 89 90 91 92 93 94 95 96 97 98 99 100 101 102 103 104 105 106 107 108 109 110 111 112 113 114 115 116 117 118 119 120 121 122 123 124 125 126 127 128 129 130 131 132 133 134 135 136 137 138 139 140 141 142 143 144 145 146 147 148 149 150 151 152 153 154 155 156 157 158 159 160 161 162 163 164 165 166 167 168 169 170 171 172 173 174 175 176 177 178 179 180 181 182 183 184 185 186 187 188 189 190 191 192 193 194 195 196 197 198 199 200 201 202 203 204 205 206 207 208 209 210 211 212 213 214 215 216 217 218 219 220 221 222 223 224 225 226 227 228 229 230 231 232 233 234 235 236 237 238 239 240 241 242 243 244 245 246 247 248 249 250 251 252 253 254 255 0 1 2 3 4 5 6 7 8 9 10 11 12 13 14 15 16 17 18 19 20 21 22 23 24 25 26 27 28 29 30 31 32 33 34 35 36 37 38 39 40 41 42 43 44 45 46 47 48 49 50 51 52 53 54 55 56 57 58 59 60 61 62 63 64 65 66 67 68 69 70 71 72 73 74 75 76 77 78 79 80 81 82 83 84 85 86 87 88 89 90 91 92 93 94 95 96 97 98 99 100 101 102 103 104 105 106 107 108 109 110 111 112 113 114 115 116 117 118 119 120 121 122 123 124 125 126 127 128 129 130 131 132 133 134 135 136 137 138 139 140 141 142 143 144 145 146 147 148 149 150 151 152 153 154 155 156 157 158 159 160 161 162 163 164 165 166 167 168 169 170 171 172 173 174 175 176 177 178 179 180 181 182 183 184 185 186 187 188 189 190 191 192 193 194 195 196 197 198 199 200 201 202 203 204 205 206 207 208 209 210 211 212 213 214 215 216 217 218 219 220 221 222 223 224 225 226 227 228 229 230 231 232 233 234 235 236 237 238 239 240 241 242 243 244 245 246 247 248 249 250 251 252 253 254 255 0 1 2 3 4 5 6 7 8 9 10 11 12 13 14 15 16 17 18 19 20 21 22 23 24 25 26 27 28 29 30 31 32 33 34 35 36 37 38 39 40 41 42 43 44 45 46 47 48 49 50 51 52 53 54 55 56 57 58 59 60 61 62 63 64 65 66 67 68 69 70 71 72 73 74 75 76 77 78 79 80 81 82 83 84 85 86 87 88 89 90 91 92 93 94 95 96 97 98 99 100 101 102 103 104 105 106 107 108 109 110 111 112 113 114 115 116 117 118 119 120 121 122 123 124 125 126 127 128 129 130 131 132 133 134 135 136 137 138 139 140 141 142 143 144 145 146 147 148 149 150 151 152 153 154 155 156 157 158 159 160 161 162 163 164 165 166 167 168 169 170 171 172 173 174 175 176 177 178 179 180 181 182 183 184 185 186 187 188 189 190 191 192 193 194 195 196 197 198 199 200 201 202 203 204 205 206 207 208 209 210 211 212 213 214 215 216 217 218 219 220 221 222 223 224 225 226 227 228 229 230 231 232 233 234 235 236 237 238 239 240 241 242 243 244 245 246 247 248 249 250 251 252 253 254 255 0 1 2 3 4 5 6 7 8 9 10 11 12 13 14 15 16 17 18 19 20 21 22 23 24 25 26 27 28 29 30 31 32 33 34 35 36 37 38 39 40 41 42 43 44 45 46 47 48 49 50 51 52 53 54 55 56 57 58 59 60 61 62 63 64 65 66 67 68 69 70 71 72 73 74 75 76 77 78 79 80 81 82 83 84 85 86 87 88 89 90 91 92 93 94]",0xF2
32,7,"[13 12 11 10 9 8 7]",0x55
33,147,"[77 78 79 80 81 82 83 84 85 86 87 88 89 90 91 92 93 94 95 96 97 98 99 100 101 102 103 104 105 106 107 108 109 110 111 112 113 114 115 116 117 118 119 120 121 122 123 124 125 126 127 128 129 130 131 132 133 134 135 136 137 138 139 140 141 142 143 144 145 146 147 148 149 150 151 152 153 154 155 156 157 158 159 160 161 162 163 164 165 166 167 168 169 170 171 172 173 174 175 176 177 178 179 180 181 182 183 184 185 186 187 188 189 190 191 192 193 194 195 196 197 198 199 200 201 202 203 204 205 206 207 208 209 210 211 212 213 214 215 216 217 218 219 220 221 222 223]",0x34
34,743,"[255 255 255 255 255 0 0 56 86 255 0 255 255 166 255 0 0 186 108 0 10 148 255 255 107 255 53 255 33 232 0 46 126 255 255 255 0 66 0 33 116 0 255 255 0 255 0 255 0 206 255 0 0 255 0 255 255 0 247 255 255 255 255 0 255 255 24 0 45 255 174 255 146 255 255 255 255 255 12 104 200 255 103 255 195 111 30 0 0 255 0 0 0 255 0 255 0 0 0 255 255 183 4 0 255 255 255 0 0 0 138 255 69 0 255 255 27 0 123 140 255 154 226 0 0 230 0 70 108 0 0 0 220 0 255 255 0 0 34 0 255 255 0 148 0 255 0 0 255 255 255 166 0 255 169 255 0 255 255 255 0 88 255 60 0 237 255 255 255 255 181 0 0 255 0 0 255 127 217 255 255 255 206 77 0 255 255 255 255 124 255 255 0 0 0 140 110 255 0 0 255 0 117 255 255 61 0 0 0 255 157 255 0 255 0 0 187 2 0 0 35 0 0 205 124 255 255 0 0 121 0 255 244 80 0 255 255 255 255 255 255 255 255 0 18 0 188 0 255 0 0 255 0 255 255 0 0 255 255 255 74 154 255 168 0 57 0 255 61 0 165 255 216 64 117 186 167 255 239 0 255 54 255 138 255 255 255 255 0 0 253 0 52 255 0 255 0 9 51 94 0 255 94 255 151 0 0 0 23 0 0 255 255 255 255 0 0 181 132 0 0 0 255 238 0 255 0 98 255 0 0 255 255 255 0 215 255 0 0 127 255 40 0 168 17 0 0 63 255 255 0 0 35 0 255 255 143 13 0 251 255 255 255 0 0 0 143 0 185 255 0 0 255 171 0 255 255 117 255 0 0 132 255 222 0 197 0 255 0 255 97 246 255 255 255 101 136 255 81 231 255 0 255 0 255 255 129 106 170 0 109 0 255 227 255 255 138 80 255 0 255 0 211 0 0 255 255 255 255 0 0 0 255 255 255 255 0 0 255 196 170 255 255 0 255 0 28 0 235 255 255 206 255 78 72 28 138 0 0 255 0 12 218 255 47 0 8 255 133 255 0 255 255 146 0 0 154 113 255 255 255 0 255 153 129 0 0 0 0 84 0 0 255 0 0 0 146 0 101 255 0 255 255 33 0 0 182 0 244 0 0 0 255 0 0 0 18 0 171 0 0 255 255 30 17 0 0 0 0 255 255 255 0 0 255 255 219 110 255 255 176 0 0 88 0 255 0 0 255 0 116 0 0 255 0 0 0 117 255 255 255 255 73 99 0 0 255 213 0 0 0 255 0 0 255 0 225 255 0 0 255 255 184 255 255 255 255 38 255 255 0 0 98 0 255 104 195 255 0 112 228 255 255 255 0 255 0 0 71 255 255 255 0 213 36 196 255 157 0 0 0 0 242 255 0 255 181 0 0 0 237 255 0 255 154 255 255 0 255 255 255 205 255 255 0 0 0 81 255 0 16 0 255 0 0 80 228 255 255 255 0 255 0 170 194 179 0 164 0 128 0 0 0 106 217 255 255 255 0 255 80 0 50 73 0 255 255 0 0 0 0 255 0 132 0 197 255 0 206 0 0 132 0 0 255 6 200 117 0 0 0 121 255 201 139 19 0 0 255 0 162 255 0 74 255 15 0 0 255 0 255 0 117 0 0 0 255 203 61 50 254 251 0]",0xF5
35,64,"[159 251 48 202 232 241 245 133 250 193 41 122 183 63 163 170 41 144 197 127 3 2 91 237 58 162 56 82 217 186 24 109 7 123 169 30 73 101 235 254 11 194 95 100 193 235 243 147 91 201 64 144 91 168 61 49 235 26 129 56 9 9 44 221]",0x06
36,96,"[70 71 72 73 74 75 76 77 78 79 80 81 82 83 84 85 86 87 88 89 90 91 92 93 94 95 96 97 98 99 100 101 102 103 104 105 106 107 108 109 110 111 112 113 114 115 116 117 118 119 120 121 122 123 124 125 126 127 128 129 130 131 132 133 134 135 136 137 138 139 140 141 142 143 144 145 146 147 148 149 150 151 152 153 154 155 156 157 158 159 160 161 162 163 164 165]",0x44
37,57,"[0 242 107 121 0 0 255 0 255 0 213 255 167 255 0 0 255 0 0 57 0 0 247 255 217 0 255 46 255 252 100 255 255 42 149 10 255 255 26 255 255 178 118 177 220 255 0 255 179 143 127 0 188 0 2 248 0]",0xDD
38,836,"[247 248 249 250 251 252 253 254 255 0 1 2 3 4 5 6 7 8 9 10 11 12 13 14 15 16 17 18 19 20 21 22 23 24 25 26 27 28 29 30 31 32 33 34 35 36 37 38 39 40 41 42 43 44 45 46 47 48 49 50 51 52 53 54 55 56 57 58 59 60 61 62 63 64 65 66 67 68 69 70 71 72 73 74 75 76 77 78 79 80 81 82 83 84 85 86 87 88 89 90 91 92 93 94 95 96 97 98 99 100 101 102 103 104 105 106 107 108 109 110 111 112 113 114 115 116 117 118 119 120 121 122 123 124 125 126 127 128 129 130 131 132 133 134 135 136 137 138 139 140 141 142 143 144 145 146 147 148 149 150 151 152 153 154 155 156 157 158 159 160 161 162 163 164 165 166 167 168 169 170 171 172 173 174 175 176 177 178 179 180 181 182 183 184 185 186 187 188 189 190 191 192 193 194 195 196 197 198 199 200 201 202 203 204 205 206 207 208 209 210 211 212 213 214 215 216 217 218 219 220 221 222 223 224 225 226 227 228 229 230 231 232 233 234 235 236 237 238 239 240 241 242 243 244 245 246 247 248 249 250 251 252 253 254 255 0 1 2 3 4 5 6 7 8 9 10 11 12 13 14 15 16 17 18 19 20 21 22 23 24 25 26 27 28 29 30 31 32 33 34 35 36 37 38 39 40 41 42 43 44 45 46 47 48 49 50 51 52 53 54 55 56 57 58 59 60 61 62 63 64 65 66 67 68 69 70 71 72 73 74 75 76 77 78 79 80 81 82 83 84 85 86 87 88 89 90 91 92 93 94 95 96 97 98 99 100 101 102 103 104 105 106 107 108 109 110 111 112 113 114 115 116 117 118 119 120 121 122 123 124 125 126 127 128 129 130 131 132 133 134 135 136 137 138 139 140 141 142 143 144 145 146 147 148 149 150 151 152 153 154 155 156 157 158 159 160 161 162 163 164 165 166 167 168 169 170 171 172 173 174 175 176 177 178 179 180 181 182 183 184 185 186 187 188 189 190 191 192 193 194 195 196 197 198 199 200 201 202 203 204 205 206 207 208 209 210 211 212 213 214 215 216 217 218 219 220 221 222 223 224 225 226 227 228 229 230 231 232 233 234 235 236 237 238 239 240 241 242 243 244 245 246 247 248 249 250 251 252 253 254 255 0 1 2 3 4 5 6 7 8 9 10 11 12 13 14 15 16 17 18 19 20 21 22 23 24 25 26 27 28 29 30 31 32 33 34 35 36 37 38 39 40 41 42 43 44 45 46 47 48 49 50 51 52 53 54 55 56 57 58 59 60 61 62 63 64 65 66 67 68 69 70 71 72 73 74 75 76 77 78 79 80 81 82 83 84 85 86 87 88 89 90 91 92 93 94 95 96 97 98 99 100 101 102 103 104 105 106 107 108 109 110 111 112 113 114 115 116 117 118 119 120 121 122 123 124 125 126 127 128 129 130 131 132 133 134 135 136 137 138 139 140 141 142 143 144 145 146 147 148 149 150 151 152 153 154 155 156 157 158 159 160 161 162 163 164 165 166 167 168 169 170 171 172 173 174 175 176 177 178 179 180 181 182 183 184 185 186 187 188 189 190 191 192 193 194 195 196 197 198 199 200 201 202 203 204 205 206 207 208 209 210 211 212 213 214 215 216 217 218 219 220 221 222 223 224 225 226 227 228 229 230 231 232 233 234 235 236 237 238 239 240 241 242 243 244 245 246 247 248 249 250 251 252 253 254 255 0 1 2 3 4 5 6 7 8 9 10 11 12 13 14 15 16 17 18 19 20 21 22 23 24 25 26 27 28 29 30 31 32 33 34 35 36 37 38 39 40 41 42 43 44 45 46 47 48 49 50 51 52 53 54 55 56 57 58]",0xF0
39,6,"[221 220 219 218 217 216]",0x68
40,9,"[98 99 100 101 102 103 104 105 106]",0xDE
41,9,"[79 80 81 82 83 84 85 86 87]",0x4A
42,89,"[221 220 219 218 217 216 215 214 213 212 211 210 209 208 207 206 205 204 203 202 201 200 199 198 197 196 195 194 193 192 191 190 189 188 187 186 185 184 183 182 181 180 179 178 177 176 175 174 173 172 171 170 169 168 167 166 165 164 163 162 161 160 159 158 157 156 155 154 153 152 151 150 149 148 147 146 145 144 143 142 141 140 139 138 137 136 135 134 133]",0x19
43,67,"[158 159 160 161 162 163 164 165 166 167 168 169 170 171 172 173 174 175 176 177 178 179 180 181 182 183 184 185 186 187 188 189 190 191 192 193 194 195 196 197 198 199 200 201 202 203 204 205 206 207 208 209 210 211 212 213 214 215 216 217 218 219 220 221 222 223 224]",0x8E
44,111,"[117 116 115 114 113 112 111 110 109 108 107 106 105 104 103 102 101 100 99 98 97 96 95 94 93 92 91 90 89 88 87 86 85 84 83 82 81 80 79 78 77 76 75 74 73 72 71 70 69 68 67 66 65 64 63 62 61 60 59 58 57 56 55 54 53 52 51 50 49 48 47 46 45 44 43 42 41 40 39 38 37 36 35 34 33 32 31 30 29 28 27 26 25 24 23 22 21 20 19 18 17 16 15 14 13 12 11 10 9 8 7]",0xF6
45,36,"[159 85 159 85 159 85 159 85 159 85 159 85 159 85 159 85 159 85 159 85 159 85 159 85 159 85 159 85 159 85 159 85 159 85 159 85]",0x8B
46,465,"[200 73 110 175 85 14 95 241 164 171 161 50 107 192 25 71 70 110 250 17 132 45 248 29 103 188 180 108 88 101 67 52 123 68 73 168 247 154 19 19 243 76 23 153 159 166 68 3 247 64 173 180 156 80 69 153 221 242 27 39 241 188 226 51 150 179 174 104 3 149 64 115 245 102 214 48 172 250 26 2 110 23 191 234 111 66 111 185 2 150 157 163 61 182 23 51 224 189 3 63 54 69 63 16 117 187 155 172 20 243 214 206 210 238 139 51 157 190 188 133 17 95 235 149 137 68 94 229 170 201 116 161 63 180 109 113 166 239 16 211 74 113 5 77 128 14 125 237 26 195 104 167 66 40 41 18 47 170 225 208 175 28 74 79 63 131 137 91 90 212 202 78 233 243 83 90 129 240 224 26 100 141 128 49 219 173 214 219 191 112 156 41 172 45 177 58 30 42 0 183 187 131 41 21 4 42 228 61 90 26 56 132 155 62 14 100 59 56 245 157 142 106 109 138 178 179 43 128 105 222 161 136 29 155 30 86 36 177 52 100 229 52 129 107 4 202 17 121 143 160 176 64 2 185 137 214 210 215 124 85 202 115 46 218 225 119 19 99 205 230 52 17 224 99 138 247 17 165 18 96 205 110 255 143 82 56 89 95 17 94 118 185 168 181 2 55 169 123 1 205 197 140 17 196 149 200 192 205 132 35 171 158 190 43 49 227 191 232 194 152 167 227 148 161 40 121 183 69 51 80 61 55 108 232 129 48 19 178 97 210 168 203 69 177 67 240 162 83 68 48 177 55 152 67 169 208 199 194 48 22 178 94 110 7 66 8 225 62 142 9 170 82 229 227 83 230 255 211 216 63 147 17 24 255 83 191 206 219 255 61 10 105 33 5 92 200 144 80 167 59 3 195 159 195 9 214 158 144 159 221 150 148 253 193 113 181 99 58 152 237 237 87 135 54 254 251 166 205 183 151 13 116 172 173 95 241 42 128 176 178 166 70 39 162 153 45 180 116 170 214 43 4 199 156 179 214 205 245 137 125 102 39 146 70 235]",0x07
47,64,"[8 8 8 8 8 8 8 8 8 8 8 8 8 8 8 8 8 8 8 8 8 8 8 8 8 8 8 8 8 8 8 8 8 8 8 8 8 8 8 8 8 8 8 8 8 8 8 8 8 8 8 8 8 8 8 8 8 8 8 8 8 8 8 8]",0x74
48,18,"[210 211 212 213 214 215 216 217 218 219 220 221 222 223 224 225 226 227]",0x2F
49,694,"[220 221 222 223 224 225 226 227 228 229 230 231 232 233 234 235 236 237 238 239 240 241 242 243 244 245 246 247 248 249 250 251 252 253 254 255 0 1 2 3 4 5 6 7 8 9 10 11 12 13 14 15 16 17 18 19 20 21 22 23 24 25 26 27 28 29 30 31 32 33 34 35 36 37 38 39 40 41 42 43 44 45 46 47 48 49 50 51 52 53 54 55 56 57 58 59 60 61 62 63 64 65 66 67 68 69 70 71 72 73 74 75 76 77 78 79 80 81 82 83 84 85 86 87 88 89 90 91 92 93 94 95 96 97 98 99 100 101 102 103 104 105 106 107 108 109 110 111 112 113 114 115 116 117 118 119 120 121 122 123 124 125 126 127 128 129 130 131 132 133 134 135 136 137 138 139 140 141 142 143 144 145 146 147 148 149 150 151 152 153 154 155 156 157 158 159 160 161 162 163 164 165 166 167 168 169 170 171 172 173 174 175 176 177 178 179 180 181 182 183 184 185 186 187 188 189 190 191 192 193 194 195 196 197 198 199 200 201 202 203 204 205 206 207 208 209 210 211 212 213 214 215 216 217 218 219 220 221 222 223 224 225 226 227 228 229 230 231 232 233 234 235 236 237 238 239 240 241 242 243 244 245 246 247 248 249 250 251 252 253 254 255 0 1 2 3 4 5 6 7 8 9 10 11 12 13 14 15 16 17 18 19 20 21 22 23 24 25 26 27 28 29 30 31 32 33 34 35 36 37 38 39 40 41 42 43 44 45 46 47 48 49 50 51 52 53 54 55 56 57 58 59 60 61 62 63 64 65 66 67 68 69 70 71 72 73 74 75 76 77 78 79 80 81 82 83 84 85 86 87 88 89 90 91 92 93 94 95 96 97 98 99 100 101 102 103 104 105 106 107 108 109 110 111 112 113 114 115 116 117 118 119 120 121 122 123 124 125 126 127 128 129 130 131 132 133 134 135 136 137 138 139 140 141 142 143 144 145 146 147 148 149 150 151 152 153 154 155 156 157 158 159 160 161 162 163 164 165 166 167 168 169 170 171 172 173 174 175 176 177 178 179 180 181 182 183 184 185 186 187 188 189 190 191 192 193 194 195 196 197 198 199 200 201 202 203 204 205 206 207 208 209 210 211 212 213 214 215 216 217 218 219 220 221 222 223 224 225 226 227 228 229 230 231 232 233 234 235 236 237 238 239 240 241 242 243 244 245 246 247 248 249 250 251 252 253 254 255 0 1 2 3 4 5 6 7 8 9 10 11 12 13 14 15 16 17 18 19 20 21 22 23 24 25 26 27 28 29 30 31 32 33 34 35 36 37 38 39 40 41 42 43 44 45 46 47 48 49 50 51 52 53 54 55 56 57 58 59 60 61 62 63 64 65 66 67 68 69 70 71 72 73 74 75 76 77 78 79 80 81 82 83 84 85 86 87 88 89 90 91 92 93 94 95 96 97 98 99 100 101 102 103 104 105 106 107 108 109 110 111 112 113 114 115 116 117 118 119 120 121 122 123 124 125 126 127 128 129 130 131 132 133 134 135 136 137 138 139 140 141 142 143 144 145]",0xA4
50,277,"[73 72 71 70 69 68 67 66 65 64 63 62 61 60 59 58 57 56 55 54 53 52 51 50 49 48 47 46 45 44 43 42 41 40 39 38 37 36 35 34 33 32 31 30 29 28 27 26 25 24 23 22 21 20 19 18 17 16 15 14 13 12 11 10 9 8 7 6 5 4 3 2 1 0 255 254 253 252 251 250 249 248 247 246 245 244 243 242 241 240 239 238 237 236 235 234 233 232 231 230 229 228 227 226 225 224 223 222 221 220 219 218 217 216 215 214 213 212 211 210 209 208 207 206 205 204 203 202 201 200 199 198 197 196 195 194 193 192 191 190 189 188 187 186 185 184 183 182 181 180 179 178 177 176 175 174 173 172 171 170 169 168 167 166 165 164 163 162 161 160 159 158 157 156 155 154 153 152 151 150 149 148 147 146 145 144 143 142 141 140 139 138 137 136 135 134 133 132 131 130 129 128 127 126 125 124 123 122 121 120 119 118 117 116 115 114 113 112 111 110 109 108 107 106 105 104 103 102 101 100 99 98 97 96 95 94 93 92 91 90 89 88 87 86 85 84 83 82 81 80 79 78 77 76 75 74 73 72 71 70 69 68 67 66 65 64 63 62 61 60 59 58 57 56 55 54 53]",0xF6
51,998,"[229 159 249 119 216 15 85 17 249 209 218 240 21 98 18 53 58 120 68 25 42 37 249 194 247 112 71 204 83 76 59 33 65 90 172 16 53 207 37 87 221 39 21 124 77 144 205 35 148 129 36 159 70 124 21 117 78 210 14 107 117 185 147 170 198 220 80 137 215 253 227 95 49 125 189 126 123 214 92 220 104 84 116 195 32 50 243 44 145 148 125 165 58 141 95 169 36 146 47 71 55 46 211 73 237 248 146 36 95 204 94 22 142 216 203 44 172 56 55 223 63 67 0 222 202 160 192 38 117 89 24 124 235 10 74 53 60 232 119 119 194 39 124 110 152 255 196 101 211 43 7 52 87 130 157 233 130 128 12 8 141 112 214 41 6 114 60 12 185 28 155 71 44 97 205 100 192 32 197 60 173 144 237 99 16 4 211 134 198 60 88 7 246 170 238 67 156 173 81 217 242 226 189 71 72 246 2 183 180 159 253 79 87 20 113 66 87 213 239 47 95 237 15 23 41 152 38 247 114 128 63 120 169 192 192 147 231 209 193 14 1 54 169 105 103 226 229 232 80 176 69 48 47 87 110 212 30 188 136 73 126 76 152 111 42 29 139 231 88 187 168 238 210 145 168 229 102 83 2 211 205 26 147 118 30 251 54 17 152 189 8 168 136 26 44 145 75 240 209 251 66 248 110 88 12 13 177 117 57 157 64 147 91 210 210 122 89 92 206 84 53 21 119 123 215 56 97 206 210 98 117 77 238 30 239 175 136 8 121 104 41 168 248 143 182 17 106 29 156 240 169 19 90 140 103 213 208 156 95 65 27 90 105 173 168 17 101 46 40 211 10 107 43 225 142 59 128 187 245 56 226 239 234 162 161 103 192 136 173 109 187 211 37 213 138 216 110 97 234 64 216 123 131 78 146 83 10 69 1 250 247 101 186 88 171 206 242 102 200 68 253 6 154 168 176 30 240 46 159 57 78 139 106 41 43 107 193 229 21 100 25 4 169 154 41 59 6 213 249 34 59 222 237 107 12 10 146 100 7 149 2 201 78 10 150 101 249 139 70 181 69 231 95 140 12 109 213 206 57 57 209 238 24 115 86 222 21 54 192 13 126 113 85 101 135 41 146 206 194 39 38 68 92 104 174 14 8 100 178 49 164 66 226 229 76 58 105 61 172 211 172 211 101 40 188 92 171 69 20 254 39 253 250 203 168 147 221 74 119 158 105 109 84 144 217 51 239 176 210 142 199 4 209 10 227 253 75 53 195 64 221 26 32 250 172 216 83 173 152 154 174 147 109 70 196 57 177 59 160 191 55 15 33 155 217 11 187 87 122 237 84 119 3 20 66 7 161 109 140 44 75 169 247 12 227 147 144 128 17 23 153 87 234 104 36 182 75 134 178 230 202 173 173 242 75 0 69 55 169 162 151 4 186 82 170 142 87 34 24 212 235 166 26 102 186 199 30 0 182 91 65 3 138 217 245 144 131 21 140 97 155 99 61 24 80 24 45 252 113 136 223 254 149 207 83 78 103 172 174 80 34 161 32 148 177 179 192 223 127 186 158 47 6 72 113 157 217 50 32 246 27 122 149 138 22 14 27 149 139 59 163 209 10 127 176 64 78 157 229 207 149 186 93 164 119 48 179 142 91 233 5 80 14 196 179 84 172 101 193 116 105 239 64 30 149 248 96 15 86 129 41 168 255 115 90 102 29 226 106 99 168 113 165 15 208 240 166 244 38 122 154 148 102 86 32 100 41 187 53 14 141 152 223 147 88 205 138 20 144 232 101 75 36 38 110 152 20 240 193 150 212 20 122 161 212 200 70 240 31 224 248 45 184 10 103 132 148 239 172 123 207 243 5 251 22 208 71 33 112 164 97 13 153 231 98 55 113 12 210 211 150 90 204 141 211 161 200 153 106 245 138 154 56 160 146 47 15 154 195 133 58 170 20 113 41 47 51 98 13 101 130 123 97 214 37 129 15 18 146 144 224 142 245 12 25 11 47 138 165 11 242 215 75 19 43 32 31 132 62 91 253 175 242 36 97 142 19 1 171 164 105 125 106 6 85 45 25 244 153 186 80 100 60 24 45 204 173 140 121 236 18 71 89 200 254 61 223 212 57 102 104 250 46 204 85 187 107 148 213 205 221 15 177 35 106 140 103 133 255 34 172 101 34 40 243 225 232 253 53 90 171 123 107 91 152 147 41 120 141 145 53 190 6 90 199 144 66 177 145 203 188 156 124 34 66 107 153 131]",0xEA
52,11,"[73 188 73 188 73 188 73 188 73 188 73]",0x97
53,6,"[140 104 133 229 50 220]",0x5A
54,91,"[134 135 136 137 138 139 140 141 142 143 144 145 146 147 148 149 150 151 152 153 154 155 156 157 158 159 160 161 162 163 164 165 166 167 168 169 170 171 172 173 174 175 176 177 178 179 180 181 182 183 184 185 186 187 188 189 190 191 192 193 194 195 196 197 198 199 200 201 202 203 204 205 206 207 208 209 210 211 212 213 214 215 216 217 218 219 220 221 222 223 224]",0xFF
55,78,"[157 20 22 43 132 54 102 102 102 102 102 102 102 102 102 3 166 171 204 238 5 39 117 144 169 173 238 255 184 73 12 59 229 65 56 35 219 128 172 61 194 80 105 53 249 165 239 77 200 196 177 247 100 33 171 186 147 52 79 109 165 190 59 103 68 50 200 232 94 192 229 216 46 244 96 86 15 124]",0x13
56,3,"[224 77 219]",0xA2
57,789,"[176 177 178 179 180 181 182 183 184 185 186 187 188 189 190 191 192 193 194 195 196 197 198 199 200 201 202 203 204 205 206 207 208 209 210 211 212 213 214 215 216 217 218 219 220 221 222 223 224 225 226 227 228 229 230 231 232 233 234 235 236 237 238 239 240 241 242 243 244 245 246 247 248 249 250 251 252 253 254 255 0 1 2 3 4 5 6 7 8 9 10 11 12 13 14 15 16 17 18 19 20 21 22 23 24 25 26 27 28 29 30 31 32 33 34 35 36 37 38 39 40 41 42 43 44 45 46 47 48 49 50 51 52 53 54 55 56 57 58 59 60 61 62 63 64 65 66 67 68 69 70 71 72 73 74 75 76 77 78 79 80 81 82 83 84 85 86 87 88 89 90 91 92 93 94 95 96 97 98 99 100 101 102 103 104 105 106 107 108 109 110 111 112 113 114 115 116 117 118 119 120 121 122 123 124 125 126 127 128 129 130 131 132 133 134 135 136 137 138 139 140 141 142 143 144 145 146 147 148 149 150 151 152 153 154 155 156 157 158 159 160 161 162 163 164 165 166 167 168 169 170 171 172 173 174 175 176 177 178 179 180 181 182 183 184 185 186 187 188 189 190 191 192 193 194 195 196 197 198 199 200 201 202 203 204 205 206 207 208 209 210 211 212 213 214 215 216 217 218 219 220 221 222 223 224 225 226 227 228 229 230 231 232 233 234 235 236 237 238 239 240 241 242 243 244 245 246 247 248 249 250 251 252 253 254 255 0 1 2 3 4 5 6 7 8 9 10 11 12 13 14 15 16 17 18 19 20 21 22 23 24 25 26 27 28 29 30 31 32 33 34 35 36 37 38 39 40 41 42 43 44 45 46 47 48 49 50 51 52 53 54 55 56 57 58 59 60 61 62 63 64 65 66 67 68 69 70 71 72 73 74 75 76 77 78 79 80 81 82 83 84 85 86 87 88 89 90 91 92 93 94 95 96 97 98 99 100 101 102 103 104 105 106 107 108 109 110 111 112 113 114 115 116 117 118 119 120 121 122 123 124 125 126 127 128 129 130 131 132 133 134 135 136 137 138 139 140 141 142 143 144 145 146 147 148 149 150 151 152 153 154 155 156 157 158 159 160 161 162 163 164 165 166 167 168 169 170 171 172 173 174 175 176 177 178 179 180 181 182 183 184 185 186 187 188 189 190 191 192 193 194 195 196 197 198 199 200 201 202 203 204 205 206 207 208 209 210 211 212 213 214 215 216 217 218 219 220 221 222 223 224 225 226 227 228 229 230 231 232 233 234 235 236 237 238 239 240 241 242 243 244 245 246 247 248 249 250 251 252 253 254 255 0 1 2 3 4 5 6 7 8 9 10 11 12 13 14 15 16 17 18 19 20 21 22 23 24 25 26 27 28 29 30 31 32 33 34 35 36 37 38 39 40 41 42 43 44 45 46 47 48 49 50 51 52 53 54 55 56 57 58 59 60 61 62 63 64 65 66 67 68 69 70 71 72 73 74 75 76 77 78 79 80 81 82 83 84 85 86 87 88 89 90 91 92 93 94 95 96 97 98 99 100 101 102 103 104 105 106 107 108 109 110 111 112 113 114 115 116 117 118 119 120 121 122 123 124 125 126 127 128 129 130 131 132 133 134 135 136 137 138 139 140 141 142 143 144 145 146 147 148 149 150 151 152 153 154 155 156 157 158 159 160 161 162 163 164 165 166 167 168 169 170 171 172 173 174 175 176 177 178 179 180 181 182 183 184 185 186 187 188 189 190 191 192 193 194 195 196]",0xF2
58,715,"[165 130 30 165 130 30 165 130 30 165 130 30 165 130 30 165 130 30 165 130 30 165 130 30 165 130 30 165 130 30 165 130 30 165 130 30 165 130 30 165 130 30 165 130 30 165 130 30 165 130 30 165 130 30 165 130 30 165 130 30 165 130 30 165 130 30 165 130 30 165 130 30 165 130 30 165 130 30 165 130 30 165 130 30 165 130 30 165 130 30 165 130 30 165 130 30 165 130 30 165 130 30 165 130 30 165 130 30 165 130 30 165 130 30 165 130 30 165 130 30 165 130 30 165 130 30 165 130 30 165 130 30 165 130 30 165 130 30 165 130 30 165 130 30 165 130 30 165 130 30 165 130 30 165 130 30 165 130 30 165 130 30 165 130 30 165 130 30 165 130 30 165 130 30 165 130 30 165 130 30 165 130 30 165 130 30 165 130 30 165 130 30 165 130 30 165 130 30 165 130 30 165 130 30 165 130 30 165 130 30 165 130 30 165 130 30 165 130 30 165 130 30 165 130 30 165 130 30 165 130 30 165 130 30 165 130 30 165 130 30 165 130 30 165 130 30 165 130 30 165 130 30 165 130 30 165 130 30 165 130 30 165 130 30 165 130 30 165 130 30 165 130 30 165 130 30 165 130 30 165 130 30 165 130 30 165 130 30 165 130 30 165 130 30 165 130 30 165 130 30 165 130 30 165 130 30 165 130 30 165 130 30 165 130 30 165 130 30 165 130 30 165 130 30 165 130 30 165 130 30 165 130 30 165 130 30 165 130 30 165 130 30 165 130 30 165 130 30 165 130 30 165 130 30 165 130 30 165 130 30 165 130 30 165 130 30 165 130 30 165 130 30 165 130 30 165 130 30 165 130 30 165 130 30 165 130 30 165 130 30 165 130 30 165 130 30 165 130 30 165 130 30 165 130 30 165 130 30 165 130 30 165 130 30 165 130 30 165 130 30 165 130 30 165 130 30 165 130 30 165 130 30 165 130 30 165 130 30 165 130 30 165 130 30 165 130 30 165 130 30 165 130 30 165 130 30 165 130 30 165 130 30 165 130 30 165 130 30 165 130 30 165 130 30 165 130 30 165 130 30 165 130 30 165 130 30 165 130 30 165 130 30 165 130 30 165 130 30 165 130 30 165 130 30 165 130 30 165 130 30 165 130 30 165 130 30 165 130 30 165 130 30 165 130 30 165 130 30 165 130 30 165 130 30 165 130 30 165 130 30 165 130 30 165 130 30 165 130 30 165 130 30 165 130 30 165 130 30 165 130 30 165 130 30 165 130 30 165 130 30 165 130 30 165 130 30 165 130 30 165 130 30 165 130 30 165 130 30 165 130 30 165 130 30 165 130 30 165 130 30 165 130 30 165 130 30 165 130 30 165 130 30 165 130 30 165 130 30 165 130 30 165 130 30 165 130 30 165 130 30 165 130 30 165 130 30 165 130 30 165 130 30 165 130 30 165 130 30 165 130 30 165 130 30 165 130 30 165 130 30 165 130 30 165 130 30 165 130 30 165 130 30 165 130 30 165 130 30 165 130 30 165 130 30 165 130 30 165 130 30 165 130 30 165 130 30 165 130 30 165 130 30 165 130 30 165 130 30 165 130 30 165 130 30 165]",0x42
59,83,"[255 255 207 80 33 189 0 43 255 255 0 140 255 255 255 181 255 255 255 28 255 255 255 0 76 100 0 255 0 255 255 255 255 0 255 0 50 166 0 255 0 255 255 0 0 0 216 42 0 237 0 0 255 28 255 0 0 255 0 255 221 255 255 255 63 255 24 88 0 255 255 0 0 0 0 0 231 0 255 0 0 255 255]",0xBF
60,1,"48",0xBE
61,591,"[244 63 220 43 218 3 131 196 239 232 209 227 51 72 73 96 100 139 40 176 42 79 128 203 189 165 39 140 22 96 105 10 70 244 244 90 11 45 100 242 36 195 27 251 97 198 87 160 49 37 240 234 227 160 206 17 85 80 162 91 38 152 208 97 33 50 60 76 164 153 178 92 210 52 120 205 46 28 226 87 175 6 176 80 14 156 61 99 20 37 76 22 233 1 123 31 78 237 41 247 52 189 139 226 141 136 50 42 234 83 95 194 86 243 188 152 225 12 65 119 58 190 235 108 87 246 113 125 90 232 145 195 207 87 111 217 92 203 240 159 189 206 216 101 13 102 172 115 191 91 162 47 191 139 52 74 191 123 55 247 183 245 109 121 229 134 181 64 114 31 52 0 10 250 62 169 214 140 39 186 153 187 197 249 146 87 166 17 229 30 83 208 152 100 121 218 87 222 22 198 216 46 110 42 180 137 162 50 54 10 82 143 219 170 111 243 184 238 135 66 13 185 31 77 136 144 153 42 97 158 248 186 236 195 151 49 170 159 154 125 135 85 132 50 206 47 21 111 168 112 70 142 88 238 236 128 83 188 9 121 86 235 3 141 189 124 21 248 132 157 60 123 109 19 27 214 61 49 129 196 15 147 30 9 13 213 30 11 112 216 67 107 10 114 147 146 85 80 27 93 25 196 247 248 221 153 179 73 161 116 123 193 72 81 236 14 124 233 156 139 63 87 218 143 131 25 4 246 96 154 20 174 238 147 32 148 196 104 225 166 230 159 33 79 51 232 194 173 77 47 193 121 57 157 10 83 119 37 252 53 33 52 196 108 144 5 8 114 209 226 22 137 233 99 212 34 239 192 240 173 93 240 70 85 179 195 237 52 204 189 16 99 72 77 251 164 183 250 96 205 111 222 46 242 56 83 193 100 155 113 190 58 14 76 121 43 90 102 14 149 226 38 153 170 107 179 105 129 1 177 169 9 94 250 107 128 232 183 149 204 221 116 121 98 247 178 21 220 123 17 140 106 224 52 211 142 13 248 131 74 120 219 78 49 33 76 199 120 58 42 85 240 87 252 124 45 228 117 181 251 12 24 184 72 47 10 5 198 34 119 155 109 6 200 2 195 228 110 137 122 99 227 228 85 157 237 246 130 115 71 245 36 148 72 71 103 255 14 148 21 39 112 130 66 81 22 77 247 241 85 146 232 1 207 242 23 41 245 137 3 65 115 177 187 254 73 137 136 103 43 250 218 127 154 58 139 177 131 253 156 94 197 43 98 88 110 200 123 203 147 87 207 61 57 129 66 2 165 130 114 247 146 221 35 145 222 149 183 95 23 117]",0x0B
62,89,"[247 248 249 250 251 252 253 254 255 0 1 2 3 4 5 6 7 8 9 10 11 12 13 14 15 16 17 18 19 20 21 22 23 24 25 26 27 28 29 30 31 32 33 34 35 36 37 38 39 40 41 42 43 44 45 46 47 48 49 50 51 52 53 54 55 56 57 58 59 60 61 62 63 64 65 66 67 68 69 70 71 72 73 74 75 76 77 78 79]",0x4A
63,323,"[247 113 82 134 247 113 82 134 247 113 82 134 247 113 82 134 247 113 82 134 247 113 82 134 247 113 82 134 247 113 82 134 247 113 82 134 247 113 82 134 247 113 82 134 247 113 82 134 247 113 82 134 247 113 82 134 247 113 82 134 247 113 82 134 247 113 82 134 247 113 82 134 247 113 82 134 247 113 82 134 247 113 82 134 247 113 82 134 247 113 82 134 247 113 82 134 247 113 82 134 247 113 82 134 247 113 82 134 247 113 82 134 247 113 82 134 247 113 82 134 247 113 82 134 247 113 82 134 247 113 82 134 247 113 82 134 247 113 82 134 247 113 82 134 247 113 82 134 247 113 82 134 247 113 82 134 247 113 82 134 247 113 82 134 247 113 82 134 247 113 82 134 247 113 82 134 247 113 82 134 247 113 82 134 247 113 82 134 247 113 82 134 247 113 82 134 247 113 82 134 247 113 82 134 247 113 82 134 247 113 82 134 247 113 82 134 247 113 82 134 247 113 82 134 247 113 82 134 247 113 82 134 247 113 82 134 247 113 82 134 247 113 82 134 247 113 82 134 247 113 82 134 247 113 82 134 247 113 82 134 247 113 82 134 247 113 82 134 247 113 82 134 247 113 82 134 247 113 82 134 247 113 82 134 247 113 82 134 247 113 82 134 247 113 82 134 247 113 82 134 247 113 82 134 247 113 82 134 247 113 82 134 247 113 82 134 247 113 82 134 247 113 82]",0x7B
64,347,"[13 12 11 10 9 8 7 6 5 4 3 2 1 0 255 254 253 252 251 250 249 248 247 246 245 244 243 242 241 240 239 238 237 236 235 234 233 232 231 230 229 228 227 226 225 224 223 222 221 220 219 218 217 216 215 214 213 212 211 210 209 208 207 206 205 204 203 202 201 200 199 198 197 196 195 194 193 192 191 190 189 188 187 186 185 184 183 182 181 180 179 178 177 176 175 174 173 172 171 170 169 168 167 166 165 164 163 162 161 160 159 158 157 156 155 154 153 152 151 150 149 148 147 146 145 144 143 142 141 140 139 138 137 136 135 134 133 132 131 130 129 128 127 126 125 124 123 122 121 120 119 118 117 116 115 114 113 112 111 110 109 108 107 106 105 104 103 102 101 100 99 98 97 96 95 94 93 92 91 90 89 88 87 86 85 84 83 82 81 80 79 78 77 76 75 74 73 72 71 70 69 68 67 66 65 64 63 62 61 60 59 58 57 56 55 54 53 52 51 50 49 48 47 46 45 44 43 42 41 40 39 38 37 36 35 34 33 32 31 30 29 28 27 26 25 24 23 22 21 20 19 18 17 16 15 14 13 12 11 10 9 8 7 6 5 4 3 2 1 0 255 254 253 252 251 250 249 248 247 246 245 244 243 242 241 240 239 238 237 236 235 234 233 232 231 230 229 228 227 226 225 224 223 222 221 220 219 218 217 216 215 214 213 212 211 210 209 208 207 206 205 204 203 202 201 200 199 198 197 196 195 194 193 192 191 190 189 188 187 186 185 184 183 182 181 180 179]",0xEB
65,4,"[125 82 125 82]",0x59
66,4,"[174 155 173 16]",0xAF
67,77,"[215 216 217 218 219 220 221 222 223 224 225 226 227 228 229 230 231 232 233 234 235 236 237 238 239 240 241 242 243 244 245 246 247 248 249 250 251 252 253 254 255 0 1 2 3 4 5 6 7 8 9 10 11 12 13 14 15 16 17 18 19 20 21 22 23 24 25 26 27 28 29 30 31 32 33 34 35]",0xF9
68,9,"[55 34 55 34 55 34 55 34 55]",0xBA
69,166,"[89 90 91 92 93 94 95 96 97 98 99 100 101 102 103 104 105 106 107 108 109 110 111 112 113 114 115 116 117 118 119 120 121 122 123 124 125 126 127 128 129 130 131 132 133 134 135 136 137 138 139 140 141 142 143 144 145 146 147 148 149 150 151 152 153 154 155 156 157 158 159 160 161 162 163 164 165 166 167 168 169 170 171 172 173 174 175 176 177 178 179 180 181 182 183 184 185 186 187 188 189 190 191 192 193 194 195 196 197 198 199 200 201 202 203 204 205 206 207 208 209 210 211 212 213 214 215 216 217 218 219 220 221 222 223 224 225 226 227 228 229 230 231 232 233 234 235 236 237 238 239 240 241 242 243 244 245 246 247 248 249 250 251 252 253 254]",0x32
70,591,"[74 75 76 77 78 79 80 81 82 83 84 85 86 87 88 89 90 91 92 93 94 95 96 97 98 99 100 101 102 103 104 105 106 107 108 109 110 111 112 113 114 115 116 117 118 119 120 121 122 123 124 125 126 127 128 129 130 131 132 133 134 135 136 137 138 139 140 141 142 143 144 145 146 147 148 149 150 151 152 153 154 155 156 157 158 159 160 161 162 163 164 165 166 167 168 169 170 171 172 173 174 175 176 177 178 179 180 181 182 183 184 185 186 187 188 189 190 191 192 193 194 195 196 197 198 199 200 201 202 203 204 205 206 207 208 209 210 211 212 213 214 215 216 217 218 219 220 221 222 223 224 225 226 227 228 229 230 231 232 233 234 235 236 237 238 239 240 241 242 243 244 245 246 247 248 249 250 251 252 253 254 255 0 1 2 3 4 5 6 7 8 9 10 11 12 13 14 15 16 17 18 19 20 21 22 23 24 25 26 27 28 29 30 31 32 33 34 35 36 37 38 39 40 41 42 43 44 45 46 47 48 49 50 51 52 53 54 55 56 57 58 59 60 61 62 63 64 65 66 67 68 69 70 71 72 73 74 75 76 77 78 79 80 81 82 83 84 85 86 87 88 89 90 91 92 93 94 95 96 97 98 99 100 101 102 103 104 105 106 107 108 109 110 111 112 113 114 115 116 117 118 119 120 121 122 123 124 125 126 127 128 129 130 131 132 133 134 135 136 137 138 139 140 141 142 143 144 145 146 147 148 149 150 151 152 153 154 155 156 157 158 159 160 161 162 163 164 165 166 167 168 169 170 171 172 173 174 175 176 177 178 179 180 181 182 183 184 185 186 187 188 189 190 191 192 193 194 195 196 197 198 199 200 201 202 203 204 205 206 207 208 209 210 211 212 213 214 215 216 217 218 219 220 221 222 223 224 225 226 227 228 229 230 231 232 233 234 235 236 237 238 239 240 241 242 243 244 245 246 247 248 249 250 251 252 253 254 255 0 1 2 3 4 5 6 7 8 9 10 11 12 13 14 15 16 17 18 19 20 21 22 23 24 25 26 27 28 29 30 31 32 33 34 35 36 37 38 39 40 41 42 43 44 45 46 47 48 49 50 51 52 53 54 55 56 57 58 59 60 61 62 63 64 65 66 67 68 69 70 71 72 73 74 75 76 77 78 79 80 81 82 83 84 85 86 87 88 89 90 91 92 93 94 95 96 97 98 99 100 101 102 103 104 105 106 107 108 109 110 111 112 113 114 115 116 117 118 119 120 121 122 123 124 125 126 127 128 129 130 131 132 133 134 135 136 137 138 139 140 141 142 143 144 145 146 147 148 149 150 151 152]",0xBB
71,30,"[180 55 180 55 180 55 180 55 180 55 180 55 180 55 180 55 180 55 180 55 180 55 180 55 180 55 180 55 180 55]",0xCB
72,46,"[80 15 179 2 104 84 177 77 207 114 177 252 57 156 234 40 145 70 121 85 148 145 161 132 13 59 125 79 129 130 131 132 133 134 135 136 66 66 66 66 66 66 66 66 34 237]",0xB3
73,737,"[198 206 196 29 164 213 147 165 117 135 8 163 20 111 74 139 34 177 203 41 26 37 224 135 119 27 166 222 212 160 19 28 12 65 34 66 98 241 156 213 181 28 188 70 163 87 255 67 71 238 6 178 185 214 249 249 16 210 165 165 32 166 251 233 112 10 92 211 179 117 14 109 120 237 164 79 134 16 248 92 122 90 174 169 183 68 80 32 167 10 153 222 228 114 117 19 171 210 62 107 214 224 62 140 49 26 233 210 194 12 215 112 87 139 23 193 149 47 48 47 14 150 215 4 12 146 209 83 89 152 70 6 188 160 148 189 172 52 90 32 33 173 219 246 160 47 27 208 148 158 200 180 213 14 191 217 73 163 80 245 8 148 42 182 45 60 126 234 54 36 194 128 233 37 165 59 40 174 151 193 79 114 103 251 74 75 90 144 64 234 68 229 26 168 232 43 247 115 242 173 77 48 77 23 36 26 108 203 36 33 164 50 24 42 236 210 90 167 137 173 174 160 68 9 116 228 145 213 253 41 177 172 250 252 175 62 204 27 199 233 98 161 110 112 79 195 239 240 44 223 188 64 17 68 233 162 184 65 184 7 96 160 37 210 60 166 103 152 27 4 232 69 209 255 54 67 169 247 234 128 203 34 250 246 41 76 25 69 208 96 22 87 251 161 106 42 252 210 72 17 14 30 148 237 127 215 114 181 187 44 92 163 18 92 136 255 121 208 110 203 152 226 105 154 161 106 36 23 4 223 60 54 188 81 129 41 245 218 221 104 195 36 2 5 150 116 132 1 108 183 113 187 59 208 150 53 60 160 212 106 66 221 171 114 124 52 160 91 254 122 124 144 234 205 115 183 150 126 49 118 62 234 85 243 136 161 138 33 96 25 159 114 199 56 42 104 237 181 107 132 21 252 170 73 149 28 247 44 165 62 183 198 172 157 228 20 84 63 252 99 187 175 54 61 72 105 59 5 225 247 87 86 1 174 211 37 40 202 157 11 159 79 94 197 207 102 242 104 197 123 229 232 22 239 211 202 51 206 217 74 243 12 38 137 147 165 4 245 11 36 3 145 238 170 210 3 138 117 127 18 175 128 195 124 38 165 44 223 156 40 246 132 18 160 64 205 209 250 128 116 192 33 140 139 22 107 218 219 25 23 67 223 32 184 25 159 91 201 59 163 60 182 223 32 221 151 32 109 41 179 194 27 129 208 239 131 243 137 100 217 126 120 125 216 212 103 85 125 146 61 203 124 85 27 61 243 78 43 117 78 9 82 139 141 91 114 247 96 66 62 117 194 52 181 5 107 198 86 144 52 189 13 218 50 223 90 185 81 231 32 45 126 20 50 241 249 96 236 139 69 179 168 253 67 172 13 29 1 255 205 201 130 76 38 72 96 193 138 19 4 26 105 238 163 205 119 92 27 224 200 43 131 124 160 242 148 138 12 16 47 8 190 185 34 214 39 77 63 95 65 125 104 252 14 36 13 160 13 214 131 134 143 43 50 81 151 53 29 248 5 205 201 76 34 37 178 164 200 239 177 39 62 215 53 18 180 103 235 166 23 242 66 86 102 13 127 31 102 89 197 205 39 93 95 38 204 181 48 93 27 160 31 252 199 99 148 233 141 44 96 215 164 166 221 228 235 24 139 189 193 155 42 204 184 22 118 44]",0x00
74,12,"[140 158 140 158 140 158 140 158 140 158 140 158]",0x1D
75,853,"[30 31 32 33 34 35 36 37 38 39 40 41 42 43 44 45 46 47 48 49 50 51 52 53 54 55 56 57 58 59 60 61 62 63 64 65 66 67 68 69 70 71 72 73 74 75 76 77 78 79 80 81 82 83 84 85 86 87 88 89 90 91 92 93 94 95 96 97 98 99 100 101 102 103 104 105 106 107 108 109 110 111 112 113 114 115 116 117 118 119 120 121 122 123 124 125 126 127 128 129 130 131 132 133 134 135 136 137 138 139 140 141 142 143 144 145 146 147 148 149 150 151 152 153 154 155 156 157 158 159 160 161 162 163 164 165 166 167 168 169 170 171 172 173 174 175 176 177 178 179 180 181 182 183 184 185 186 187 188 189 190 191 192 193 194 195 196 197 198 199 200 201 202 203 204 205 206 207 208 209 210 211 212 213 214 215 216 217 218 219 220 221 222 223 224 225 226 227 228 229 230 231 232 233 234 235 236 237 238 239 240 241 242 243 244 245 246 247 248 249 250 251 252 253 254 255 0 1 2 3 4 5 6 7 8 9 10 11 12 13 14 15 16 17 18 19 20 21 22 23 24 25 26 27 28 29 30 31 32 33 34 35 36 37 38 39 40 41 42 43 44 45 46 47 48 49 50 51 52 53 54 55 56 57 58 59 60 61 62 63 64 65 66 67 68 69 70 71 72 73 74 75 76 77 78 79 80 81 82 83 84 85 86 87 88 89 90 91 92 93 94 95 96 97 98 99 100 101 102 103 104 105 106 107 108 109 110 111 112 113 114 115 116 117 118 119 120 121 122 123 124 125 126 127 128 129 130 131 132 133 134 135 136 137 138 139 140 141 142 143 144 145 146 147 148 149 150 151 152 153 154 155 156 157 158 159 160 161 162 163 164 165 166 167 168 169 170 171 172 173 174 175 176 177 178 179 180 181 182 183 184 185 186 187 188 189 190 191 192 193 194 195 196 197 198 199 200 201 202 203 204 205 206 207 208 209 210 211 212 213 214 215 216 217 218 219 220 221 222 223 224 225 226 227 228 229 230 231 232 233 234 235 236 237 238 239 240 241 242 243 244 245 246 247 248 249 250 251 252 253 254 255 0 1 2 3 4 5 6 7 8 9 10 11 12 13 14 15 16 17 18 19 20 21 22 23 24 25 26 27 28 29 30 31 32 33 34 35 36 37 38 39 40 41 42 43 44 45 46 47 48 49 50 51 52 53 54 55 56 57 58 59 60 61 62 63 64 65 66 67 68 69 70 71 72 73 74 75 76 77 78 79 80 81 82 83 84 85 86 87 88 89 90 91 92 93 94 95 96 97 98 99 100 101 102 103 104 105 106 107 108 109 110 111 112 113 114 115 116 117 118 119 120 121 122 123 124 125 126 127 128 129 130 131 132 133 134 135 136 137 138 139 140 141 142 143 144 145 146 147 148 149 150 151 152 153 154 155 156 157 158 159 160 161 162 163 164 165 166 167 168 169 170 171 172 173 174 175 176 177 178 179 180 181 182 183 184 185 186 187 188 189 190 191 192 193 194 195 196 197 198 199 200 201 202 203 204 205 206 207 208 209 210 211 212 213 214 215 216 217 218 219 220 221 222 223 224 225 226 227 228 229 230 231 232 233 234 235 236 237 238 239 240 241 242 243 244 245 246 247 248 249 250 251 252 253 254 255 0 1 2 3 4 5 6 7 8 9 10 11 12 13 14 15 16 17 18 19 20 21 22 23 24 25 26 27 28 29 30 31 32 33 34 35 36 37 38 39 40 41 42 43 44 45 46 47 48 49 50 51 52 53 54 55 56 57 58 59 60 61 62 63 64 65 66 67 68 69 70 71 72 73 74 75 76 77 78 79 80 81 82 83 84 85 86 87 88 89 90 91 92 93 94 95 96 97 98 99 100 101 102 103 104 105 106 107 108 109 110 111 112 113 114]",0xD1
76,241,"[167 65 93 215 49 211 144 195 182 53 145 222 110 247 115 36 99 243 81 222 225 89 21 185 79 200 113 199 97 113 96 94 134 207 92 134 171 68 71 238 185 147 165 7 158 130 139 92 20 49 243 104 119 13 9 183 137 130 62 190 43 48 117 73 63 165 166 211 106 18 70 250 152 181 1 132 9 145 235 247 117 241 172 16 119 120 121 122 123 124 125 126 127 128 129 130 131 132 133 134 135 136 149 91 42 128 212 169 86 239 233 53 10 189 211 247 227 153 135 7 63 117 160 142 190 71 144 22 105 192 177 253 71 127 84 112 219 225 52 223 15 227 84 80 131 240 12 90 219 101 50 108 98 234 195 129 119 14 67 111 40 242 196 68 151 184 240 225 131 198 143 141 29 32 135 68 5 185 8 152 138 248 123 16 141 215 255 110 81 232 48 157 103 10 88 67 175 242 68 207 14 137 18 239 196 168 210 248 182 236 132 135 32 151 123 159 2 49 125 243 98 108 182 154 76 105 55 247 33 95 6 56 199 51 20 121 2 21 206 197 234]",0x14
77,715,"[200 216 204 130 59 216 186 251 39 57 54 202 47 17 255 6 213 93 215 141 230 237 2 19 64 171 227 117 155 48 206 247 68 126 22 143 128 36 113 85 133 149 2 194 182 93 13 193 244 61 82 47 147 39 91 178 143 98 107 143 1 20 225 19 180 235 69 94 145 225 241 189 22 171 105 120 12 48 202 116 77 98 218 191 69 30 64 235 148 136 152 93 206 133 29 33 137 239 78 222 195 63 9 26 186 51 95 128 185 28 104 124 138 209 43 206 177 142 179 105 35 170 134 163 86 232 150 21 115 193 203 126 229 68 105 230 229 175 219 22 221 82 45 61 106 64 82 34 75 146 113 88 191 228 193 84 190 38 33 88 206 63 16 33 219 162 64 142 135 167 59 221 79 177 4 95 90 139 18 202 55 173 205 143 189 169 91 207 75 146 190 97 77 117 209 238 139 169 231 25 59 181 210 219 106 22 112 59 74 197 19 211 109 152 22 86 22 246 206 117 57 238 88 41 144 241 0 60 240 43 28 145 220 122 254 173 18 254 104 73 142 77 22 0 115 214 146 255 73 71 40 42 73 202 231 249 59 225 84 28 222 162 42 110 73 188 116 253 14 90 123 128 80 186 223 240 206 217 140 211 77 102 81 119 73 246 80 25 134 14 28 56 118 110 204 189 109 85 81 198 13 3 203 122 33 60 238 220 181 123 133 249 247 55 207 50 54 173 103 238 22 130 235 231 40 93 158 40 247 234 42 31 21 232 49 106 114 153 18 58 238 232 200 4 83 160 70 232 162 18 232 245 19 136 77 100 45 147 245 128 21 158 87 219 111 49 48 196 67 196 52 82 119 241 238 52 91 38 130 117 230 238 98 125 229 206 0 81 107 58 51 9 164 67 13 59 205 217 123 106 250 51 55 74 44 97 233 157 105 239 12 53 144 157 10 103 166 178 163 82 23 109 32 242 121 81 196 127 79 207 221 172 12 144 195 34 58 225 5 192 121 114 1 209 92 138 173 179 244 136 102 244 164 76 32 215 92 169 120 50 154 15 105 139 111 191 211 197 9 49 137 239 213 215 77 109 120 40 7 242 61 61 21 237 148 170 233 88 159 9 47 212 196 89 96 136 0 61 53 64 206 71 49 129 221 61 20 91 191 140 209 245 202 154 126 10 251 98 38 170 72 149 150 114 214 67 114 137 169 200 101 165 38 238 98 186 5 52 124 224 134 238 123 125 30 205 63 230 233 241 133 173 199 33 153 8 127 39 46 93 110 159 19 128 46 146 163 142 189 85 195 110 123 165 4 167 158 79 21 23 236 176 32 91 151 213 11 60 227 2 51 245 157 66 17 7 62 225 106 184 235 104 48 132 232 205 16 177 146 232 31 136 225 104 123 18 71 83 241 72 117 171 41 124 189 221 160 171 32 242 33 198 67 238 184 192 56 113 158 197 26 246 227 69 210 132 118 80 148 186 105 161 179 182 13 220 117 67 61 123 227 96 191 24 121 253 197 53 128 59 104 199 197 58 236 151 97 128 154 143 124 129 45 208 138 33 196 238 242 94 34 132 28 239 46 64 104 98 203 116 43 68 130 37 156 144 182 240 233 242 62 33 77 229 248]",0xDA
78,200,"[156 169 111 209 231 30 136 72 12 171 220 41 207 218 234 67 231 82 141 12 11 184 113 65 48 171 0 206 20 49 98 124 90 82 246 164 5 110 224 77 24 194 155 146 13 35 159 53 129 139 72 242 215 184 19 27 126 41 250 40 124 93 163 33 110 227 227 227 227 227 227 227 233 213 76 202 7 247 134 77 92 16 253 10 167 113 242 62 136 123 179 17 49 54 188 48 146 55 220 241 132 90 59 12 68 167 136 241 101 177 125 131 68 116 120 180 240 84 10 127 139 43 194 252 242 50 224 180 116 138 217 122 95 126 148 48 230 172 162 25 154 30 20 134 103 150 22 110 44 252 175 83 24 249 73 108 166 6 207 137 71 15 41 229 175 63 16 176 146 103 93 55 171 248 44 152 108 114 65 211 124 139 78 46 21 182 50 176 99 106 120 94 25 79 169 170 73 117 49 53]",0xB6
79,9,"[58 59 60 61 62 63 64 65 66]",0x1E
80,22,"[38 37 36 35 34 33 32 31 30 29 28 27 26 25 24 23 22 21 20 19 18 17]",0xBA
81,7,"[142 65 166 142 65 166 142]",0x84
82,6,"[68 154 68 154 68 154]",0xC0
83,1000,"[103 104 105 106 107 108 109 110 111 112 113 114 115 116 117 118 119 120 121 122 123 124 125 126 127 128 129 130 131 132 133 134 135 136 137 138 139 140 141 142 143 144 145 146 147 148 149 150 151 152 153 154 155 156 157 158 159 160 161 162 163 164 165 166 167 168 169 170 171 172 173 174 175 176 177 178 179 180 181 182 183 184 185 186 187 188 189 190 191 192 193 194 195 196 197 198 199 200 201 202 203 204 205 206 207 208 209 210 211 212 213 214 215 216 217 218 219 220 221 222 223 224 225 226 227 228 229 230 231 232 233 234 235 236 237 238 239 240 241 242 243 244 245 246 247 248 249 250 251 252 253 254 255 0 1 2 3 4 5 6 7 8 9 10 11 12 13 14 15 16 17 18 19 20 21 22 23 24 25 26 27 28 29 30 31 32 33 34 35 36 37 38 39 40 41 42 43 44 45 46 47 48 49 50 51 52 53 54 55 56 57 58 59 60 61 62 63 64 65 66 67 68 69 70 71 72 73 74 75 76 77 78 79 80 81 82 83 84 85 86 87 88 89 90 91 92 93 94 95 96 97 98 99 100 101 102 103 104 105 106 107 108 109 110 111 112 113 114 115 116 117 118 119 120 121 122 123 124 125 126 127 128 129 130 131 132 133 134 135 136 137 138 139 140 141 142 143 144 145 146 147 148 149 150 151 152 153 154 155 156 157 158 159 160 161 162 163 164 165 166 167 168 169 170 171 172 173 174 175 176 177 178 179 180 181 182 183 184 185 186 187 188 189 190 191 192 193 194 195 196 197 198 199 200 201 202 203 204 205 206 207 208 209 210 211 212 213 214 215 216 217 218 219 220 221 222 223 224 225 226 227 228 229 230 231 232 233 234 235 236 237 238 239 240 241 242 243 244 245 246 247 248 249 250 251 252 253 254 255 0 1 2 3 4 5 6 7 8 9 10 11 12 13 14 15 16 17 18 19 20 21 22 23 24 25 26 27 28 29 30 31 32 33 34 35 36 37 38 39 40 41 42 43 44 45 46 47 48 49 50 51 52 53 54 55 56 57 58 59 60 61 62 63 64 65 66 67 68 69 70 71 72 73 74 75 76 77 78 79 80 81 82 83 84 85 86 87 88 89 90 91 92 93 94 95 96 97 98 99 100 101 102 103 104 105 106 107 108 109 110 111 112 113 114 115 116 117 118 119 120 121 122 123 124 125 126 127 128 129 130 131 132 133 134 135 136 137 138 139 140 141 142 143 144 145 146 147 148 149 150 151 152 153 154 155 156 157 158 159 160 161 162 163 164 165 166 167 168 169 170 171 172 173 174 175 176 177 178 179 180 181 182 183 184 185 186 187 188 189 190 191 192 193 194 195 196 197 198 199 200 201 202 203 204 205 206 207 208 209 210 211 212 213 214 215 216 217 218 219 220 221 222 223 224 225 226 227 228 229 230 231 232 233 234 235 236 237 238 239 240 241 242 243 244 245 246 247 248 249 250 251 252 253 254 255 0 1 2 3 4 5 6 7 8 9 10 11 12 13 14 15 16 17 18 19 20 21 22 23 24 25 26 27 28 29 30 31 32 33 34 35 36 37 38 39 40 41 42 43 44 45 46 47 48 49 50 51 52 53 54 55 56 57 58 59 60 61 62 63 64 65 66 67 68 69 70 71 72 73 74 75 76 77 78 79 80 81 82 83 84 85 86 87 88 89 90 91 92 93 94 95 96 97 98 99 100 101 102 103 104 105 106 107 108 109 110 111 112 113 114 115 116 117 118 119 120 121 122 123 124 125 126 127 128 129 130 131 132 133 134 135 136 137 138 139 140 141 142 143 144 145 146 147 148 149 150 151 152 153 154 155 156 157 158 159 160 161 162 163 164 165 166 167 168 169 170 171 172 173 174 175 176 177 178 179 180 181 182 183 184 185 186 187 188 189 190 191 192 193 194 195 196 197 198 199 200 201 202 203 204 205 206 207 208 209 210 211 212 213 214 215 216 217 218 219 220 221 222 223 224 225 226 227 228 229 230 231 232 233 234 235 236 237 238 239 240 241 242 243 244 245 246 247 248 249 250 251 252 253 254 255 0 1 2 3 4 5 6 7 8 9 10 11 12 13 14 15 16 17 18 19 20 21 22 23 24 25 26 27 28 29 30 31 32 33 34 35 36 37 38 39 40 41 42 43 44 45 46 47 48 49 50 51 52 53 54 55 56 57 58 59 60 61 62 63 64 65 66 67 68 69 70 71 72 73 74 75 76 77 78]",0x18
84,34,"[94 233 94 233 94 233 94 233 94 233 94 233 94 233 94 233 94 233 94 233 94 233 94 233 94 233 94 233 94 233 94 233 94 233]",0x96
85,44,"[214 166 214 166 214 166 214 166 214 166 214 166 214 166 214 166 214 166 214 166 214 166 214 166 214 166 214 166 214 166 214 166 214 166 214 166 214 166 214 166 214 166 214 166]",0xCC
86,401,"[255 0 255 255 0 0 0 0 153 27 0 255 0 54 255 32 255 106 255 214 5 255 73 255 0 255 90 255 255 0 0 255 201 0 0 255 42 255 255 242 255 255 0 255 188 0 128 235 255 0 0 2 255 234 171 0 255 0 133 0 185 30 53 255 255 255 81 0 0 0 255 0 0 248 255 0 255 255 255 125 0 170 0 0 0 0 0 255 0 0 0 192 183 0 0 255 0 255 255 255 255 255 255 18 255 255 0 191 0 18 65 255 0 0 255 165 0 255 137 8 0 0 57 109 141 1 231 0 255 255 0 22 255 255 255 255 0 0 77 0 0 0 67 228 255 0 168 0 0 128 63 0 0 229 0 255 255 0 6 255 0 255 255 0 0 255 0 255 65 0 0 0 0 231 0 0 115 241 255 0 0 40 255 0 145 0 255 255 0 0 255 0 0 0 0 0 0 49 0 255 255 137 255 255 0 255 26 53 0 0 255 0 180 0 147 0 11 33 101 255 255 0 255 0 255 45 255 255 197 255 152 0 255 0 0 255 0 255 238 255 255 255 255 38 255 0 255 0 0 251 0 132 255 187 51 255 0 200 255 167 0 0 0 255 255 0 145 255 255 255 255 255 121 0 127 205 0 255 255 90 0 255 0 88 250 0 115 255 255 0 255 255 0 0 255 255 255 0 0 0 255 255 255 0 0 0 255 255 13 220 255 136 21 0 255 99 255 0 255 127 255 0 255 0 0 0 0 0 222 255 255 255 0 137 0 165 255 0 82 255 26 203 255 0 246 0 0 0 0 255 124 255 0 10 0 0 73 0 133 255 0 0 255 255 0 255 255 0 0 0 4 0 255 0 223 0 89 0 255 0 255 0 255 161 255 0 0 0 255 235 2 0 64 157 21 255 255 255 255 0 0]",0x8B
87,57,"[157 156 155 154 153 152 151 150 149 148 147 146 145 144 143 142 141 140 139 138 137 136 135 134 133 132 131 130 129 128 127 126 125 124 123 122 121 120 119 118 117 116 115 114 113 112 111 110 109 108 107 106 105 104 103 102 101]",0x50
88,46,"[85 249 223 84 150 216 112 4 19 130 248 177 18 48 197 215 158 164 7 212 201 66 181 55 10 51 45 86 107 130 122 69 7 154 101 76 221 191 219 126 33 178 52 112 16 211]",0x2A
89,10,"[255 255 255 255 0 210 0 255 207 0]",0x03
90,848,"[218 140 50 81 72 135 13 40 208 33 59 116 132 195 114 202 158 28 40 111 101 190 148 99 43 58 147 108 131 43 169 218 66 125 249 85 152 23 155 22 245 183 201 180 150 115 219 244 127 238 149 137 116 53 0 61 130 97 114 251 89 115 34 12 198 146 194 38 146 64 58 2 33 79 29 252 79 33 50 150 16 220 246 63 115 5 164 105 69 52 167 106 45 176 144 219 30 201 172 29 177 113 241 36 164 97 244 84 246 230 69 205 254 64 111 133 75 3 56 72 113 43 223 180 21 166 167 244 0 63 237 238 184 196 23 131 59 46 207 34 119 240 47 250 254 142 43 80 108 79 71 248 39 187 0 152 234 73 47 166 182 176 81 64 244 236 117 216 115 108 40 109 137 5 113 200 174 162 232 4 142 201 138 82 34 227 120 224 149 172 205 168 101 131 205 95 99 24 234 23 165 105 103 173 17 151 197 212 43 229 167 225 124 138 235 230 114 70 100 99 73 68 220 17 173 44 88 15 69 196 226 56 118 120 223 195 131 171 216 2 103 232 189 138 135 89 133 167 107 182 220 39 115 104 175 63 163 224 107 233 254 27 59 243 245 25 3 41 254 46 128 217 5 154 70 220 72 175 172 56 8 104 74 207 204 116 155 154 211 108 70 67 137 114 112 23 183 54 50 105 58 149 95 114 137 52 39 225 111 105 9 127 141 143 180 45 64 207 242 34 127 54 15 83 36 181 136 36 2 206 45 155 86 149 80 22 57 48 109 168 67 3 132 155 246 150 120 146 237 212 82 60 67 129 190 128 17 185 206 74 170 109 227 216 134 177 226 126 80 192 56 99 221 185 103 54 91 72 45 190 64 116 98 251 100 20 22 151 153 107 110 13 132 129 38 26 31 25 156 50 64 44 245 218 59 83 53 125 5 171 133 230 42 205 202 32 102 43 65 67 142 105 242 32 249 59 197 86 36 219 79 168 145 120 126 187 22 171 229 14 36 183 111 103 35 129 32 122 195 66 123 253 175 215 106 196 10 31 51 102 216 88 167 181 150 91 147 87 21 254 32 18 224 77 166 84 100 67 87 105 184 130 241 10 128 149 235 12 146 218 61 224 4 187 238 168 112 11 235 120 7 176 123 31 54 16 147 159 129 209 220 157 3 177 107 144 166 89 234 34 171 1 236 28 24 85 95 54 149 113 8 81 207 176 185 178 79 25 69 212 251 126 2 35 82 148 19 241 93 233 199 193 155 160 163 160 141 252 187 198 223 55 21 123 131 212 113 146 134 9 157 211 40 152 151 42 31 250 100 58 43 170 156 164 22 228 99 80 118 99 221 237 77 221 200 238 62 147 70 210 1 144 86 82 165 217 155 218 67 132 115 2 142 169 151 188 146 17 29 152 70 20 109 141 84 184 164 85 193 166 163 141 2 178 96 241 209 150 64 52 87 122 75 131 42 250 27 238 233 134 185 111 161 87 77 148 127 148 73 93 21 13 64 19 26 208 9 168 69 223 124 78 132 97 144 29 255 108 89 181 93 213 116 184 27 216 188 54 37 80 249 65 116 7 101 146 243 132 209 140 10 80 147 243 219 58 56 51 236 218 198 100 129 118 64 129 7 33 226 192 108 132 94 189 200 195 184 52 86 120 84 193 84 35 102 250 57 156 110 18 124 179 131 223 73 22 239 96 147 202 83 183 34 74 37 207 56 183 241 135 138 118 83 121 154 252 240 220 227 119 168 229 100 246 106 153 181 243 62 191 133 68 198 141 169 82 123 158 103 50 246 130 187 105 90 104 104 139 139 127 34 126 43 32 238 154 168 102 232 163 196 94 245 210 218 44 69 73 69 218 8 19 70 51 59 204 144 1 109 104 29 173 179 184 186 0 244 208 231 4 239 207 214 23 189 245 173 146]",0xF0
91,499,"[121 122 123 124 125 126 127 128 129 130 131 132 133 134 135 136 137 138 139 140 141 142 143 144 145 146 147 148 149 150 151 152 153 154 155 156 157 158 159 160 161 162 163 164 165 166 167 168 169 170 171 172 173 174 175 176 177 178 179 180 181 182 183 184 185 186 187 188 189 190 191 192 193 194 195 196 197 198 199 200 201 202 203 204 205 206 207 208 209 210 211 212 213 214 215 216 217 218 219 220 221 222 223 224 225 226 227 228 229 230 231 232 233 234 235 236 237 238 239 240 241 242 243 244 245 246 247 248 249 250 251 252 253 254 255 0 1 2 3 4 5 6 7 8 9 10 11 12 13 14 15 16 17 18 19 20 21 22 23 24 25 26 27 28 29 30 31 32 33 34 35 36 37 38 39 40 41 42 43 44 45 46 47 48 49 50 51 52 53 54 55 56 57 58 59 60 61 62 63 64 65 66 67 68 69 70 71 72 73 74 75 76 77 78 79 80 81 82 83 84 85 86 87 88 89 90 91 92 93 94 95 96 97 98 99 100 101 102 103 104 105 106 107 108 109 110 111 112 113 114 115 116 117 118 119 120 121 122 123 124 125 126 127 128 129 130 131 132 133 134 135 136 137 138 139 140 141 142 143 144 145 146 147 148 149 150 151 152 153 154 155 156 157 158 159 160 161 162 163 164 165 166 167 168 169 170 171 172 173 174 175 176 177 178 179 180 181 182 183 184 185 186 187 188 189 190 191 192 193 194 195 196 197 198 199 200 201 202 203 204 205 206 207 208 209 210 211 212 213 214 215 216 217 218 219 220 221 222 223 224 225 226 227 228 229 230 231 232 233 234 235 236 237 238 239 240 241 242 243 244 245 246 247 248 249 250 251 252 253 254 255 0 1 2 3 4 5 6 7 8 9 10 11 12 13 14 15 16 17 18 19 20 21 22 23 24 25 26 27 28 29 30 31 32 33 34 35 36 37 38 39 40 41 42 43 44 45 46 47 48 49 50 51 52 53 54 55 56 57 58 59 60 61 62 63 64 65 66 67 68 69 70 71 72 73 74 75 76 77 78 79 80 81 82 83 84 85 86 87 88 89 90 91 92 93 94 95 96 97 98 99 100 101 102 103 104 105 106 107]",0x5F
92,169,"[60 61 62 63 64 65 66 67 68 69 70 71 72 73 74 75 76 77 78 79 80 81 82 83 84 85 86 87 88 89 90 91 92 93 94 95 96 97 98 99 100 101 102 103 104 105 106 107 108 109 110 111 112 113 114 115 116 117 118 119 120 121 122 123 124 125 126 127 128 129 130 131 132 133 134 135 136 137 138 139 140 141 142 143 144 145 146 147 148 149 150 151 152 153 154 155 156 157 158 159 160 161 162 163 164 165 166 167 168 169 170 171 172 173 174 175 176 177 178 179 180 181 182 183 184 185 186 187 188 189 190 191 192 193 194 195 196 197 198 199 200 201 202 203 204 205 206 207 208 209 210 211 212 213 214 215 216 217 218 219 220 221 222 223 224 225 226 227 228]",0x9F
93,625,"[68 230 237 103 227 98 188 121 31 237 188 93 4 25 127 176 85 178 178 180 126 234 125 115 51 78 10 162 63 77 197 83 62 43 198 33 116 129 175 162 207 11 75 71 37 74 79 133 169 97 184 86 74 138 6 20 107 241 184 22 216 187 156 209 103 56 131 140 137 144 242 230 224 205 25 67 126 216 191 35 64 187 42 89 67 89 181 94 142 25 206 94 166 185 53 226 157 109 46 241 193 53 86 207 178 196 112 183 98 54 161 249 79 118 172 138 215 195 14 255 192 221 166 219 28 89 224 51 20 201 41 218 175 133 212 107 49 72 129 136 206 202 148 199 49 12 223 19 63 178 104 224 76 3 76 147 96 136 224 233 68 118 140 242 255 60 186 96 2 2 117 125 5 175 75 143 77 42 104 59 136 50 130 40 171 193 28 119 18 153 67 135 132 236 140 149 102 242 198 73 216 110 212 210 48 179 74 76 75 185 58 0 183 43 26 97 98 99 100 101 102 103 104 105 106 107 108 109 110 111 112 113 114 115 116 117 118 119 120 121 122 123 124 125 126 127 128 129 130 131 132 133 134 135 136 137 138 139 140 141 142 143 144 145 146 147 148 149 150 151 152 153 154 155 156 157 158 159 160 161 162 163 164 165 166 167 168 169 170 171 172 173 174 175 176 177 178 179 180 181 182 183 184 185 186 187 188 189 190 191 192 193 194 195 196 197 198 199 200 201 202 203 204 205 206 207 208 209 210 211 212 213 214 215 216 217 218 219 220 221 222 223 224 225 226 227 228 229 230 231 232 233 234 235 236 237 238 239 240 241 11 248 183 82 81 114 160 37 48 220 65 97 223 169 87 175 5 188 124 208 244 237 232 131 92 119 176 226 52 235 208 250 225 71 27 28 74 157 205 230 159 1 47 25 93 128 11 89 45 165 118 126 109 244 54 132 188 142 237 96 118 22 155 73 41 139 136 19 178 159 48 120 184 135 101 82 156 240 171 19 117 228 24 253 242 20 238 92 216 107 112 162 198 8 151 47 88 89 120 85 27 37 8 120 244 29 242 187 163 165 211 27 129 178 150 213 18 176 136 97 87 158 228 127 211 102 26 15 13 97 86 183 190 13 56 140 140 140 140 140 140 140 140 140 140 140 140 140 140 140 140 140 140 140 140 34 35 36 37 38 39 40 41 42 43 44 45 46 47 48 205 46 104 91 202 130 32 189 101 67 96 127 87 61 102 4 197 43 11 167 198 208 126 52 188 179 63 231 26 251 220 176 240 184 48 113 18 99 189 98 84 152 223 12 98 40 178 27 170 73 50 239 4 112 5 123 128 82 33 96 172 200 135 150 51 73 41 63 57 132 144 241 50 164 209 143 65 67 10 78 190 12 56 180 200 116 178 99 40 101 148 242 17 129 84]",0xCC
94,13,"[141 115 73 76 141 115 73 76 141 115 73 76 141]",0xC2
95,86,"[136 207 199 55 183 204 88 44 0 115 90 142 48 220 57 57 57 57 57 57 57 57 57 57 57 57 57 57 57 57 57 57 57 57 57 57 57 57 57 57 57 57 57 57 127 55 69 43 183 197 118 182 188 35 247 210 52 47 32 191 192 193 194 195 196 197 198 199 200 201 202 203 204 205 206 207 208 209 200 191 154 175 4 79 163 2]",0x7B
96,9,"[73 72 71 70 69 68 67 66 65]",0xE1
97,814,"[238 238 238 238 238 238 238 238 238 238 238 238 238 238 238 238 238 238 238 238 238 238 238 238 238 238 238 238 238 238 238 238 238 238 238 238 238 238 238 238 238 238 238 238 238 238 238 238 238 238 238 238 238 238 238 238 238 238 238 238 238 238 238 238 238 238 238 238 238 238 238 238 238 238 238 238 238 238 238 238 238 238 238 238 238 238 238 238 238 238 238 238 238 238 238 238 238 238 238 238 238 238 238 238 238 238 238 238 238 238 238 238 238 238 238 238 238 238 238 238 238 238 238 238 238 238 238 238 238 238 238 238 238 238 238 238 238 238 238 238 238 238 238 238 238 238 238 238 238 238 238 238 238 238 238 238 238 238 238 238 238 238 238 238 238 238 238 238 238 238 238 238 238 238 238 238 238 238 238 238 238 238 238 238 238 238 238 238 238 238 238 238 238 238 238 238 238 238 238 238 238 238 238 238 238 238 238 238 238 238 238 238 238 238 238 238 238 238 238 238 238 238 238 238 238 238 238 238 238 238 238 238 238 238 238 238 238 238 238 238 238 238 238 238 238 238 238 238 238 238 238 238 238 238 238 238 238 238 238 238 238 238 238 238 238 238 238 238 238 238 238 238 238 238 238 238 238 238 238 238 238 238 238 238 238 238 238 238 238 238 238 238 238 238 238 238 238 238 238 238 238 238 238 238 238 238 238 238 238 238 238 238 238 238 238 238 238 238 238 238 238 238 238 238 238 238 238 238 238 238 238 238 238 238 238 238 238 238 238 238 238 238 238 238 238 238 238 238 238 238 238 238 238 238 238 238 238 238 238 238 238 238 238 238 238 238 238 238 238 238 238 238 238 238 238 238 238 238 238 238 238 238 238 238 238 238 238 238 238 238 238 238 238 238 238 238 238 238 238 238 238 238 238 238 238 238 238 238 238 238 238 238 238 238 238 238 238 238 238 238 238 238 238 238 238 238 238 238 238 238 238 238 238 238 238 238 238 238 238 238 238 238 238 238 238 238 238 238 238 238 238 238 238 238 238 238 238 238 238 238 238 238 238 238 238 238 238 238 238 238 238 238 238 238 238 238 238 238 238 238 238 238 238 238 238 238 238 238 238 238 238 238 238 238 238 238 238 238 238 238 238 238 238 238 238 238 238 238 238 238 238 238 238 238 238 238 238 238 238 238 238 238 238 238 238 238 238 238 238 238 238 238 238 238 238 238 238 238 238 238 238 238 238 238 238 238 238 238 238 238 238 238 238 238 238 238 238 238 238 238 238 238 238 238 238 238 238 238 238 238 238 238 238 238 238 238 238 238 238 238 238 238 238 238 238 238 238 238 238 238 238 238 238 238 238 238 238 238 238 238 238 238 238 238 238 238 238 238 238 238 238 238 238 238 238 238 238 238 238 238 238 238 238 238 238 238 238 238 238 238 238 238 238 238 238 238 238 238 238 238 238 238 238 238 238 238 238 238 238 238 238 238 238 238 238 238 238 238 238 238 238 238 238 238 238 238 238 238 238 238 238 238 238 238 238 238 238 238 238 238 238 238 238 238 238 238 238 238 238 238 238 238 238 238 238 238 238 238 238 238 238 238 238 238 238 238 238 238 238 238 238 238 238 238 238 238 238 238 238 238 238 238 238 238 238 238 238 238 238 238 238 238 238 238 238 238 238 238 238 238 238 238 238 238 238 238 238 238 238 238 238 238 238 238 238 238 238 238 238 238 238 238 238 238 238 238 238 238 238 238 238 238 238 238 238 238 238 238 238 238 238 238 238 238 238 238 238 238 238 238 238 238 238 238 238 238 238 238 238 238 238 238 238 238 238 238 238 238 238 238 238 238 238 238]",0xED
98,20,"[196 56 196 56 196 56 196 56 196 56 196 56 196 56 196 56 196 56 196 56]",0x71
99,32,"[242 226 54 162 194 252 46 196 86 44 107 119 137 254 102 157 93 100 178 240 138 196 22 54 128 5 64 132 3 131 131 131]",0xA4
100,94,"[160 159 158 157 156 155 154 153 152 151 150 149 148 147 146 145 144 143 142 141 140 139 138 137 136 135 134 133 132 131 130 129 128 127 126 125 124 123 122 121 120 119 118 117 116 115 114 113 112 111 110 109 108 107 106 105 104 103 102 101 100 99 98 97 96 95 94 93 92 91 90 89 88 87 86 85 84 83 82 81 80 79 78 77 76 75 74 73 72 71 70 69 68 67]",0x58
101,807,"[33 34 35 36 37 38 39 40 41 42 43 44 45 46 47 48 49 50 51 52 53 54 55 56 57 58 59 60 61 62 63 64 65 66 67 68 69 70 71 72 73 74 75 76 77 78 79 80 81 82 83 84 85 86 87 88 89 90 91 92 93 94 95 96 97 98 99 100 101 102 103 104 105 106 107 108 109 110 111 112 113 114 115 116 117 118 119 120 121 122 123 124 125 126 127 128 129 130 131 132 133 134 135 136 137 138 139 140 141 142 143 144 145 146 147 148 149 150 151 152 153 154 155 156 157 158 159 160 161 162 163 164 165 166 167 168 169 170 171 172 173 174 175 176 177 178 179 180 181 182 183 184 185 186 187 188 189 190 191 192 193 194 195 196 197 198 199 200 201 202 203 204 205 206 207 208 209 210 211 212 213 214 215 216 217 218 219 220 221 222 223 224 225 226 227 228 229 230 231 232 233 234 235 236 237 238 239 240 241 242 243 244 245 246 247 248 249 250 251 252 253 254 255 0 1 2 3 4 5 6 7 8 9 10 11 12 13 14 15 16 17 18 19 20 21 22 23 24 25 26 27 28 29 30 31 32 33 34 35 36 37 38 39 40 41 42 43 44 45 46 47 48 49 50 51 52 53 54 55 56 57 58 59 60 61 62 63 64 65 66 67 68 69 70 71 72 73 74 75 76 77 78 79 80 81 82 83 84 85 86 87 88 89 90 91 92 93 94 95 96 97 98 99 100 101 102 103 104 105 106 107 108 109 110 111 112 113 114 115 116 117 118 119 120 121 122 123 124 125 126 127 128 129 130 131 132 133 134 135 136 137 138 139 140 141 142 143 144 145 146 147 148 149 150 151 152 153 154 155 156 157 158 159 160 161 162 163 164 165 166 167 168 169 170 171 172 173 174 175 176 177 178 179 180 181 182 183 184 185 186 187 188 189 190 191 192 193 194 195 196 197 198 199 200 201 202 203 204 205 206 207 208 209 210 211 212 213 214 215 216 217 218 219 220 221 222 223 224 225 226 227 228 229 230 231 232 233 234 235 236 237 238 239 240 241 242 243 244 245 246 247 248 249 250 251 252 253 254 255 0 1 2 3 4 5 6 7 8 9 10 11 12 13 14 15 16 17 18 19 20 21 22 23 24 25 26 27 28 29 30 31 32 33 34 35 36 37 38 39 40 41 42 43 44 45 46 47 48 49 50 51 52 53 54 55 56 57 58 59 60 61 62 63 64 65 66 67 68 69 70 71 72 73 74 75 76 77 78 79 80 81 82 83 84 85 86 87 88 89 90 91 92 93 94 95 96 97 98 99 100 101 102 103 104 105 106 107 108 109 110 111 112 113 114 115 116 117 118 119 120 121 122 123 124 125 126 127 128 129 130 131 132 133 134 135 136 137 138 139 140 141 142 143 144 145 146 147 148 149 150 151 152 153 154 155 156 157 158 159 160 161 162 163 164 165 166 167 168 169 170 171 172 173 174 175 176 177 178 179 180 181 182 183 184 185 186 187 188 189 190 191 192 193 194 195 196 197 198 199 200 201 202 203 204 205 206 207 208 209 210 211 212 213 214 215 216 217 218 219 220 221 222 223 224 225 226 227 228 229 230 231 232 233 234 235 236 237 238 239 240 241 242 243 244 245 246 247 248 249 250 251 252 253 254 255 0 1 2 3 4 5 6 7 8 9 10 11 12 13 14 15 16 17 18 19 20 21 22 23 24 25 26 27 28 29 30 31 32 33 34 35 36 37 38 39 40 41 42 43 44 45 46 47 48 49 50 51 52 53 54 55 56 57 58 59 60 61 62 63 64 65 66 67 68 69 70 71]",0x15
102,604,"[160 136 255 255 178 0 0 255 0 255 255 169 255 255 0 62 207 253 255 0 94 255 255 255 123 255 0 133 206 0 0 44 255 0 0 0 142 255 255 255 205 0 21 184 25 174 10 0 255 100 0 0 255 255 255 0 0 255 255 0 255 228 26 0 0 255 191 13 255 0 0 0 255 0 0 193 0 255 255 255 28 34 255 15 0 255 162 255 255 142 0 255 0 255 255 242 0 0 255 255 255 194 186 85 0 0 0 0 2 38 228 255 255 229 0 74 0 36 255 158 0 252 117 104 0 255 0 0 0 255 255 255 206 0 70 0 255 255 0 255 106 58 0 255 98 255 0 158 86 56 255 0 0 125 0 255 255 0 183 255 255 255 59 0 0 255 255 0 101 255 132 100 61 0 106 0 213 255 0 32 0 0 0 0 0 109 255 0 0 0 223 0 0 255 255 195 0 0 0 0 42 255 84 255 200 0 0 255 66 255 202 0 0 121 148 85 70 0 0 255 255 5 0 0 3 255 21 255 255 10 0 0 0 22 122 255 0 0 212 0 0 0 0 255 255 91 255 210 255 255 60 79 72 13 136 0 48 0 7 0 0 255 148 255 255 0 255 255 255 111 255 0 255 255 0 96 255 227 222 0 93 255 255 0 126 255 198 181 255 49 255 228 138 255 255 255 0 0 0 39 255 0 201 0 211 0 255 0 0 215 255 255 0 0 92 255 0 255 249 255 255 255 243 231 117 0 255 255 233 0 0 134 255 33 111 0 0 255 62 255 255 0 0 0 0 255 0 0 81 110 255 70 255 0 0 255 180 255 110 255 0 7 194 13 0 0 0 255 196 104 221 0 0 255 130 255 255 255 0 255 111 151 255 0 230 230 255 255 255 0 255 35 160 0 179 255 0 0 255 0 255 222 255 0 255 223 0 0 255 167 134 255 255 0 255 255 67 255 255 0 217 173 211 145 255 255 255 0 113 0 0 25 55 0 255 157 0 255 255 0 0 62 17 49 207 122 94 0 255 255 255 0 0 195 9 0 0 0 255 0 0 255 255 156 0 124 0 255 255 255 222 0 255 255 255 255 255 0 58 161 0 255 255 0 0 255 51 128 180 21 0 88 86 33 0 0 24 255 255 22 0 152 255 255 147 179 0 0 32 255 255 134 0 0 255 255 0 120 74 255 255 13 0 255 255 34 155 86 255 255 255 0 255 0 77 255 255 0 255 255 0 20 23 92 0 0 0 255 167 0 0 58 255 255 19 0 0 152 0 54 107 255 95 255 0 50 0 255 0 255 255 255 255 0 219 255 255 255 0 42 255 0 255 255 114 188 255 255 91 0 0 173 255 122 92 178 255 0 0 255 255 0 255 64]",0x4D
103,932,"[238 237 236 235 234 233 232 231 230 229 228 227 226 225 224 223 222 221 220 219 218 217 216 215 214 213 212 211 210 209 208 207 206 205 204 203 202 201 200 199 198 197 196 195 194 193 192 191 190 189 188 187 186 185 184 183 182 181 180 179 178 177 176 175 174 173 172 171 170 169 168 167 166 165 164 163 162 161 160 159 158 157 156 155 154 153 152 151 150 149 148 147 146 145 144 143 142 141 140 139 138 137 136 135 134 133 132 131 130 129 128 127 126 125 124 123 122 121 120 119 118 117 116 115 114 113 112 111 110 109 108 107 106 105 104 103 102 101 100 99 98 97 96 95 94 93 92 91 90 89 88 87 86 85 84 83 82 81 80 79 78 77 76 75 74 73 72 71 70 69 68 67 66 65 64 63 62 61 60 59 58 57 56 55 54 53 52 51 50 49 48 47 46 45 44 43 42 41 40 39 38 37 36 35 34 33 32 31 30 29 28 27 26 25 24 23 22 21 20 19 18 17 16 15 14 13 12 11 10 9 8 7 6 5 4 3 2 1 0 255 254 253 252 251 250 249 248 247 246 245 244 243 242 241 240 239 238 237 236 235 234 233 232 231 230 229 228 227 226 225 224 223 222 221 220 219 218 217 216 215 214 213 212 211 210 209 208 207 206 205 204 203 202 201 200 199 198 197 196 195 194 193 192 191 190 189 188 187 186 185 184 183 182 181 180 179 178 177 176 175 174 173 172 171 170 169 168 167 166 165 164 163 162 161 160 159 158 157 156 155 154 153 152 151 150 149 148 147 146 145 144 143 142 141 140 139 138 137 136 135 134 133 132 131 130 129 128 127 126 125 124 123 122 121 120 119 118 117 116 115 114 113 112 111 110 109 108 107 106 105 104 103 102 101 100 99 98 97 96 95 94 93 92 91 90 89 88 87 86 85 84 83 82 81 80 79 78 77 76 75 74 73 72 71 70 69 68 67 66 65 64 63 62 61 60 59 58 57 56 55 54 53 52 51 50 49 48 47 46 45 44 43 42 41 40 39 38 37 36 35 34 33 32 31 30 29 28 27 26 25 24 23 22 21 20 19 18 17 16 15 14 13 12 11 10 9 8 7 6 5 4 3 2 1 0 255 254 253 252 251 250 249 248 247 246 245 244 243 242 241 240 239 238 237 236 235 234 233 232 231 230 229 228 227 226 225 224 223 222 221 220 219 218 217 216 215 214 213 212 211 210 209 208 207 206 205 204 203 202 201 200 199 198 197 196 195 194 193 192 191 190 189 188 187 186 185 184 183 182 181 180 179 178 177 176 175 174 173 172 171 170 169 168 167 166 165 164 163 162 161 160 159 158 157 156 155 154 153 152 151 150 149 148 147 146 145 144 143 142 141 140 139 138 137 136 135 134 133 132 131 130 129 128 127 126 125 124 123 122 121 120 119 118 117 116 115 114 113 112 111 110 109 108 107 106 105 104 103 102 101 100 99 98 97 96 95 94 93 92 91 90 89 88 87 86 85 84 83 82 81 80 79 78 77 76 75 74 73 72 71 70 69 68 67 66 65 64 63 62 61 60 59 58 57 56 55 54 53 52 51 50 49 48 47 46 45 44 43 42 41 40 39 38 37 36 35 34 33 32 31 30 29 28 27 26 25 24 23 22 21 20 19 18 17 16 15 14 13 12 11 10 9 8 7 6 5 4 3 2 1 0 255 254 253 252 251 250 249 248 247 246 245 244 243 242 241 240 239 238 237 236 235 234 233 232 231 230 229 228 227 226 225 224 223 222 221 220 219 218 217 216 215 214 213 212 211 210 209 208 207 206 205 204 203 202 201 200 199 198 197 196 195 194 193 192 191 190 189 188 187 186 185 184 183 182 181 180 179 178 177 176 175 174 173 172 171 170 169 168 167 166 165 164 163 162 161 160 159 158 157 156 155 154 153 152 151 150 149 148 147 146 145 144 143 142 141 140 139 138 137 136 135 134 133 132 131 130 129 128 127 126 125 124 123 122 121 120 119 118 117 116 115 114 113 112 111 110 109 108 107 106 105 104 103 102 101 100 99 98 97 96 95 94 93 92 91 90 89 88 87 86 85 84 83 82 81 80 79 78 77 76 75]",0x70
104,96,"[101 100 99 98 97 96 95 94 93 92 91 90 89 88 87 86 85 84 83 82 81 80 79 78 77 76 75 74 73 72 71 70 69 68 67 66 65 64 63 62 61 60 59 58 57 56 55 54 53 52 51 50 49 48 47 46 45 44 43 42 41 40 39 38 37 36 35 34 33 32 31 30 29 28 27 26 25 24 23 22 21 20 19 18 17 16 15 14 13 12 11 10 9 8 7 6]",0x93
105,537,"[145 38 145 38 145 38 145 38 145 38 145 38 145 38 145 38 145 38 145 38 145 38 145 38 145 38 145 38 145 38 145 38 145 38 145 38 145 38 145 38 145 38 145 38 145 38 145 38 145 38 145 38 145 38 145 38 145 38 145 38 145 38 145 38 145 38 145 38 145 38 145 38 145 38 145 38 145 38 145 38 145 38 145 38 145 38 145 38 145 38 145 38 145 38 145 38 145 38 145 38 145 38 145 38 145 38 145 38 145 38 145 38 145 38 145 38 145 38 145 38 145 38 145 38 145 38 145 38 145 38 145 38 145 38 145 38 145 38 145 38 145 38 145 38 145 38 145 38 145 38 145 38 145 38 145 38 145 38 145 38 145 38 145 38 145 38 145 38 145 38 145 38 145 38 145 38 145 38 145 38 145 38 145 38 145 38 145 38 145 38 145 38 145 38 145 38 145 38 145 38 145 38 145 38 145 38 145 38 145 38 145 38 145 38 145 38 145 38 145 38 145 38 145 38 145 38 145 38 145 38 145 38 145 38 145 38 145 38 145 38 145 38 145 38 145 38 145 38 145 38 145 38 145 38 145 38 145 38 145 38 145 38 145 38 145 38 145 38 145 38 145 38 145 38 145 38 145 38 145 38 145 38 145 38 145 38 145 38 145 38 145 38 145 38 145 38 145 38 145 38 145 38 145 38 145 38 145 38 145 38 145 38 145 38 145 38 145 38 145 38 145 38 145 38 145 38 145 38 145 38 145 38 145 38 145 38 145 38 145 38 145 38 145 38 145 38 145 38 145 38 145 38 145 38 145 38 145 38 145 38 145 38 145 38 145 38 145 38 145 38 145 38 145 38 145 38 145 38 145 38 145 38 145 38 145 38 145 38 145 38 145 38 145 38 145 38 145 38 145 38 145 38 145 38 145 38 145 38 145 38 145 38 145 38 145 38 145 38 145 38 145 38 145 38 145 38 145 38 145 38 145 38 145 38 145 38 145 38 145 38 145 38 145 38 145 38 145 38 145 38 145 38 145 38 145 38 145 38 145 38 145 38 145 38 145 38 145 38 145 38 145 38 145 38 145 38 145 38 145 38 145 38 145 38 145 38 145 38 145 38 145 38 145 38 145 38 145 38 145 38 145 38 145 38 145 38 145 38 145 38 145 38 145 38 145 38 145 38 145 38 145 38 145 38 145 38 145 38 145 38 145 38 145 38 145 38 145]",0x43
106,85,"[69 0 106 186 204 241 155 65 236 198 147 178 236 182 94 182 10 98 104 42 5 34 167 205 252 88 153 239 42 183 193 22 220 208 8 23 12 85 130 136 68 233 94 11 76 135 104 70 33 209 255 84 97 158 183 100 231 143 115 165 243 203 10 85 120 80 179 211 187 253 69 223 196 92 187 26 202 136 74 167 164 53 7 111 145]",0x6E
107,936,"[192 193 194 195 196 197 198 199 200 201 202 203 204 205 206 207 208 209 210 211 212 213 214 215 216 217 218 219 220 221 222 223 224 225 226 227 228 229 230 231 232 233 234 235 236 237 238 239 240 241 242 243 244 245 246 247 248 249 250 251 252 253 254 255 0 1 2 3 4 5 6 7 8 9 10 11 12 13 14 15 16 17 18 19 20 21 22 23 24 25 26 27 28 29 30 31 32 33 34 35 36 37 38 39 40 41 42 43 44 45 46 47 48 49 50 51 52 53 54 55 56 57 58 59 60 61 62 63 64 65 66 67 68 69 70 71 72 73 74 75 76 77 78 79 80 81 82 83 84 85 86 87 88 89 90 91 92 93 94 95 96 97 98 99 100 101 102 103 104 105 106 107 108 109 110 111 112 113 114 115 116 117 118 119 120 121 122 123 124 125 126 127 128 129 130 131 132 133 134 135 136 137 138 139 140 141 142 143 144 145 146 147 148 149 150 151 152 153 154 155 156 157 158 159 160 161 162 163 164 165 166 167 168 169 170 171 172 173 174 175 176 177 178 179 180 181 182 183 184 185 186 187 188 189 190 191 192 193 194 195 196 197 198 199 200 201 202 203 204 205 206 207 208 209 210 211 212 213 214 215 216 217 218 219 220 221 222 223 224 225 226 227 228 229 230 231 232 233 234 235 236 237 238 239 240 241 242 243 244 245 246 247 248 249 250 251 252 253 254 255 0 1 2 3 4 5 6 7 8 9 10 11 12 13 14 15 16 17 18 19 20 21 22 23 24 25 26 27 28 29 30 31 32 33 34 35 36 37 38 39 40 41 42 43 44 45 46 47 48 49 50 51 52 53 54 55 56 57 58 59 60 61 62 63 64 65 66 67 68 69 70 71 72 73 74 75 76 77 78 79 80 81 82 83 84 85 86 87 88 89 90 91 92 93 94 95 96 97 98 99 100 101 102 103 104 105 106 107 108 109 110 111 112 113 114 115 116 117 118 119 120 121 122 123 124 125 126 127 128 129 130 131 132 133 134 135 136 137 138 139 140 141 142 143 144 145 146 147 148 149 150 151 152 153 154 155 156 157 158 159 160 161 162 163 164 165 166 167 168 169 170 171 172 173 174 175 176 177 178 179 180 181 182 183 184 185 186 187 188 189 190 191 192 193 194 195 196 197 198 199 200 201 202 203 204 205 206 207 208 209 210 211 212 213 214 215 216 217 218 219 220 221 222 223 224 225 226 227 228 229 230 231 232 233 234 235 236 237 238 239 240 241 242 243 244 245 246 247 248 249 250 251 252 253 254 255 0 1 2 3 4 5 6 7 8 9 10 11 12 13 14 15 16 17 18 19 20 21 22 23 24 25 26 27 28 29 30 31 32 33 34 35 36 37 38 39 40 41 42 43 44 45 46 47 48 49 50 51 52 53 54 55 56 57 58 59 60 61 62 63 64 65 66 67 68 69 70 71 72 73 74 75 76 77 78 79 80 81 82 83 84 85 86 87 88 89 90 91 92 93 94 95 96 97 98 99 100 101 102 103 104 105 106 107 108 109 110 111 112 113 114 115 116 117 118 119 120 121 122 123 124 125 126 127 128 129 130 131 132 133 134 135 136 137 138 139 140 141 142 143 144 145 146 147 148 149 150 151 152 153 154 155 156 157 158 159 160 161 162 163 164 165 166 167 168 169 170 171 172 173 174 175 176 177 178 179 180 181 182 183 184 185 186 187 188 189 190 191 192 193 194 195 196 197 198 199 200 201 202 203 204 205 206 207 208 209 210 211 212 213 214 215 216 217 218 219 220 221 222 223 224 225 226 227 228 229 230 231 232 233 234 235 236 237 238 239 240 241 242 243 244 245 246 247 248 249 250 251 252 253 254 255 0 1 2 3 4 5 6 7 8 9 10 11 12 13 14 15 16 17 18 19 20 21 22 23 24 25 26 27 28 29 30 31 32 33 34 35 36 37 38 39 40 41 42 43 44 45 46 47 48 49 50 51 52 53 54 55 56 57 58 59 60 61 62 63 64 65 66 67 68 69 70 71 72 73 74 75 76 77 78 79 80 81 82 83 84 85 86 87 88 89 90 91 92 93 94 95 96 97 98 99 100 101 102 103]",0x36
108,78,"[94 95 96 97 98 99 100 101 102 103 104 105 106 107 108 109 110 111 112 113 114 115 116 117 118 119 120 121 122 123 124 125 126 127 128 129 130 131 132 133 134 135 136 137 138 139 140 141 142 143 144 145 146 147 148 149 150 151 152 153 154 155 156 157 158 159 160 161 162 163 164 165 166 167 168 169 170 171]",0xCB
109,117,"[232 231 230 229 228 227 226 225 224 223 222 221 220 219 218 217 216 215 214 213 212 211 210 209 208 207 206 205 204 203 202 201 200 199 198 197 196 195 194 193 192 191 190 189 188 187 186 185 184 183 182 181 180 179 178 177 176 175 174 173 172 171 170 169 168 167 166 165 164 163 162 161 160 159 158 157 156 155 154 153 152 151 150 149 148 147 146 145 144 143 142 141 140 139 138 137 136 135 134 133 132 131 130 129 128 127 126 125 124 123 122 121 120 119 118 117 116]",0x59
110,51,"[73 255 0 255 255 241 255 255 0 218 255 0 79 45 255 0 195 255 0 0 183 177 141 255 0 231 149 255 255 255 0 255 0 83 255 0 255 234 58 0 255 0 63 255 0 0 234 0 241 0 156]",0x3E
111,7,"[130 131 132 133 134 135 136]",0x6E
112,89,"[71 59 71 59 71 59 71 59 71 59 71 59 71 59 71 59 71 59 71 59 71 59 71 59 71 59 71 59 71 59 71 59 71 59 71 59 71 59 71 59 71 59 71 59 71 59 71 59 71 59 71 59 71 59 71 59 71 59 71 59 71 59 71 59 71 59 71 59 71 59 71 59 71 59 71 59 71 59 71 59 71 59 71 59 71 59 71 59 71]",0x8E
113,254,"[47 197 47 197 47 197 47 197 47 197 47 197 47 197 47 197 47 197 47 197 47 197 47 197 47 197 47 197 47 197 47 197 47 197 47 197 47 197 47 197 47 197 47 197 47 197 47 197 47 197 47 197 47 197 47 197 47 197 47 197 47 197 47 197 47 197 47 197 47 197 47 197 47 197 47 197 47 197 47 197 47 197 47 197 47 197 47 197 47 197 47 197 47 197 47 197 47 197 47 197 47 197 47 197 47 197 47 197 47 197 47 197 47 197 47 197 47 197 47 197 47 197 47 197 47 197 47 197 47 197 47 197 47 197 47 197 47 197 47 197 47 197 47 197 47 197 47 197 47 197 47 197 47 197 47 197 47 197 47 197 47 197 47 197 47 197 47 197 47 197 47 197 47 197 47 197 47 197 47 197 47 197 47 197 47 197 47 197 47 197 47 197 47 197 47 197 47 197 47 197 47 197 47 197 47 197 47 197 47 197 47 197 47 197 47 197 47 197 47 197 47 197 47 197 47 197 47 197 47 197 47 197 47 197 47 197 47 197 47 197 47 197 47 197 47 197 47 197 47 197 47 197 47 197]",0xF7
114,42,"[141 183 229 230 141 183 229 230 141 183 229 230 141 183 229 230 141 183 229 230 141 183 229 230 141 183 229 230 141 183 229 230 141 183 229 230 141 183 229 230 141 183]",0x1B
115,96,"[96 229 70 69 77 156 112 186 229 172 52 238 67 38 23 144 29 35 76 72 154 209 194 67 62 247 2 225 51 242 87 112 181 150 81 141 187 10 2 117 33 170 54 110 50 140 29 5 13 244 36 181 17 27 130 119 243 241 199 154 116 91 242 154 148 59 11 241 80 113 29 214 7 213 35 226 186 42 144 80 45 219 103 102 43 98 223 92 243 242 37 45 220 100 1 70]",0xB7
116,82,"[28 29 30 31 32 33 34 35 36 37 38 39 40 41 42 43 44 45 46 47 48 49 50 51 52 53 54 55 56 57 58 59 60 61 62 63 64 65 66 67 68 69 70 71 72 73 74 75 76 77 78 79 80 81 82 83 84 85 86 87 88 89 90 91 92 93 94 95 96 97 98 99 100 101 102 103 104 105 106 107 108 109]",0xF8
117,777,"[196 197 198 199 200 201 202 203 204 205 206 207 208 209 210 211 212 213 214 215 216 217 218 219 220 221 222 223 224 225 226 227 228 229 230 231 232 233 234 235 236 237 238 239 240 241 242 243 244 245 246 247 248 249 250 251 252 253 254 255 0 1 2 3 4 5 6 7 8 9 10 11 12 13 14 15 16 17 18 19 20 21 22 23 24 25 26 27 28 29 30 31 32 33 34 35 36 37 38 39 40 41 42 43 44 45 46 47 48 49 50 51 52 53 54 55 56 57 58 59 60 61 62 63 64 65 66 67 68 69 70 71 72 73 74 75 76 77 78 79 80 81 82 83 84 85 86 87 88 89 90 91 92 93 94 95 96 97 98 99 100 101 102 103 104 105 106 107 108 109 110 111 112 113 114 115 116 117 118 119 120 121 122 123 124 125 126 127 128 129 130 131 132 133 134 135 136 137 138 139 140 141 142 143 144 145 146 147 148 149 150 151 152 153 154 155 156 157 158 159 160 161 162 163 164 165 166 167 168 169 170 171 172 173 174 175 176 177 178 179 180 181 182 183 184 185 186 187 188 189 190 191 192 193 194 195 196 197 198 199 200 201 202 203 204 205 206 207 208 209 210 211 212 213 214 215 216 217 218 219 220 221 222 223 224 225 226 227 228 229 230 231 232 233 234 235 236 237 238 239 240 241 242 243 244 245 246 247 248 249 250 251 252 253 254 255 0 1 2 3 4 5 6 7 8 9 10 11 12 13 14 15 16 17 18 19 20 21 22 23 24 25 26 27 28 29 30 31 32 33 34 35 36 37 38 39 40 41 42 43 44 45 46 47 48 49 50 51 52 53 54 55 56 57 58 59 60 61 62 63 64 65 66 67 68 69 70 71 72 73 74 75 76 77 78 79 80 81 82 83 84 85 86 87 88 89 90 91 92 93 94 95 96 97 98 99 100 101 102 103 104 105 106 107 108 109 110 111 112 113 114 115 116 117 118 119 120 121 122 123 124 125 126 127 128 129 130 131 132 133 134 135 136 137 138 139 140 141 142 143 144 145 146 147 148 149 150 151 152 153 154 155 156 157 158 159 160 161 162 163 164 165 166 167 168 169 170 171 172 173 174 175 176 177 178 179 180 181 182 183 184 185 186 187 188 189 190 191 192 193 194 195 196 197 198 199 200 201 202 203 204 205 206 207 208 209 210 211 212 213 214 215 216 217 218 219 220 221 222 223 224 225 226 227 228 229 230 231 232 233 234 235 236 237 238 239 240 241 242 243 244 245 246 247 248 249 250 251 252 253 254 255 0 1 2 3 4 5 6 7 8 9 10 11 12 13 14 15 16 17 18 19 20 21 22 23 24 25 26 27 28 29 30 31 32 33 34 35 36 37 38 39 40 41 42 43 44 45 46 47 48 49 50 51 52 53 54 55 56 57 58 59 60 61 62 63 64 65 66 67 68 69 70 71 72 73 74 75 76 77 78 79 80 81 82 83 84 85 86 87 88 89 90 91 92 93 94 95 96 97 98 99 100 101 102 103 104 105 106 107 108 109 110 111 112 113 114 115 116 117 118 119 120 121 122 123 124 125 126 127 128 129 130 131 132 133 134 135 136 137 138 139 140 141 142 143 144 145 146 147 148 149 150 151 152 153 154 155 156 157 158 159 160 161 162 163 164 165 166 167 168 169 170 171 172 173 174 175 176 177 178 179 180 181 182 183 184 185 186 187 188 189 190 191 192 193 194 195 196 197 198 199 200 201 202 203 204]",0x77
118,79,"[186 186 186 186 186 186 186 186 186 186 186 186 186 186 186 186 186 186 186 186 186 186 186 186 186 186 186 186 186 186 186 186 186 186 186 186 186 186 186 186 186 186 186 186 186 186 186 186 186 186 186 186 186 186 186 186 186 186 186 186 186 186 186 186 186 186 186 186 186 186 186 186 186 186 186 186 186 186 186]",0xAE
119,99,"[238 61 204 110 238 61 204 110 238 61 204 110 238 61 204 110 238 61 204 110 238 61 204 110 238 61 204 110 238 61 204 110 238 61 204 110 238 61 204 110 238 61 204 110 238 61 204 110 238 61 204 110 238 61 204 110 238 61 204 110 238 61 204 110 238 61 204 110 238 61 204 110 238 61 204 110 238 61 204 110 238 61 204 110 238 61 204 110 238 61 204 110 238 61 204 110 238 61 204]",0xF8
120,506,"[119 118 117 116 115 114 113 112 111 110 109 108 107 106 105 104 103 102 101 100 99 98 97 96 95 94 93 92 91 90 89 88 87 86 85 84 83 82 81 80 79 78 77 76 75 74 73 72 71 70 69 68 67 66 65 64 63 62 61 60 59 58 57 56 55 54 53 52 51 50 49 48 47 46 45 44 43 42 41 40 39 38 37 36 35 34 33 32 31 30 29 28 27 26 25 24 23 22 21 20 19 18 17 16 15 14 13 12 11 10 9 8 7 6 5 4 3 2 1 0 255 254 253 252 251 250 249 248 247 246 245 244 243 242 241 240 239 238 237 236 235 234 233 232 231 230 229 228 227 226 225 224 223 222 221 220 219 218 217 216 215 214 213 212 211 210 209 208 207 206 205 204 203 202 201 200 199 198 197 196 195 194 193 192 191 190 189 188 187 186 185 184 183 182 181 180 179 178 177 176 175 174 173 172 171 170 169 168 167 166 165 164 163 162 161 160 159 158 157 156 155 154 153 152 151 150 149 148 147 146 145 144 143 142 141 140 139 138 137 136 135 134 133 132 131 130 129 128 127 126 125 124 123 122 121 120 119 118 117 116 115 114 113 112 111 110 109 108 107 106 105 104 103 102 101 100 99 98 97 96 95 94 93 92 91 90 89 88 87 86 85 84 83 82 81 80 79 78 77 76 75 74 73 72 71 70 69 68 67 66 65 64 63 62 61 60 59 58 57 56 55 54 53 52 51 50 49 48 47 46 45 44 43 42 41 40 39 38 37 36 35 34 33 32 31 30 29 28 27 26 25 24 23 22 21 20 19 18 17 16 15 14 13 12 11 10 9 8 7 6 5 4 3 2 1 0 255 254 253 252 251 250 249 248 247 246 245 244 243 242 241 240 239 238 237 236 235 234 233 232 231 230 229 228 227 226 225 224 223 222 221 220 219 218 217 216 215 214 213 212 211 210 209 208 207 206 205 204 203 202 201 200 199 198 197 196 195 194 193 192 191 190 189 188 187 186 185 184 183 182 181 180 179 178 177 176 175 174 173 172 171 170 169 168 167 166 165 164 163 162 161 160 159 158 157 156 155 154 153 152 151 150 149 148 147 146 145 144 143 142 141 140 139 138 137 136 135 134 133 132 131 130 129 128 127 126]",0xEF
121,28,"[193 154 193 154 193 154 193 154 193 154 193 154 193 154 193 154 193 154 193 154 193 154 193 154 193 154 193 154]",0x0C
122,355,"[11 209 11 209 11 209 11 209 11 209 11 209 11 209 11 209 11 209 11 209 11 209 11 209 11 209 11 209 11 209 11 209 11 209 11 209 11 209 11 209 11 209 11 209 11 209 11 209 11 209 11 209 11 209 11 209 11 209 11 209 11 209 11 209 11 209 11 209 11 209 11 209 11 209 11 209 11 209 11 209 11 209 11 209 11 209 11 209 11 209 11 209 11 209 11 209 11 209 11 209 11 209 11 209 11 209 11 209 11 209 11 209 11 209 11 209 11 209 11 209 11 209 11 209 11 209 11 209 11 209 11 209 11 209 11 209 11 209 11 209 11 209 11 209 11 209 11 209 11 209 11 209 11 209 11 209 11 209 11 209 11 209 11 209 11 209 11 209 11 209 11 209 11 209 11 209 11 209 11 209 11 209 11 209 11 209 11 209 11 209 11 209 11 209 11 209 11 209 11 209 11 209 11 209 11 209 11 209 11 209 11 209 11 209 11 209 11 209 11 209 11 209 11 209 11 209 11 209 11 209 11 209 11 209 11 209 11 209 11 209 11 209 11 209 11 209 11 209 11 209 11 209 11 209 11 209 11 209 11 209 11 209 11 209 11 209 11 209 11 209 11 209 11 209 11 209 11 209 11 209 11 209 11 209 11 209 11 209 11 209 11 209 11 209 11 209 11 209 11 209 11 209 11 209 11 209 11 209 11 209 11 209 11 209 11 209 11 209 11 209 11 209 11 209 11 209 11 209 11 209 11 209 11 209 11 209 11 209 11 209 11 209 11 209 11 209 11 209 11 209 11 209 11 209 11]",0x0C
123,467,"[43 167 156 201 64 195 176 82 139 37 115 225 107 214 151 49 148 129 102 30 106 18 25 106 78 236 96 194 135 180 66 241 135 212 93 25 172 1 121 49 160 250 118 209 129 126 238 227 201 75 139 57 113 123 212 229 106 4 220 44 159 6 102 252 25 108 78 231 222 60 20 160 86 172 8 34 175 54 219 14 55 255 110 179 46 156 185 80 212 154 99 142 147 42 103 87 102 194 123 240 75 106 201 139 140 13 102 69 255 78 226 173 87 139 215 226 41 86 85 10 153 218 97 189 160 96 36 181 218 175 4 55 17 146 193 28 214 142 176 248 21 230 32 100 217 232 129 152 181 213 31 207 123 115 108 130 241 140 244 46 185 207 173 155 144 220 210 31 217 106 64 222 110 206 67 1 126 25 193 70 113 22 73 200 38 165 234 174 207 27 64 229 183 163 169 106 11 200 173 121 230 86 75 223 204 131 33 55 167 98 214 243 206 96 201 89 42 8 98 231 61 52 248 6 201 82 9 234 35 141 70 16 12 29 18 194 124 87 107 237 233 183 226 81 97 157 159 123 102 252 210 111 186 69 25 90 103 4 208 91 148 18 44 227 155 243 255 95 76 219 255 161 203 200 90 147 213 176 5 86 36 59 231 9 56 79 157 136 55 42 60 128 69 242 118 15 186 84 167 71 146 197 237 66 85 118 237 230 23 33 126 27 88 37 162 243 255 96 153 219 30 176 104 52 103 19 178 64 79 30 221 126 146 145 105 49 190 32 26 181 53 78 121 115 181 159 164 182 74 82 112 78 252 208 42 1 10 62 29 136 219 188 55 102 130 207 214 232 130 177 28 144 63 110 162 65 13 2 5 2 28 61 56 252 78 32 139 219 173 75 143 183 186 170 222 222 148 110 164 209 1 253 46 120 223 57 122 33 101 45 93 95 254 254 29 185 13 7 26 247 240 49 41 61 131 145 56 193 79 236 168 111 202 209 74 86 239 42 10 116 205 197 235 136 25 150 199 23 44 3 151 227 171 251 16 231 208 80 249 73 227 225 193 144 30 136 91]",0xF0
124,783,"[33 20 5 160 161 252 101 84 159 211 239 205 109 162 219 125 55 43 0 183 28 62 76 143 101 172 14 31 127 86 75 17 229 177 31 16 249 174 106 179 193 199 122 110 2 237 154 52 235 234 253 223 255 62 215 210 59 25 250 75 222 1 5 119 61 176 144 19 41 99 47 202 106 23 123 23 33 61 220 236 211 85 69 140 184 254 33 12 177 213 216 173 244 130 233 247 216 79 50 140 115 224 25 65 192 24 82 99 159 40 220 114 234 119 70 36 0 136 27 100 150 70 44 198 242 25 39 245 9 250 1 223 78 240 81 167 20 62 198 135 237 109 222 114 250 245 84 226 216 53 159 18 214 44 18 102 147 218 249 112 15 191 144 114 79 128 86 193 139 224 139 60 217 142 52 159 91 216 116 185 24 101 251 206 40 71 84 166 193 191 130 207 111 31 144 243 203 148 165 238 109 84 250 221 82 118 106 38 245 103 224 48 140 6 195 148 160 13 54 19 73 160 144 156 140 69 62 35 217 157 47 45 223 190 168 104 67 250 204 77 216 194 76 109 47 28 185 68 209 254 19 121 205 201 194 89 116 152 249 83 236 68 253 171 118 157 69 70 29 29 89 195 155 26 218 153 245 171 44 121 166 7 3 33 64 109 124 35 172 152 75 3 19 100 39 96 160 140 59 88 157 220 192 141 92 93 225 10 252 170 174 9 155 124 27 71 227 140 105 18 182 179 157 130 111 151 59 240 150 79 115 206 41 74 173 80 202 33 195 17 3 229 148 90 59 157 130 253 251 162 113 125 174 26 84 19 18 50 124 200 124 85 21 69 157 250 28 54 121 247 197 229 85 253 26 13 219 237 23 29 8 26 53 248 170 199 198 136 204 152 80 143 136 210 251 105 195 25 198 95 10 92 156 30 236 19 238 181 84 100 189 153 171 99 124 253 54 106 74 195 195 74 20 2 109 105 253 120 65 228 125 153 24 98 241 150 88 160 233 70 129 245 44 184 157 173 89 80 175 55 107 48 2 248 110 248 35 150 51 202 200 28 233 49 156 252 225 244 87 27 48 128 203 38 168 82 87 169 119 207 39 202 16 49 167 218 64 83 137 54 207 198 37 118 198 86 162 12 155 39 212 90 72 215 12 101 94 72 233 192 16 182 134 230 80 146 128 125 116 52 193 115 245 66 174 240 169 223 211 92 153 40 137 58 190 135 105 68 255 18 11 55 248 250 167 225 54 248 36 25 28 146 199 93 250 111 38 119 173 213 117 151 68 165 252 12 226 143 64 244 123 84 46 62 213 157 233 59 31 1 130 255 177 78 224 200 3 209 76 38 57 119 108 73 44 195 253 199 75 62 55 34 141 154 180 174 74 84 174 89 54 95 69 22 212 218 56 16 189 54 100 16 57 202 205 53 85 34 18 253 167 138 195 215 206 4 47 167 96 251 170 244 51 221 82 253 40 132 202 110 119 252 108 154 13 215 165 103 4 151 3 0 157 48 49 167 13 80 38 148 169 184 65 22 20 109 242 55 65 25 155 174 164 220 124 34 74 169 156 135 174 163 225 150 199 63 173 230 98 199 185 15 148 33 247 207 28 31 152 88 8 138 99 25 205 234 193 210 55 67 53 195 242 183 225 163 99 108 19 8 178 112 141 142 71 121 120 99 210 115 154 229 221 227 69 8 66 71 232 166 20 34 39 161 188 220 240 51 79 61 91 234 147 188 125 7 16 137 184 55 184 207 105 191 103 173 195 253 88 105 42 52 177]",0x55
125,456,"[72 73 74 75 76 77 78 79 80 81 82 83 84 85 86 87 88 89 90 91 92 93 94 95 96 97 98 99 100 101 102 103 104 105 106 107 108 109 110 111 112 113 114 115 116 117 118 119 120 121 122 123 124 125 126 127 128 129 130 131 132 133 134 135 136 137 138 139 140 141 142 143 144 145 146 147 148 149 150 151 152 153 154 155 156 157 158 159 160 161 162 163 164 165 166 167 168 169 170 171 172 173 174 175 176 177 178 179 180 181 182 183 184 185 186 187 188 189 190 191 192 193 194 195 196 197 198 199 200 201 202 203 204 205 206 207 208 209 210 211 212 213 214 215 216 217 218 219 220 221 222 223 224 225 226 227 228 229 230 231 232 233 234 235 236 237 238 239 240 241 242 243 244 245 246 247 248 249 250 251 252 253 254 255 0 1 2 3 4 5 6 7 8 9 10 11 12 13 14 15 16 17 18 19 20 21 22 23 24 25 26 27 28 29 30 31 32 33 34 35 36 37 38 39 40 41 42 43 44 45 46 47 48 49 50 51 52 53 54 55 56 57 58 59 60 61 62 63 64 65 66 67 68 69 70 71 72 73 74 75 76 77 78 79 80 81 82 83 84 85 86 87 88 89 90 91 92 93 94 95 96 97 98 99 100 101 102 103 104 105 106 107 108 109 110 111 112 113 114 115 116 117 118 119 120 121 122 123 124 125 126 127 128 129 130 131 132 133 134 135 136 137 138 139 140 141 142 143 144 145 146 147 148 149 150 151 152 153 154 155 156 157 158 159 160 161 162 163 164 165 166 167 168 169 170 171 172 173 174 175 176 177 178 179 180 181 182 183 184 185 186 187 188 189 190 191 192 193 194 195 196 197 198 199 200 201 202 203 204 205 206 207 208 209 210 211 212 213 214 215 216 217 218 219 220 221 222 223 224 225 226 227 228 229 230 231 232 233 234 235 236 237 238 239 240 241 242 243 244 245 246 247 248 249 250 251 252 253 254 255 0 1 2 3 4 5 6 7 8 9 10 11 12 13 14 15]",0x3C
126,37,"[188 189 190 191 192 193 194 195 196 197 198 199 200 201 202 203 204 205 206 207 208 209 210 211 212 213 214 215 216 217 218 219 220 221 222 223 224]",0xAD
127,6,"[255 255 0 194 0 0]",0x83
128,15,"[75 195 190 62 75 195 190 62 75 195 190 62 75 195 190]",0x6D
129,773,"[53 133 53 133 53 133 53 133 53 133 53 133 53 133 53 133 53 133 53 133 53 133 53 133 53 133 53 133 53 133 53 133 53 133 53 133 53 133 53 133 53 133 53 133 53 133 53 133 53 133 53 133 53 133 53 133 53 133 53 133 53 133 53 133 53 133 53 133 53 133 53 133 53 133 53 133 53 133 53 133 53 133 53 133 53 133 53 133 53 133 53 133 53 133 53 133 53 133 53 133 53 133 53 133 53 133 53 133 53 133 53 133 53 133 53 133 53 133 53 133 53 133 53 133 53 133 53 133 53 133 53 133 53 133 53 133 53 133 53 133 53 133 53 133 53 133 53 133 53 133 53 133 53 133 53 133 53 133 53 133 53 133 53 133 53 133 53 133 53 133 53 133 53 133 53 133 53 133 53 133 53 133 53 133 53 133 53 133 53 133 53 133 53 133 53 133 53 133 53 133 53 133 53 133 53 133 53 133 53 133 53 133 53 133 53 133 53 133 53 133 53 133 53 133 53 133 53 133 53 133 53 133 53 133 53 133 53 133 53 133 53 133 53 133 53 133 53 133 53 133 53 133 53 133 53 133 53 133 53 133 53 133 53 133 53 133 53 133 53 133 53 133 53 133 53 133 53 133 53 133 53 133 53 133 53 133 53 133 53 133 53 133 53 133 53 133 53 133 53 133 53 133 53 133 53 133 53 133 53 133 53 133 53 133 53 133 53 133 53 133 53 133 53 133 53 133 53 133 53 133 53 133 53 133 53 133 53 133 53 133 53 133 53 133 53 133 53 133 53 133 53 133 53 133 53 133 53 133 53 133 53 133 53 133 53 133 53 133 53 133 53 133 53 133 53 133 53 133 53 133 53 133 53 133 53 133 53 133 53 133 53 133 53 133 53 133 53 133 53 133 53 133 53 133 53 133 53 133 53 133 53 133 53 133 53 133 53 133 53 133 53 133 53 133 53 133 53 133 53 133 53 133 53 133 53 133 53 133 53 133 53 133 53 133 53 133 53 133 53 133 53 133 53 133 53 133 53 133 53 133 53 133 53 133 53 133 53 133 53 133 53 133 53 133 53 133 53 133 53 133 53 133 53 133 53 133 53 133 53 133 53 133 53 133 53 133 53 133 53 133 53 133 53 133 53 133 53 133 53 133 53 133 53 133 53 133 53 133 53 133 53 133 53 133 53 133 53 133 53 133 53 133 53 133 53 133 53 133 53 133 53 133 53 133 53 133 53 133 53 133 53 133 53 133 53 133 53 133 53 133 53 133 53 133 53 133 53 133 53 133 53 133 53 133 53 133 53 133 53 133 53 133 53 133 53 133 53 133 53 133 53 133 53 133 53 133 53 133 53 133 53 133 53 133 53 133 53 133 53 133 53 133 53 133 53 133 53 133 53 133 53 133 53 133 53 133 53 133 53 133 53 133 53 133 53 133 53 133 53 133 53 133 53 133 53 133 53 133 53 133 53 133 53 133 53 133 53 133 53 133 53 133 53 133 53 133 53 133 53 133 53 133 53 133 53 133 53 133 53 133 53 133 53 133 53 133 53 133 53 133 53 133 53 133 53 133 53 133 53 133 53 133 53 133 53 133 53 133 53 133 53 133 53 133 53 133 53 133 53 133 53 133 53 133 53 133 53 133 53 133 53 133 53 133 53 133 53 133 53 133 53 133 53 133 53 133 53 133 53 133 53 133 53 133 53 133 53 133 53 133 53 133 53 133 53 133 53 133 53 133 53 133 53]",0x99
130,676,"[174 175 176 177 178 179 180 181 182 183 184 185 186 187 188 189 190 191 192 193 194 195 196 197 198 199 200 201 202 203 204 205 206 207 208 209 210 211 212 213 214 215 216 217 218 219 220 221 222 223 224 225 226 227 228 229 230 231 232 233 234 235 236 237 238 239 240 241 242 243 244 245 246 247 248 249 250 251 252 253 254 255 0 1 2 3 4 5 6 7 8 9 10 11 12 13 14 15 16 17 18 19 20 21 22 23 24 25 26 27 28 29 30 31 32 33 34 35 36 37 38 39 40 41 42 43 44 45 46 47 48 49 50 51 52 53 54 55 56 57 58 59 60 61 62 63 64 65 66 67 68 69 70 71 72 73 74 75 76 77 78 79 80 81 82 83 84 85 86 87 88 89 90 91 92 93 94 95 96 97 98 99 100 101 102 103 104 105 106 107 108 109 110 111 112 113 114 115 116 117 118 119 120 121 122 123 124 125 126 127 128 129 130 131 132 133 134 135 136 137 138 139 140 141 142 143 144 145 146 147 148 149 150 151 152 153 154 155 156 157 158 159 160 161 162 163 164 165 166 167 168 169 170 171 172 173 174 175 176 177 178 179 180 181 182 183 184 185 186 187 188 189 190 191 192 193 194 195 196 197 198 199 200 201 202 203 204 205 206 207 208 209 210 211 212 213 214 215 216 217 218 219 220 221 222 223 224 225 226 227 228 229 230 231 232 233 234 235 236 237 238 239 240 241 242 243 244 245 246 247 248 249 250 251 252 253 254 255 0 1 2 3 4 5 6 7 8 9 10 11 12 13 14 15 16 17 18 19 20 21 22 23 24 25 26 27 28 29 30 31 32 33 34 35 36 37 38 39 40 41 42 43 44 45 46 47 48 49 50 51 52 53 54 55 56 57 58 59 60 61 62 63 64 65 66 67 68 69 70 71 72 73 74 75 76 77 78 79 80 81 82 83 84 85 86 87 88 89 90 91 92 93 94 95 96 97 98 99 100 101 102 103 104 105 106 107 108 109 110 111 112 113 114 115 116 117 118 119 120 121 122 123 124 125 126 127 128 129 130 131 132 133 134 135 136 137 138 139 140 141 142 143 144 145 146 147 148 149 150 151 152 153 154 155 156 157 158 159 160 161 162 163 164 165 166 167 168 169 170 171 172 173 174 175 176 177 178 179 180 181 182 183 184 185 186 187 188 189 190 191 192 193 194 195 196 197 198 199 200 201 202 203 204 205 206 207 208 209 210 211 212 213 214 215 216 217 218 219 220 221 222 223 224 225 226 227 228 229 230 231 232 233 234 235 236 237 238 239 240 241 242 243 244 245 246 247 248 249 250 251 252 253 254 255 0 1 2 3 4 5 6 7 8 9 10 11 12 13 14 15 16 17 18 19 20 21 22 23 24 25 26 27 28 29 30 31 32 33 34 35 36 37 38 39 40 41 42 43 44 45 46 47 48 49 50 51 52 53 54 55 56 57 58 59 60 61 62 63 64 65 66 67 68 69 70 71 72 73 74 75 76 77 78 79 80 81]",0x9F
131,64,"[162 161 160 159 158 157 156 155 154 153 152 151 150 149 148 147 146 145 144 143 142 141 140 139 138 137 136 135 134 133 132 131 130 129 128 127 126 125 124 123 122 121 120 119 118 117 116 115 114 113 112 111 110 109 108 107 106 105 104 103 102 101 100 99]",0xEB
132,750,"[38 39 40 41 42 43 44 45 46 47 48 49 50 51 52 53 54 55 56 57 58 59 60 61 62 63 64 65 66 67 68 69 70 71 72 73 74 75 76 77 78 79 80 81 82 83 84 85 86 87 88 89 90 91 92 93 94 95 96 97 98 99 100 101 102 103 104 105 106 107 108 109 110 111 112 113 114 115 116 117 118 119 120 121 122 123 124 125 126 127 128 129 130 131 132 133 134 135 136 137 138 139 140 141 142 143 144 145 146 147 148 149 150 151 152 153 154 155 156 157 158 159 160 161 162 163 164 165 166 167 168 169 170 171 172 173 174 175 176 177 178 179 180 181 182 183 184 185 186 187 188 189 190 191 192 193 194 195 196 197 198 199 200 201 202 203 204 205 206 207 208 209 210 211 212 213 214 215 216 217 218 219 220 221 222 223 224 225 226 227 228 229 230 231 232 233 234 235 236 237 238 239 240 241 242 243 244 245 246 247 248 249 250 251 252 253 254 255 0 1 2 3 4 5 6 7 8 9 10 11 12 13 14 15 16 17 18 19 20 21 22 23 24 25 26 27 28 29 30 31 32 33 34 35 36 37 38 39 40 41 42 43 44 45 46 47 48 49 50 51 52 53 54 55 56 57 58 59 60 61 62 63 64 65 66 67 68 69 70 71 72 73 74 75 76 77 78 79 80 81 82 83 84 85 86 87 88 89 90 91 92 93 94 95 96 97 98 99 100 101 102 103 104 105 106 107 108 109 110 111 112 113 114 115 116 117 118 119 120 121 122 123 124 125 126 127 128 129 130 131 132 133 134 135 136 137 138 139 140 141 142 143 144 145 146 147 148 149 150 151 152 153 154 155 156 157 158 159 160 161 162 163 164 165 166 167 168 169 170 171 172 173 174 175 176 177 178 179 180 181 182 183 184 185 186 187 188 189 190 191 192 193 194 195 196 197 198 199 200 201 202 203 204 205 206 207 208 209 210 211 212 213 214 215 216 217 218 219 220 221 222 223 224 225 226 227 228 229 230 231 232 233 234 235 236 237 238 239 240 241 242 243 244 245 246 247 248 249 250 251 252 253 254 255 0 1 2 3 4 5 6 7 8 9 10 11 12 13 14 15 16 17 18 19 20 21 22 23 24 25 26 27 28 29 30 31 32 33 34 35 36 37 38 39 40 41 42 43 44 45 46 47 48 49 50 51 52 53 54 55 56 57 58 59 60 61 62 63 64 65 66 67 68 69 70 71 72 73 74 75 76 77 78 79 80 81 82 83 84 85 86 87 88 89 90 91 92 93 94 95 96 97 98 99 100 101 102 103 104 105 106 107 108 109 110 111 112 113 114 115 116 117 118 119 120 121 122 123 124 125 126 127 128 129 130 131 132 133 134 135 136 137 138 139 140 141 142 143 144 145 146 147 148 149 150 151 152 153 154 155 156 157 158 159 160 161 162 163 164 165 166 167 168 169 170 171 172 173 174 175 176 177 178 179 180 181 182 183 184 185 186 187 188 189 190 191 192 193 194 195 196 197 198 199 200 201 202 203 204 205 206 207 208 209 210 211 212 213 214 215 216 217 218 219 220 221 222 223 224 225 226 227 228 229 230 231 232 233 234 235 236 237 238 239 240 241 242 243 244 245 246 247 248 249 250 251 252 253 254 255 0 1 2 3 4 5 6 7 8 9 10 11 12 13 14 15 16 17 18 19]",0xAE
133,943,"[124 125 126 127 128 129 130 131 132 133 134 135 136 137 138 139 140 141 142 143 144 145 146 147 148 149 150 151 152 153 154 155 156 157 158 159 160 161 162 163 164 165 166 167 168 169 170 171 172 173 174 175 176 177 178 179 180 181 182 183 184 185 186 187 188 189 190 191 192 193 194 195 196 197 198 199 200 201 202 203 204 205 206 207 208 209 210 211 212 213 214 215 216 217 218 219 220 221 222 223 224 225 226 227 228 229 230 231 232 233 234 235 236 237 238 239 240 241 242 243 244 245 246 247 248 249 250 251 252 253 254 255 0 1 2 3 4 5 6 7 8 9 10 11 12 13 14 15 16 17 18 19 20 21 22 23 24 25 26 27 28 29 30 31 32 33 34 35 36 37 38 39 40 41 42 43 44 45 46 47 48 49 50 51 52 53 54 55 56 57 58 59 60 61 62 63 64 65 66 67 68 69 70 71 72 73 74 75 76 77 78 79 80 81 82 83 84 85 86 87 88 89 90 91 92 93 94 95 96 97 98 99 100 101 102 103 104 105 106 107 108 109 110 111 112 113 114 115 116 117 118 119 120 121 122 123 124 125 126 127 128 129 130 131 132 133 134 135 136 137 138 139 140 141 142 143 144 145 146 147 148 149 150 151 152 153 154 155 156 157 158 159 160 161 162 163 164 165 166 167 168 169 170 171 172 173 174 175 176 177 178 179 180 181 182 183 184 185 186 187 188 189 190 191 192 193 194 195 196 197 198 199 200 201 202 203 204 205 206 207 208 209 210 211 212 213 214 215 216 217 218 219 220 221 222 223 224 225 226 227 228 229 230 231 232 233 234 235 236 237 238 239 240 241 242 243 244 245 246 247 248 249 250 251 252 253 254 255 0 1 2 3 4 5 6 7 8 9 10 11 12 13 14 15 16 17 18 19 20 21 22 23 24 25 26 27 28 29 30 31 32 33 34 35 36 37 38 39 40 41 42 43 44 45 46 47 48 49 50 51 52 53 54 55 56 57 58 59 60 61 62 63 64 65 66 67 68 69 70 71 72 73 74 75 76 77 78 79 80 81 82 83 84 85 86 87 88 89 90 91 92 93 94 95 96 97 98 99 100 101 102 103 104 105 106 107 108 109 110 111 112 113 114 115 116 117 118 119 120 121 122 123 124 125 126 127 128 129 130 131 132 133 134 135 136 137 138 139 140 141 142 143 144 145 146 147 148 149 150 151 152 153 154 155 156 157 158 159 160 161 162 163 164 165 166 167 168 169 170 171 172 173 174 175 176 177 178 179 180 181 182 183 184 185 186 187 188 189 190 191 192 193 194 195 196 197 198 199 200 201 202 203 204 205 206 207 208 209 210 211 212 213 214 215 216 217 218 219 220 221 222 223 224 225 226 227 228 229 230 231 232 233 234 235 236 237 238 239 240 241 242 243 244 245 246 247 248 249 250 251 252 253 254 255 0 1 2 3 4 5 6 7 8 9 10 11 12 13 14 15 16 17 18 19 20 21 22 23 24 25 26 27 28 29 30 31 32 33 34 35 36 37 38 39 40 41 42 43 44 45 46 47 48 49 50 51 52 53 54 55 56 57 58 59 60 61 62 63 64 65 66 67 68 69 70 71 72 73 74 75 76 77 78 79 80 81 82 83 84 85 86 87 88 89 90 91 92 93 94 95 96 97 98 99 100 101 102 103 104 105 106 107 108 109 110 111 112 113 114 115 116 117 118 119 120 121 122 123 124 125 126 127 128 129 130 131 132 133 134 135 136 137 138 139 140 141 142 143 144 145 146 147 148 149 150 151 152 153 154 155 156 157 158 159 160 161 162 163 164 165 166 167 168 169 170 171 172 173 174 175 176 177 178 179 180 181 182 183 184 185 186 187 188 189 190 191 192 193 194 195 196 197 198 199 200 201 202 203 204 205 206 207 208 209 210 211 212 213 214 215 216 217 218 219 220 221 222 223 224 225 226 227 228 229 230 231 232 233 234 235 236 237 238 239 240 241 242 243 244 245 246 247 248 249 250 251 252 253 254 255 0 1 2 3 4 5 6 7 8 9 10 11 12 13 14 15 16 17 18 19 20 21 22 23 24 25 26 27 28 29 30 31 32 33 34 35 36 37 38 39 40 41 42]",0x1B
134,78,"[102 101 100 99 98 97 96 95 94 93 92 91 90 89 88 87 86 85 84 83 82 81 80 79 78 77 76 75 74 73 72 71 70 69 68 67 66 65 64 63 62 61 60 59 58 57 56 55 54 53 52 51 50 49 48 47 46 45 44 43 42 41 40 39 38 37 36 35 34 33 32 31 30 29 28 27 26 25]",0x4F
135,263,"[0 0 255 0 255 14 0 232 255 212 0 0 0 0 255 191 255 0 63 255 0 0 0 255 255 0 255 255 139 255 0 156 0 0 255 123 255 0 255 255 0 0 244 255 123 0 0 0 211 0 255 255 0 0 246 255 255 255 50 6 0 0 0 255 102 0 146 0 0 226 255 0 135 0 159 0 255 0 255 0 255 225 0 111 255 0 205 0 0 0 200 255 255 0 255 2 69 255 152 255 227 255 29 127 255 255 54 255 0 255 255 255 0 255 0 0 255 255 0 0 21 255 0 255 228 255 0 51 0 255 0 255 82 181 0 255 255 255 255 1 0 132 0 255 255 0 4 94 255 247 0 255 46 163 138 255 255 172 0 0 0 0 0 255 0 255 255 214 255 255 132 104 148 255 0 70 73 255 255 255 172 255 255 160 167 241 0 255 0 255 0 0 0 255 0 0 0 255 162 255 44 255 0 255 255 52 0 255 0 255 51 0 0 255 1 17 72 0 255 156 195 0 0 0 0 35 255 0 0 0 255 0 255 255 107 0 0 0 255 255 245 93 255 255 130 0 255 255 255 255 255 0 255 0 255 92 255 229 0 255 0 0 6]",0xBB
136,940,"[177 178 179 180 181 182 183 184 185 186 187 188 189 190 191 192 193 194 195 196 197 198 199 200 201 202 203 204 205 206 207 208 209 210 211 212 213 214 215 216 217 218 219 220 221 222 223 224 225 226 227 228 229 230 231 232 233 234 235 236 237 238 239 240 241 242 243 244 245 246 247 248 249 250 251 252 253 254 255 0 1 2 3 4 5 6 7 8 9 10 11 12 13 14 15 16 17 18 19 20 21 22 23 24 25 26 27 28 29 30 31 32 33 34 35 36 37 38 39 40 41 42 43 44 45 46 47 48 49 50 51 52 53 54 55 56 57 58 59 60 61 62 63 64 65 66 67 68 69 70 71 72 73 74 75 76 77 78 79 80 81 82 83 84 85 86 87 88 89 90 91 92 93 94 95 96 97 98 99 100 101 102 103 104 105 106 107 108 109 110 111 112 113 114 115 116 117 118 119 120 121 122 123 124 125 126 127 128 129 130 131 132 133 134 135 136 137 138 139 140 141 142 143 144 145 146 147 148 149 150 151 152 153 154 155 156 157 158 159 160 161 162 163 164 165 166 167 168 169 170 171 172 173 174 175 176 177 178 179 180 181 182 183 184 185 186 187 188 189 190 191 192 193 194 195 196 197 198 199 200 201 202 203 204 205 206 207 208 209 210 211 212 213 214 215 216 217 218 219 220 221 222 223 224 225 226 227 228 229 230 231 232 233 234 235 236 237 238 239 240 241 242 243 244 245 246 247 248 249 250 251 252 253 254 255 0 1 2 3 4 5 6 7 8 9 10 11 12 13 14 15 16 17 18 19 20 21 22 23 24 25 26 27 28 29 30 31 32 33 34 35 36 37 38 39 40 41 42 43 44 45 46 47 48 49 50 51 52 53 54 55 56 57 58 59 60 61 62 63 64 65 66 67 68 69 70 71 72 73 74 75 76 77 78 79 80 81 82 83 84 85 86 87 88 89 90 91 92 93 94 95 96 97 98 99 100 101 102 103 104 105 106 107 108 109 110 111 112 113 114 115 116 117 118 119 120 121 122 123 124 125 126 127 128 129 130 131 132 133 134 135 136 137 138 139 140 141 142 143 144 145 146 147 148 149 150 151 152 153 154 155 156 157 158 159 160 161 162 163 164 165 166 167 168 169 170 171 172 173 174 175 176 177 178 179 180 181 182 183 184 185 186 187 188 189 190 191 192 193 194 195 196 197 198 199 200 201 202 203 204 205 206 207 208 209 210 211 212 213 214 215 216 217 218 219 220 221 222 223 224 225 226 227 228 229 230 231 232 233 234 235 236 237 238 239 240 241 242 243 244 245 246 247 248 249 250 251 252 253 254 255 0 1 2 3 4 5 6 7 8 9 10 11 12 13 14 15 16 17 18 19 20 21 22 23 24 25 26 27 28 29 30 31 32 33 34 35 36 37 38 39 40 41 42 43 44 45 46 47 48 49 50 51 52 53 54 55 56 57 58 59 60 61 62 63 64 65 66 67 68 69 70 71 72 73 74 75 76 77 78 79 80 81 82 83 84 85 86 87 88 89 90 91 92 93 94 95 96 97 98 99 100 101 102 103 104 105 106 107 108 109 110 111 112 113 114 115 116 117 118 119 120 121 122 123 124 125 126 127 128 129 130 131 132 133 134 135 136 137 138 139 140 141 142 143 144 145 146 147 148 149 150 151 152 153 154 155 156 157 158 159 160 161 162 163 164 165 166 167 168 169 170 171 172 173 174 175 176 177 178 179 180 181 182 183 184 185 186 187 188 189 190 191 192 193 194 195 196 197 198 199 200 201 202 203 204 205 206 207 208 209 210 211 212 213 214 215 216 217 218 219 220 221 222 223 224 225 226 227 228 229 230 231 232 233 234 235 236 237 238 239 240 241 242 243 244 245 246 247 248 249 250 251 252 253 254 255 0 1 2 3 4 5 6 7 8 9 10 11 12 13 14 15 16 17 18 19 20 21 22 23 24 25 26 27 28 29 30 31 32 33 34 35 36 37 38 39 40 41 42 43 44 45 46 47 48 49 50 51 52 53 54 55 56 57 58 59 60 61 62 63 64 65 66 67 68 69 70 71 72 73 74 75 76 77 78 79 80 81 82 83 84 85 86 87 88 89 90 91 92]",0xF1
137,967,"[25 26 27 28 29 30 31 32 33 34 35 36 37 38 39 40 41 42 43 44 45 46 47 48 49 50 51 52 53 54 55 56 57 58 59 60 61 62 63 64 65 66 67 68 69 70 71 72 73 74 75 76 77 78 79 80 81 82 83 84 85 86 87 88 89 90 91 92 93 94 95 96 97 98 99 100 101 102 103 104 105 106 107 108 109 110 111 112 113 114 115 116 117 118 119 120 121 122 123 124 125 126 127 128 129 130 131 132 133 134 135 136 137 138 139 140 141 142 143 144 145 146 147 148 149 150 151 152 153 154 155 156 157 158 159 160 161 162 163 164 165 166 167 168 169 170 171 172 173 174 175 176 177 178 179 180 181 182 183 184 185 186 187 188 189 190 191 192 193 194 195 196 197 198 199 200 201 202 203 204 205 206 207 208 209 210 211 212 213 214 215 216 217 218 219 220 221 222 223 224 225 226 227 228 229 230 231 232 233 234 235 236 237 238 239 240 241 242 243 244 245 246 247 248 249 250 251 252 253 254 255 0 1 2 3 4 5 6 7 8 9 10 11 12 13 14 15 16 17 18 19 20 21 22 23 24 25 26 27 28 29 30 31 32 33 34 35 36 37 38 39 40 41 42 43 44 45 46 47 48 49 50 51 52 53 54 55 56 57 58 59 60 61 62 63 64 65 66 67 68 69 70 71 72 73 74 75 76 77 78 79 80 81 82 83 84 85 86 87 88 89 90 91 92 93 94 95 96 97 98 99 100 101 102 103 104 105 106 107 108 109 110 111 112 113 114 115 116 117 118 119 120 121 122 123 124 125 126 127 128 129 130 131 132 133 134 135 136 137 138 139 140 141 142 143 144 145 146 147 148 149 150 151 152 153 154 155 156 157 158 159 160 161 162 163 164 165 166 167 168 169 170 171 172 173 174 175 176 177 178 179 180 181 182 183 184 185 186 187 188 189 190 191 192 193 194 195 196 197 198 199 200 201 202 203 204 205 206 207 208 209 210 211 212 213 214 215 216 217 218 219 220 221 222 223 224 225 226 227 228 229 230 231 232 233 234 235 236 237 238 239 240 241 242 243 244 245 246 247 248 249 250 251 252 253 254 255 0 1 2 3 4 5 6 7 8 9 10 11 12 13 14 15 16 17 18 19 20 21 22 23 24 25 26 27 28 29 30 31 32 33 34 35 36 37 38 39 40 41 42 43 44 45 46 47 48 49 50 51 52 53 54 55 56 57 58 59 60 61 62 63 64 65 66 67 68 69 70 71 72 73 74 75 76 77 78 79 80 81 82 83 84 85 86 87 88 89 90 91 92 93 94 95 96 97 98 99 100 101 102 103 104 105 106 107 108 109 110 111 112 113 114 115 116 117 118 119 120 121 122 123 124 125 126 127 128 129 130 131 132 133 134 135 136 137 138 139 140 141 142 143 144 145 146 147 148 149 150 151 152 153 154 155 156 157 158 159 160 161 162 163 164 165 166 167 168 169 170 171 172 173 174 175 176 177 178 179 180 181 182 183 184 185 186 187 188 189 190 191 192 193 194 195 196 197 198 199 200 201 202 203 204 205 206 207 208 209 210 211 212 213 214 215 216 217 218 219 220 221 222 223 224 225 226 227 228 229 230 231 232 233 234 235 236 237 238 239 240 241 242 243 244 245 246 247 248 249 250 251 252 253 254 255 0 1 2 3 4 5 6 7 8 9 10 11 12 13 14 15 16 17 18 19 20 21 22 23 24 25 26 27 28 29 30 31 32 33 34 35 36 37 38 39 40 41 42 43 44 45 46 47 48 49 50 51 52 53 54 55 56 57 58 59 60 61 62 63 64 65 66 67 68 69 70 71 72 73 74 75 76 77 78 79 80 81 82 83 84 85 86 87 88 89 90 91 92 93 94 95 96 97 98 99 100 101 102 103 104 105 106 107 108 109 110 111 112 113 114 115 116 117 118 119 120 121 122 123 124 125 126 127 128 129 130 131 132 133 134 135 136 137 138 139 140 141 142 143 144 145 146 147 148 149 150 151 152 153 154 155 156 157 158 159 160 161 162 163 164 165 166 167 168 169 170 171 172 173 174 175 176 177 178 179 180 181 182 183 184 185 186 187 188 189 190 191 192 193 194 195 196 197 198 199 200 201 202 203 204 205 206 207 208 209 210 211 212 213 214 215 216 217 218 219 220 221 222 223]",0xFC
138,8,"[174 173 172 171 170 169 168 167]",0xDF
139,26,"[111 112 113 114 115 116 117 118 119 120 121 122 123 124 125 126 127 128 129 130 131 132 133 134 135 136]",0x71
140,498,"[54 68 54 68 54 68 54 68 54 68 54 68 54 68 54 68 54 68 54 68 54 68 54 68 54 68 54 68 54 68 54 68 54 68 54 68 54 68 54 68 54 68 54 68 54 68 54 68 54 68 54 68 54 68 54 68 54 68 54 68 54 68 54 68 54 68 54 68 54 68 54 68 54 68 54 68 54 68 54 68 54 68 54 68 54 68 54 68 54 68 54 68 54 68 54 68 54 68 54 68 54 68 54 68 54 68 54 68 54 68 54 68 54 68 54 68 54 68 54 68 54 68 54 68 54 68 54 68 54 68 54 68 54 68 54 68 54 68 54 68 54 68 54 68 54 68 54 68 54 68 54 68 54 68 54 68 54 68 54 68 54 68 54 68 54 68 54 68 54 68 54 68 54 68 54 68 54 68 54 68 54 68 54 68 54 68 54 68 54 68 54 68 54 68 54 68 54 68 54 68 54 68 54 68 54 68 54 68 54 68 54 68 54 68 54 68 54 68 54 68 54 68 54 68 54 68 54 68 54 68 54 68 54 68 54 68 54 68 54 68 54 68 54 68 54 68 54 68 54 68 54 68 54 68 54 68 54 68 54 68 54 68 54 68 54 68 54 68 54 68 54 68 54 68 54 68 54 68 54 68 54 68 54 68 54 68 54 68 54 68 54 68 54 68 54 68 54 68 54 68 54 68 54 68 54 68 54 68 54 68 54 68 54 68 54 68 54 68 54 68 54 68 54 68 54 68 54 68 54 68 54 68 54 68 54 68 54 68 54 68 54 68 54 68 54 68 54 68 54 68 54 68 54 68 54 68 54 68 54 68 54 68 54 68 54 68 54 68 54 68 54 68 54 68 54 68 54 68 54 68 54 68 54 68 54 68 54 68 54 68 54 68 54 68 54 68 54 68 54 68 54 68 54 68 54 68 54 68 54 68 54 68 54 68 54 68 54 68 54 68 54 68 54 68 54 68 54 68 54 68 54 68 54 68 54 68 54 68 54 68 54 68 54 68 54 68 54 68 54 68 54 68 54 68 54 68 54 68 54 68 54 68 54 68 54 68 54 68 54 68 54 68 54 68 54 68 54 68 54 68 54 68 54 68 54 68 54 68 54 68 54 68 54 68 54 68 54 68]",0xA3
141,4,"[47 191 83 171]",0xA4
142,624,"[42 83 44 153 182 81 138 176 107 218 197 16 159 60 142 244 225 103 74 60 136 29 140 0 82 56 248 186 89 23 132 54 137 213 157 162 138 237 238 131 78 117 47 162 128 26 50 122 227 144 174 86 146 114 168 12 126 75 83 245 46 79 130 220 106 190 219 79 100 91 213 11 78 173 144 111 138 50 110 128 230 66 222 164 5 185 9 255 223 76 65 97 91 95 81 159 42 216 207 121 218 63 4 158 117 145 230 248 162 195 21 41 187 110 114 79 155 47 160 44 16 84 59 227 14 45 140 123 11 1 252 168 93 120 68 88 166 225 47 215 31 55 9 36 234 117 19 245 225 193 238 56 214 176 222 204 88 198 67 84 27 239 74 133 100 245 85 199 218 111 96 191 233 193 58 227 99 147 212 48 200 152 228 44 107 213 4 28 253 71 249 46 92 192 168 148 135 215 60 113 39 152 64 85 120 6 23 175 109 221 177 2 157 23 199 253 135 174 60 112 219 42 67 114 182 96 237 24 94 181 57 168 42 14 30 238 141 203 85 151 126 242 191 187 11 140 119 237 65 69 105 62 33 219 142 220 212 72 140 21 234 103 100 77 117 64 95 204 213 77 120 13 227 56 173 149 141 219 26 88 137 207 55 205 102 48 194 23 131 16 91 153 142 103 109 58 116 244 217 37 7 238 134 137 199 80 123 247 172 39 34 52 196 75 5 241 43 2 60 60 108 235 225 116 105 142 62 13 240 47 50 120 125 4 37 96 175 58 108 142 227 83 34 125 191 28 108 4 8 123 76 216 154 116 104 127 10 228 255 46 30 36 169 169 217 192 115 156 176 131 121 165 142 164 156 184 164 133 174 115 61 0 143 151 248 92 100 51 18 197 63 155 176 120 224 113 72 229 220 41 6 23 73 248 142 95 227 116 80 240 217 215 131 202 45 146 251 74 203 125 10 195 43 161 21 242 74 57 33 242 182 189 127 121 28 143 63 250 203 105 38 201 31 48 54 142 201 80 21 118 191 56 56 242 244 253 206 48 54 87 81 244 202 185 47 232 211 41 223 69 20 168 167 24 81 254 173 186 54 20 70 63 60 49 147 83 210 47 118 3 123 14 250 202 125 22 151 194 48 145 208 196 205 225 240 103 145 202 178 254 3 90 71 67 56 181 21 189 177 64 64 160 195 224 218 247 148 232 206 229 2 247 121 204 32 101 69 74 31 206 2 80 44 150 65 66 125 167 31 44 63 249 101 153 61 125 18 8 119 102 35 176 254 101 159 246 212 118 188 32 131 71 41 109 33 178 116 135 37 35 149 252 24 73 222 18 224 134 104 79 76 78 226 185 171 204 65 158 117 200 79 164 225 102 17 132 88 172 243 124 119 167 26 64 235 171 3 52 174 195 215 74 238 141]",0xE8
143,638,"[246 31 65 208 158 214 132 96 235 9 219 59 217 35 148 227 121 191 205 188 236 114 44 12 63 36 142 47 9 9 212 151 91 228 17 250 157 46 173 195 109 220 38 71 23 53 61 234 19 109 136 230 255 192 248 201 246 181 20 102 165 89 69 147 238 8 196 185 246 238 195 133 52 139 195 229 202 49 153 85 2 51 28 215 66 72 245 97 2 72 30 26 19 151 48 92 220 108 234 127 102 192 18 22 166 124 202 234 99 152 128 251 212 233 65 197 67 53 241 4 247 38 209 70 89 55 149 89 168 4 16 25 107 208 227 62 147 196 73 104 134 34 6 39 160 18 48 86 19 49 233 4 167 98 172 150 57 216 125 210 103 252 197 247 131 121 193 225 246 83 204 53 139 46 88 238 37 161 151 30 83 144 47 204 248 54 47 116 191 72 5 138 244 100 107 248 177 184 144 249 176 229 179 188 74 77 200 75 144 63 209 28 212 154 47 138 72 82 89 16 252 8 169 95 165 91 172 186 176 29 168 71 7 106 110 119 180 79 80 15 175 145 89 180 137 120 130 162 168 73 36 40 163 223 104 43 193 213 225 155 220 3 27 23 182 17 127 121 79 222 43 90 198 7 172 208 238 224 81 150 19 66 24 80 224 88 143 110 117 248 75 160 107 15 125 208 25 17 39 195 185 144 119 227 196 207 208 164 117 221 237 6 13 245 70 223 99 30 20 40 63 125 179 252 113 132 133 138 132 2 0 25 25 180 52 229 237 249 240 69 130 44 206 227 217 110 194 24 10 192 108 254 24 219 122 211 209 234 76 243 38 20 110 212 121 212 186 53 242 15 229 77 128 108 43 91 49 52 47 125 204 145 228 162 176 170 115 176 17 220 199 62 196 3 55 16 199 193 208 1 128 180 39 166 21 46 121 167 37 47 52 61 57 101 167 112 198 184 32 12 224 20 37 5 160 149 252 227 105 95 75 39 35 33 29 61 78 246 148 252 95 117 83 46 36 241 252 11 38 108 47 93 33 116 69 90 24 109 251 84 224 215 243 202 168 219 19 118 253 197 246 199 223 180 194 133 236 211 216 172 77 9 239 150 76 38 212 214 208 165 93 77 2 213 22 161 129 134 237 8 197 13 9 110 16 202 135 7 10 156 206 112 141 204 156 57 156 160 187 158 248 50 243 137 172 25 97 196 180 10 139 22 254 229 5 219 235 90 184 113 167 87 82 108 37 212 89 102 228 127 139 244 227 43 121 248 95 95 49 29 189 197 248 197 62 10 252 87 79 231 149 55 227 254 22 220 99 134 234 249 67 54 20 143 3 105 18 103 10 213 53 84 222 191 56 18 183 100 196 113 88 115 191 230 12 134 8 119 226 92 238 161 239 193 26 59 100 43 126 120 244 111 201 241 224 53 126 89 102 92 211 115 134 251 15 124 198 38]",0xFC
144,316,"[0 0 0 255 255 0 255 65 0 255 255 0 115 255 197 0 136 87 255 0 0 0 255 255 255 255 209 0 239 101 39 0 255 199 255 100 173 255 64 255 255 0 118 0 255 255 48 255 0 255 255 194 255 255 255 0 0 0 173 0 215 84 0 0 255 0 27 43 0 103 134 255 255 0 244 255 255 0 0 0 255 255 255 255 0 0 255 255 255 48 255 0 255 148 255 248 0 255 0 222 255 255 0 0 0 62 255 0 132 255 255 4 255 0 51 255 120 255 67 0 229 225 0 189 0 116 255 0 74 0 247 240 0 0 172 65 255 255 0 0 0 0 0 255 255 115 255 255 0 44 0 0 255 93 152 255 191 0 129 255 72 0 255 255 0 0 0 198 0 175 255 255 0 111 255 175 0 19 255 0 0 0 255 115 0 0 255 0 255 255 255 235 255 255 0 0 255 0 197 93 124 0 0 12 0 255 255 255 227 155 255 224 0 110 0 255 0 0 255 255 66 255 255 255 170 240 0 255 0 255 0 144 0 0 255 0 255 255 130 49 0 21 25 77 0 255 10 155 98 255 255 0 255 0 0 255 21 120 35 0 0 0 0 0 0 238 255 255 0 0 255 0 0 255 255 0 0 255 0 255 0 0 255 17 255 255 231 0 171 14 255 255 0 255 255 0 233 255 0 0 181 182 255 181 240 255 244 255 0 0 0 0 0 0 255 43]",0x49
145,8,"[182 83 74 134 182 83 74 134]",0x41
146,2,"[198 199]",0x57
147,11,"[114 113 112 111 110 109 108 107 106 105 104]",0x75
148,30,"[222 223 224 225 226 227 228 229 230 231 232 233 234 235 236 237 238 239 240 241 242 243 244 245 246 247 248 249 250 251]",0x4A
149,3,"[63 64 65]",0x02
150,84,"[49 124 102 203 195 34 22 232 137 219 14 134 138 220 24 61 104 221 240 254 245 1 12 37 89 212 228 158 159 160 161 162 163 164 165 166 167 168 169 170 171 172 173 174 175 176 177 178 179 180 181 182 183 184 185 186 187 188 189 118 26 117 96 147 112 4 254 139 121 244 39 48 206 66 204 69 8 132 50 194 164 236 200 46]",0x14
151,678,"[213 212 211 210 209 208 207 206 205 204 203 202 201 200 199 198 197 196 195 194 193 192 191 190 189 188 187 186 185 184 183 182 181 180 179 178 177 176 175 174 173 172 171 170 169 168 167 166 165 164 163 162 161 160 159 158 157 156 155 154 153 152 151 150 149 148 147 146 145 144 143 142 141 140 139 138 137 136 135 134 133 132 131 130 129 128 127 126 125 124 123 122 121 120 119 118 117 116 115 114 113 112 111 110 109 108 107 106 105 104 103 102 101 100 99 98 97 96 95 94 93 92 91 90 89 88 87 86 85 84 83 82 81 80 79 78 77 76 75 74 73 72 71 70 69 68 67 66 65 64 63 62 61 60 59 58 57 56 55 54 53 52 51 50 49 48 47 46 45 44 43 42 41 40 39 38 37 36 35 34 33 32 31 30 29 28 27 26 25 24 23 22 21 20 19 18 17 16 15 14 13 12 11 10 9 8 7 6 5 4 3 2 1 0 255 254 253 252 251 250 249 248 247 246 245 244 243 242 241 240 239 238 237 236 235 234 233 232 231 230 229 228 227 226 225 224 223 222 221 220 219 218 217 216 215 214 213 212 211 210 209 208 207 206 205 204 203 202 201 200 199 198 197 196 195 194 193 192 191 190 189 188 187 186 185 184 183 182 181 180 179 178 177 176 175 174 173 172 171 170 169 168 167 166 165 164 163 162 161 160 159 158 157 156 155 154 153 152 151 150 149 148 147 146 145 144 143 142 141 140 139 138 137 136 135 134 133 132 131 130 129 128 127 126 125 124 123 122 121 120 119 118 117 116 115 114 113 112 111 110 109 108 107 106 105 104 103 102 101 100 99 98 97 96 95 94 93 92 91 90 89 88 87 86 85 84 83 82 81 80 79 78 77 76 75 74 73 72 71 70 69 68 67 66 65 64 63 62 61 60 59 58 57 56 55 54 53 52 51 50 49 48 47 46 45 44 43 42 41 40 39 38 37 36 35 34 33 32 31 30 29 28 27 26 25 24 23 22 21 20 19 18 17 16 15 14 13 12 11 10 9 8 7 6 5 4 3 2 1 0 255 254 253 252 251 250 249 248 247 246 245 244 243 242 241 240 239 238 237 236 235 234 233 232 231 230 229 228 227 226 225 224 223 222 221 220 219 218 217 216 215 214 213 212 211 210 209 208 207 206 205 204 203 202 201 200 199 198 197 196 195 194 193 192 191 190 189 188 187 186 185 184 183 182 181 180 179 178 177 176 175 174 173 172 171 170 169 168 167 166 165 164 163 162 161 160 159 158 157 156 155 154 153 152 151 150 149 148 147 146 145 144 143 142 141 140 139 138 137 136 135 134 133 132 131 130 129 128 127 126 125 124 123 122 121 120 119 118 117 116 115 114 113 112 111 110 109 108 107 106 105 104 103 102 101 100 99 98 97 96 95 94 93 92 91 90 89 88 87 86 85 84 83 82 81 80 79 78 77 76 75 74 73 72 71 70 69 68 67 66 65 64 63 62 61 60 59 58 57 56 55 54 53 52 51 50 49 48]",0xD0
152,52,"[112 111 110 109 108 107 106 105 104 103 102 101 100 99 98 97 96 95 94 93 92 91 90 89 88 87 86 85 84 83 82 81 80 79 78 77 76 75 74 73 72 71 70 69 68 67 66 65 64 63 62 61]",0xB0
153,7,"[20 21 22 23 24 25 26]",0x33
154,7,"[96 124 104 166 96 124 104]",0xBB
155,97,"[178 176 83 201 230 55 160 100 253 122 58 97 167 19 238 217 17 254 178 41 3 214 215 216 217 218 219 220 221 59 193 150 200 191 12 228 58 141 164 43 124 14 239 150 178 134 213 8 68 120 19 100 69 0 184 213 101 144 58 159 3 125 164 235 97 153 237 101 81 227 12 34 21 215 2 220 1 102 47 159 173 124 10 167 215 184 212 51 227 82 3 241 167 59 64 119 229]",0x36
156,9,"[235 109 93 205 235 109 93 205 235]",0xC6
157,72,"[28 29 30 31 32 33 34 35 36 37 38 39 40 41 42 43 44 45 46 47 48 49 50 51 52 53 54 55 56 57 58 59 60 61 62 63 64 65 66 67 68 69 70 71 72 73 74 75 76 77 78 79 80 81 82 83 84 85 86 87 88 89 90 91 92 93 94 95 96 97 98 99]",0x8E
158,277,"[142 226 78 177 192 38 102 123 91 82 175 55 181 239 144 156 17 221 73 157 250 152 185 114 15 204 8 179 5 220 40 131 152 117 87 119 79 112 91 144 60 253 128 49 122 221 5 173 140 43 209 94 75 212 163 229 161 189 214 14 198 157 17 130 21 188 139 244 46 155 54 157 184 184 208 218 19 87 175 127 48 141 104 99 207 104 6 14 219 245 176 93 240 169 216 196 97 122 47 74 199 228 185 119 22 14 95 118 155 1 253 93 217 136 33 204 181 135 131 22 167 233 23 230 230 230 230 230 230 230 230 230 230 230 230 230 230 230 230 230 230 230 230 230 230 230 230 230 230 230 230 230 230 230 230 230 230 230 230 230 230 230 230 230 230 230 230 230 230 230 230 167 167 167 167 167 167 167 167 167 167 167 167 167 167 167 167 167 167 167 167 167 167 167 167 167 167 167 167 167 167 167 167 167 167 167 167 167 167 167 167 167 167 167 167 167 167 167 167 167 167 167 167 167 167 152 106 76 12 190 190 171 164 62 5 207 125 78 26 16 89 206 235 229 235 232 134 56 204 54 68 59 131 82 39 116 223 146 224 50 42 147 118 169 203 192 241 101 52 141 28 73 53 101 28 8 168]",0xC4
159,738,"[29 28 27 26 25 24 23 22 21 20 19 18 17 16 15 14 13 12 11 10 9 8 7 6 5 4 3 2 1 0 255 254 253 252 251 250 249 248 247 246 245 244 243 242 241 240 239 238 237 236 235 234 233 232 231 230 229 228 227 226 225 224 223 222 221 220 219 218 217 216 215 214 213 212 211 210 209 208 207 206 205 204 203 202 201 200 199 198 197 196 195 194 193 192 191 190 189 188 187 186 185 184 183 182 181 180 179 178 177 176 175 174 173 172 171 170 169 168 167 166 165 164 163 162 161 160 159 158 157 156 155 154 153 152 151 150 149 148 147 146 145 144 143 142 141 140 139 138 137 136 135 134 133 132 131 130 129 128 127 126 125 124 123 122 121 120 119 118 117 116 115 114 113 112 111 110 109 108 107 106 105 104 103 102 101 100 99 98 97 96 95 94 93 92 91 90 89 88 87 86 85 84 83 82 81 80 79 78 77 76 75 74 73 72 71 70 69 68 67 66 65 64 63 62 61 60 59 58 57 56 55 54 53 52 51 50 49 48 47 46 45 44 43 42 41 40 39 38 37 36 35 34 33 32 31 30 29 28 27 26 25 24 23 22 21 20 19 18 17 16 15 14 13 12 11 10 9 8 7 6 5 4 3 2 1 0 255 254 253 252 251 250 249 248 247 246 245 244 243 242 241 240 239 238 237 236 235 234 233 232 231 230 229 228 227 226 225 224 223 222 221 220 219 218 217 216 215 214 213 212 211 210 209 208 207 206 205 204 203 202 201 200 199 198 197 196 195 194 193 192 191 190 189 188 187 186 185 184 183 182 181 180 179 178 177 176 175 174 173 172 171 170 169 168 167 166 165 164 163 162 161 160 159 158 157 156 155 154 153 152 151 150 149 148 147 146 145 144 143 142 141 140 139 138 137 136 135 134 133 132 131 130 129 128 127 126 125 124 123 122 121 120 119 118 117 116 115 114 113 112 111 110 109 108 107 106 105 104 103 102 101 100 99 98 97 96 95 94 93 92 91 90 89 88 87 86 85 84 83 82 81 80 79 78 77 76 75 74 73 72 71 70 69 68 67 66 65 64 63 62 61 60 59 58 57 56 55 54 53 52 51 50 49 48 47 46 45 44 43 42 41 40 39 38 37 36 35 34 33 32 31 30 29 28 27 26 25 24 23 22 21 20 19 18 17 16 15 14 13 12 11 10 9 8 7 6 5 4 3 2 1 0 255 254 253 252 251 250 249 248 247 246 245 244 243 242 241 240 239 238 237 236 235 234 233 232 231 230 229 228 227 226 225 224 223 222 221 220 219 218 217 216 215 214 213 212 211 210 209 208 207 206 205 204 203 202 201 200 199 198 197 196 195 194 193 192 191 190 189 188 187 186 185 184 183 182 181 180 179 178 177 176 175 174 173 172 171 170 169 168 167 166 165 164 163 162 161 160 159 158 157 156 155 154 153 152 151 150 149 148 147 146 145 144 143 142 141 140 139 138 137 136 135 134 133 132 131 130 129 128 127 126 125 124 123 122 121 120 119 118 117 116 115 114 113 112 111 110 109 108 107 106 105 104 103 102 101 100 99 98 97 96 95 94 93 92 91 90 89 88 87 86 85 84 83 82 81 80 79 78 77 76 75 74 73 72 71 70 69 68 67 66 65 64 63 62 61 60]",0x7A
160,22,"[51 255 255 0 175 255 255 0 79 255 111 255 187 0 255 27 0 173 0 0 192 0]",0x0C
161,360,"[240 241 242 243 244 245 246 247 248 249 250 251 252 253 254 255 0 1 2 3 4 5 6 7 8 9 10 11 12 13 14 15 16 17 18 19 20 21 22 23 24 25 26 27 28 29 30 31 32 33 34 35 36 37 38 39 40 41 42 43 44 45 46 47 48 49 50 51 52 53 54 55 56 57 58 59 60 61 62 63 64 65 66 67 68 69 70 71 72 73 74 75 76 77 78 79 80 81 82 83 84 85 86 87 88 89 90 91 92 93 94 95 96 97 98 99 100 101 102 103 104 105 106 107 108 109 110 111 112 113 114 115 116 117 118 119 120 121 122 123 124 125 126 127 128 129 130 131 132 133 134 135 136 137 138 139 140 141 142 143 144 145 146 147 148 149 150 151 152 153 154 155 156 157 158 159 160 161 162 163 164 165 166 167 168 169 170 171 172 173 174 175 176 177 178 179 180 181 182 183 184 185 186 187 188 189 190 191 192 193 194 195 196 197 198 199 200 201 202 203 204 205 206 207 208 209 210 211 212 213 214 215 216 217 218 219 220 221 222 223 224 225 226 227 228 229 230 231 232 233 234 235 236 237 238 239 240 241 242 243 244 245 246 247 248 249 250 251 252 253 254 255 0 1 2 3 4 5 6 7 8 9 10 11 12 13 14 15 16 17 18 19 20 21 22 23 24 25 26 27 28 29 30 31 32 33 34 35 36 37 38 39 40 41 42 43 44 45 46 47 48 49 50 51 52 53 54 55 56 57 58 59 60 61 62 63 64 65 66 67 68 69 70 71 72 73 74 75 76 77 78 79 80 81 82 83 84 85 86 87]",0x88
162,839,"[36 37 38 39 40 41 42 43 44 45 46 47 48 49 50 51 52 53 54 55 56 57 58 59 60 61 62 63 64 65 66 67 68 69 70 71 72 73 74 75 76 77 78 79 80 81 82 83 84 85 86 87 88 89 90 91 92 93 94 95 96 97 98 99 100 101 102 103 104 105 106 107 108 109 110 111 112 113 114 115 116 117 118 119 120 121 122 123 124 125 126 127 128 129 130 131 132 133 134 135 136 137 138 139 140 141 142 143 144 145 146 147 148 149 150 151 152 153 154 155 156 157 158 159 160 161 162 163 164 165 166 167 168 169 170 171 172 173 174 175 176 177 178 179 180 181 182 183 184 185 186 187 188 189 190 191 192 193 194 195 196 197 198 199 200 201 202 203 204 205 206 207 208 209 210 211 212 213 214 215 216 217 218 219 220 221 222 223 224 225 226 227 228 229 230 231 232 233 234 235 236 237 238 239 240 241 242 243 244 245 246 247 248 249 250 251 252 253 254 255 0 1 2 3 4 5 6 7 8 9 10 11 12 13 14 15 16 17 18 19 20 21 22 23 24 25 26 27 28 29 30 31 32 33 34 35 36 37 38 39 40 41 42 43 44 45 46 47 48 49 50 51 52 53 54 55 56 57 58 59 60 61 62 63 64 65 66 67 68 69 70 71 72 73 74 75 76 77 78 79 80 81 82 83 84 85 86 87 88 89 90 91 92 93 94 95 96 97 98 99 100 101 102 103 104 105 106 107 108 109 110 111 112 113 114 115 116 117 118 119 120 121 122 123 124 125 126 127 128 129 130 131 132 133 134 135 136 137 138 139 140 141 142 143 144 145 146 147 148 149 150 151 152 153 154 155 156 157 158 159 160 161 162 163 164 165 166 167 168 169 170 171 172 173 174 175 176 177 178 179 180 181 182 183 184 185 186 187 188 189 190 191 192 193 194 195 196 197 198 199 200 201 202 203 204 205 206 207 208 209 210 211 212 213 214 215 216 217 218 219 220 221 222 223 224 225 226 227 228 229 230 231 232 233 234 235 236 237 238 239 240 241 242 243 244 245 246 247 248 249 250 251 252 253 254 255 0 1 2 3 4 5 6 7 8 9 10 11 12 13 14 15 16 17 18 19 20 21 22 23 24 25 26 27 28 29 30 31 32 33 34 35 36 37 38 39 40 41 42 43 44 45 46 47 48 49 50 51 52 53 54 55 56 57 58 59 60 61 62 63 64 65 66 67 68 69 70 71 72 73 74 75 76 77 78 79 80 81 82 83 84 85 86 87 88 89 90 91 92 93 94 95 96 97 98 99 100 101 102 103 104 105 106 107 108 109 110 111 112 113 114 115 116 117 118 119 120 121 122 123 124 125 126 127 128 129 130 131 132 133 134 135 136 137 138 139 140 141 142 143 144 145 146 147 148 149 150 151 152 153 154 155 156 157 158 159 160 161 162 163 164 165 166 167 168 169 170 171 172 173 174 175 176 177 178 179 180 181 182 183 184 185 186 187 188 189 190 191 192 193 194 195 196 197 198 199 200 201 202 203 204 205 206 207 208 209 210 211 212 213 214 215 216 217 218 219 220 221 222 223 224 225 226 227 228 229 230 231 232 233 234 235 236 237 238 239 240 241 242 243 244 245 246 247 248 249 250 251 252 253 254 255 0 1 2 3 4 5 6 7 8 9 10 11 12 13 14 15 16 17 18 19 20 21 22 23 24 25 26 27 28 29 30 31 32 33 34 35 36 37 38 39 40 41 42 43 44 45 46 47 48 49 50 51 52 53 54 55 56 57 58 59 60 61 62 63 64 65 66 67 68 69 70 71 72 73 74 75 76 77 78 79 80 81 82 83 84 85 86 87 88 89 90 91 92 93 94 95 96 97 98 99 100 101 102 103 104 105 106]",0x3B
163,3,"[255 0 62]",0x73
164,38,"[125 96 177 209 139 8 158 14 157 175 50 209 233 208 78 150 234 82 209 2 0 194 194 201 238 30 59 231 45 174 135 21 73 133 218 181 159 126]",0x0B
165,21,"[7 54 7 54 7 54 7 54 7 54 7 54 7 54 7 54 7 54 7 54 7]",0xD5
166,48,"[150 140 19 241 25 218 0 225 5 193 92 188 102 18 196 18 236 13 122 185 100 55 194 200 236 96 129 92 65 192 86 109 103 182 234 170 120 199 164 15 24 9 116 211 80 98 232 214]",0x71
167,341,"[4 27 74 141 16 34 46 161 157 140 64 95 24 57 229 250 165 234 164 8 255 25 174 64 100 165 111 64 85 87 245 204 117 51 207 40 53 93 225 33 31 126 70 145 115 111 28 36 210 226 60 29 13 155 183 95 173 182 239 16 49 17 222 202 147 21 69 76 143 66 18 187 76 115 32 205 144 230 126 241 228 147 239 82 93 11 150 184 198 38 113 45 169 40 231 59 74 217 117 6 126 21 252 150 65 144 19 204 236 223 87 83 8 166 136 117 232 42 2 18 57 8 128 80 46 192 52 176 89 131 239 9 128 218 150 70 101 174 228 10 18 83 59 67 56 50 33 239 36 52 63 238 193 202 26 214 104 67 147 210 199 227 237 60 108 3 225 39 220 84 94 10 83 227 6 104 8 94 44 64 224 111 70 150 36 66 139 60 173 125 197 242 29 85 81 38 207 194 124 137 15 142 202 146 67 170 92 139 124 97 184 226 1 239 130 179 219 119 213 45 40 168 222 228 164 134 84 250 81 190 136 155 100 246 146 240 1 146 183 190 231 1 0 120 7 249 56 121 15 133 97 11 85 100 253 53 139 252 202 254 247 125 178 28 112 207 129 179 190 64 224 117 53 221 106 192 140 97 207 149 99 28 229 9 220 92 163 236 38 145 195 193 134 159 193 215 195 90 255 111 6 92 32 31 72 13 176 18 52 23 16 68 146 246 224 224 45 67 19 199 17 142 63 62 253 193 214 146 222 165 242 72 152 176 100 225 250 126 100 120 218]",0x70
168,141,"[2 3 4 5 6 7 8 9 10 11 12 13 14 15 16 17 18 19 20 21 22 23 24 25 26 27 28 29 30 31 32 33 34 35 36 37 38 39 40 41 42 43 44 45 46 47 48 49 50 51 52 53 54 55 56 57 58 59 60 61 62 63 64 65 66 67 68 69 70 71 72 73 74 75 76 77 78 79 80 81 82 83 84 85 86 87 88 89 90 91 92 93 94 95 96 97 98 99 100 101 102 103 104 105 106 107 108 109 110 111 112 113 114 115 116 117 118 119 120 121 122 123 124 125 126 127 128 129 130 131 132 133 134 135 136 137 138 139 140 141 142]",0x27
169,396,"[204 11 204 11 204 11 204 11 204 11 204 11 204 11 204 11 204 11 204 11 204 11 204 11 204 11 204 11 204 11 204 11 204 11 204 11 204 11 204 11 204 11 204 11 204 11 204 11 204 11 204 11 204 11 204 11 204 11 204 11 204 11 204 11 204 11 204 11 204 11 204 11 204 11 204 11 204 11 204 11 204 11 204 11 204 11 204 11 204 11 204 11 204 11 204 11 204 11 204 11 204 11 204 11 204 11 204 11 204 11 204 11 204 11 204 11 204 11 204 11 204 11 204 11 204 11 204 11 204 11 204 11 204 11 204 11 204 11 204 11 204 11 204 11 204 11 204 11 204 11 204 11 204 11 204 11 204 11 204 11 204 11 204 11 204 11 204 11 204 11 204 11 204 11 204 11 204 11 204 11 204 11 204 11 204 11 204 11 204 11 204 11 204 11 204 11 204 11 204 11 204 11 204 11 204 11 204 11 204 11 204 11 204 11 204 11 204 11 204 11 204 11 204 11 204 11 204 11 204 11 204 11 204 11 204 11 204 11 204 11 204 11 204 11 204 11 204 11 204 11 204 11 204 11 204 11 204 11 204 11 204 11 204 11 204 11 204 11 204 11 204 11 204 11 204 11 204 11 204 11 204 11 204 11 204 11 204 11 204 11 204 11 204 11 204 11 204 11 204 11 204 11 204 11 204 11 204 11 204 11 204 11 204 11 204 11 204 11 204 11 204 11 204 11 204 11 204 11 204 11 204 11 204 11 204 11 204 11 204 11 204 11 204 11 204 11 204 11 204 11 204 11 204 11 204 11 204 11 204 11 204 11 204 11 204 11 204 11 204 11 204 11 204 11 204 11 204 11 204 11 204 11 204 11 204 11 204 11 204 11 204 11 204 11 204 11]",0x99
170,4,"[86 87 88 89]",0x96
171,843,"[232 112 191 238 232 14 52 122 110 164 241 28 115 49 228 246 122 26 201 178 90 227 249 142 144 76 149 112 77 17 64 50 138 154 155 99 107 213 121 252 112 166 12 167 217 241 255 72 147 115 144 40 219 232 115 71 36 175 232 232 232 232 232 232 232 232 232 232 232 232 232 232 232 232 232 232 232 232 232 232 232 232 232 232 232 232 232 232 232 232 232 232 232 232 232 232 232 232 232 232 232 232 232 232 232 232 232 232 232 165 143 11 238 160 254 137 181 14 161 195 199 197 57 249 254 19 239 74 176 86 247 25 127 109 83 165 33 183 251 205 220 92 83 132 11 242 36 231 21 38 9 184 71 182 142 27 238 115 188 128 154 77 51 138 112 99 172 176 11 86 105 24 60 13 255 188 22 5 184 112 201 236 153 47 200 244 148 174 86 97 188 237 161 202 43 54 136 45 162 74 202 206 118 46 165 254 159 9 4 82 50 208 216 66 83 60 232 128 167 106 161 98 86 162 151 75 38 94 106 160 234 9 62 49 128 110 186 62 152 226 233 245 197 231 60 50 1 180 239 47 163 191 237 165 248 88 89 139 98 0 187 192 191 88 133 92 4 143 31 20 193 2 245 131 251 14 149 89 215 92 66 219 95 4 99 167 65 110 14 150 193 107 22 51 39 123 135 242 18 153 134 132 223 52 10 172 88 4 64 79 157 44 105 123 117 249 11 243 148 203 110 116 225 229 61 51 127 230 82 166 181 199 144 103 247 156 186 88 171 65 62 182 133 174 68 153 113 152 74 183 206 66 76 169 178 180 174 100 101 65 40 177 23 240 211 219 232 104 216 40 5 200 19 253 172 192 62 172 11 214 43 178 57 17 123 43 186 60 87 145 72 96 208 45 21 84 108 138 95 202 10 110 97 165 247 130 252 7 7 7 7 7 7 7 7 7 7 7 7 7 7 7 7 7 7 7 7 7 7 7 7 7 7 7 7 7 7 7 7 7 7 7 7 7 7 7 7 7 101 102 103 104 105 106 107 108 109 110 111 112 113 114 115 116 117 118 119 120 121 122 123 124 125 126 127 128 129 130 131 132 133 134 135 136 137 138 139 140 141 142 143 144 145 146 147 148 149 150 151 152 153 154 155 156 157 158 159 160 161 162 163 164 165 24 24 24 24 24 24 24 24 24 24 24 24 24 24 24 24 24 24 24 24 24 24 24 24 24 24 24 24 24 24 24 24 24 24 24 24 24 24 24 24 24 24 24 24 24 24 24 24 24 24 24 24 24 24 24 24 24 24 24 24 24 24 24 24 24 24 24 24 24 24 24 24 24 24 24 24 24 24 24 24 24 24 24 24 24 24 24 86 31 75 226 77 182 156 109 61 94 151 89 55 29 225 112 160 125 223 140 123 236 184 28 45 201 213 139 141 161 112 174 27 246 192 161 80 41 104 169 162 97 157 208 6 115 194 139 166 132 253 13 125 23 40 98 39 246 242 86 163 136 208 160 0 195 191 130 231 232 134 155 255 76 83 46 229 190 27 251 187 217 12 129 178 138 170 209 95 217 41 11 11 11 11 11 11 11 11 11 11 11 11 11 11 11 11 11 11 11 11 11 11 11 11 11 11 11 11 11 11 11 11 11 11 11 11 11 11 11 11 11 11 11 11 11 11 11 11 11 11 11 11 11 11 11 11 11 11 11 11 11 11 11 11 11 11 11 11 11 11 11 11 11 11 11 11 11 11 11 11 11 11 11 11 11 11 11 11 11 11 11 11 11 11 11 11 11 11 11 11 11 11 11 11 11 11 11 11 11 11 11 11 11 11 11 11 11 11 11 11 11 11 11 11 11 11 11 11 11 11 11 11 11 11 11 11 11 11 11 11 11 11 11 11 11 11 11 11 11 11 11 11]",0x9A
172,45,"[0 0 255 255 255 255 255 255 255 255 0 0 0 255 255 255 255 255 0 255 0 255 19 255 0 126 255 91 0 0 255 130 0 0 37 164 0 255 89 0 191 0 0 0 160]",0xE5
173,9,"[76 76 76 76 76 76 76 76 76]",0x1A
174,60,"[183 81 183 81 183 81 183 81 183 81 183 81 183 81 183 81 183 81 183 81 183 81 183 81 183 81 183 81 183 81 183 81 183 81 183 81 183 81 183 81 183 81 183 81 183 81 183 81 183 81 183 81 183 81 183 81 183 81 183 81]",0x27
175,258,"[255 255 255 0 255 255 155 255 0 244 67 0 0 255 188 8 255 255 0 255 128 255 255 202 55 255 255 255 0 255 0 132 0 45 255 255 255 255 166 140 255 106 0 0 0 0 255 149 255 86 0 0 138 255 225 112 185 255 255 255 0 255 52 0 255 255 0 255 255 184 255 0 232 211 162 255 0 255 255 180 176 255 0 0 0 255 0 255 4 133 0 0 255 190 255 255 0 255 0 180 0 255 73 0 255 92 255 255 255 0 0 255 169 255 108 42 0 159 0 0 0 255 255 0 0 255 20 255 255 250 0 255 155 189 255 255 255 0 178 42 0 25 255 255 75 0 255 18 255 0 255 255 255 255 255 112 255 237 155 0 81 255 73 0 255 255 169 255 0 123 26 255 255 0 21 255 134 255 0 255 0 184 0 255 255 255 191 90 255 255 0 255 117 0 145 203 255 22 255 255 191 0 255 161 0 185 187 190 0 166 0 255 0 0 123 0 0 197 255 255 144 255 179 152 255 255 0 255 255 255 255 255 255 255 229 170 213 0 0 0 108 255 249 0 0 0 0 0 90 0 0 0 145 107 0 255 255 192]",0x49
176,7,"[177 97 33 220 157 90 7]",0x47
177,94,"[158 159 160 161 162 163 164 165 166 167 168 169 170 171 172 173 174 175 176 177 178 179 180 181 182 183 184 185 186 187 188 189 190 191 192 193 194 195 196 197 198 199 200 201 202 203 204 205 206 207 208 209 210 211 212 213 214 215 216 217 218 219 220 221 222 223 224 225 226 227 228 229 230 231 232 233 234 235 236 237 238 239 240 241 242 243 244 245 246 247 248 249 250 251]",0x8C
178,6,"[0 255 194 169 0 244]",0x9A
179,6,"[129 129 129 129 129 129]",0x7D
180,109,"[247 255 0 255 255 192 99 99 45 255 0 255 0 0 255 0 0 255 255 0 140 255 255 255 209 255 255 0 15 255 0 255 129 255 255 102 0 0 255 0 69 156 255 255 0 0 177 65 255 255 0 184 0 0 0 163 0 48 247 254 0 0 255 255 0 61 193 255 255 0 60 221 200 255 255 255 192 255 171 0 0 0 0 255 0 255 45 255 0 0 71 254 0 0 255 255 255 37 0 255 0 40 0 255 100 0 0 0 255]",0x88
181,12,"[92 227 176 37 228 179 222 223 116 116 217 238]",0x78
182,108,"[154 122 239 61 70 235 19 156 174 129 177 44 218 35 102 19 139 171 240 189 138 238 122 143 152 104 214 47 142 184 231 226 130 164 100 119 232 229 35 217 242 92 132 199 143 254 116 182 202 126 219 139 105 27 100 187 235 64 90 39 176 245 164 157 141 22 186 154 169 230 200 199 237 253 148 27 117 201 7 14 17 187 128 94 27 187 82 67 166 143 92 164 69 203 58 40 200 181 46 29 214 198 83 168 31 129 4 100]",0xD7
183,5,"[113 11 113 11 113]",0xF5
184,79,"[94 108 144 94 108 144 94 108 144 94 108 144 94 108 144 94 108 144 94 108 144 94 108 144 94 108 144 94 108 144 94 108 144 94 108 144 94 108 144 94 108 144 94 108 144 94 108 144 94 108 144 94 108 144 94 108 144 94 108 144 94 108 144 94 108 144 94 108 144 94 108 144 94 108 144 94 108 144 94]",0x86
185,198,"[155 242 253 123 119 165 142 162 223 191 127 118 163 116 117 4 44 125 210 71 133 88 26 245 218 20 184 88 254 77 61 145 213 49 181 15 235 20 234 125 114 249 253 166 32 129 135 131 145 4 182 182 29 145 145 174 21 160 71 129 197 180 30 151 248 40 218 179 198 72 73 231 92 16 153 31 203 164 223 200 28 97 198 106 248 188 3 225 25 35 188 221 137 73 89 87 83 62 155 230 78 47 214 189 238 42 36 138 157 122 153 46 122 168 110 173 115 85 77 105 5 171 216 90 11 252 67 32 94 189 75 147 106 30 84 185 156 30 41 164 208 89 152 43 79 5 196 102 208 181 212 73 47 248 183 213 3 90 190 19 145 109 4 60 72 28 161 62 71 229 119 100 185 232 6 114 156 81 197 248 241 68 57 245 117 53 180 72 68 225 41 16 68 155 31 120 160 217]",0xBA
186,84,"[173 174 175 176 177 178 179 180 181 182 183 184 185 186 187 188 189 190 191 192 193 194 195 196 197 198 199 200 201 202 203 204 205 206 207 208 209 210 211 212 213 214 215 216 217 218 219 220 221 222 223 224 225 226 227 228 229 230 231 232 233 234 235 236 237 238 239 240 241 242 243 244 245 246 247 248 249 250 251 252 253 254 255 0]",0x1D
187,21,"[71 70 69 68 67 66 65 64 63 62 61 60 59 58 57 56 55 54 53 52 51]",0x1D
188,4,"[62 61 60 59]",0x6D
189,1,"109",0x98
190,5,"[220 255 255 0 0]",0x46
191,772,"[42 74 38 202 15 20 76 131 104 11 245 243 71 187 148 60 67 125 107 74 206 123 167 48 136 81 134 199 196 90 177 240 160 37 174 26 223 132 98 14 97 231 5 121 238 101 109 148 118 43 4 156 235 27 54 94 207 68 225 14 240 143 168 94 200 42 12 101 218 193 132 146 33 215 201 168 119 246 225 164 95 158 147 100 78 104 146 109 67 194 136 17 94 226 193 240 240 240 240 240 240 240 240 240 240 240 240 240 240 240 240 240 240 240 246 62 2 111 91 138 203 215 102 110 37 12 164 16 187 138 50 138 46 112 204 118 38 185 47 189 122 116 217 181 8 75 222 4 139 186 159 194 185 177 210 165 103 120 183 224 69 87 238 148 45 169 253 210 190 53 224 134 227 84 15 121 69 183 245 176 227 115 197 215 181 129 160 179 64 207 243 119 179 188 169 140 225 114 15 216 172 217 35 7 239 37 207 210 181 33 170 227 108 105 113 21 228 222 255 149 192 51 170 166 230 212 240 222 222 16 216 155 97 14 173 84 119 174 233 211 115 99 61 95 28 248 146 32 90 140 136 9 243 70 4 19 148 35 10 97 159 28 80 106 40 129 21 11 133 63 24 108 234 185 208 223 248 195 155 93 46 175 254 119 185 126 110 105 129 93 191 223 226 58 229 87 79 186 78 13 95 184 83 161 168 187 229 110 42 81 110 182 3 80 199 171 187 207 200 112 251 145 51 74 177 236 45 21 225 234 70 96 169 84 224 27 9 53 73 28 16 193 42 233 94 171 57 61 147 143 196 194 171 114 228 159 253 209 11 82 146 184 140 201 72 47 13 146 176 83 157 13 25 179 94 171 212 218 44 124 187 198 200 58 49 151 189 81 26 183 76 42 37 80 151 91 5 24 74 168 25 143 30 54 44 17 171 118 212 25 37 78 196 78 104 77 20 240 140 201 168 131 22 164 39 106 161 200 175 171 38 88 184 243 67 22 121 219 141 11 249 212 33 235 115 95 118 213 168 15 245 37 190 162 48 43 222 107 167 129 186 122 73 93 219 119 54 239 203 14 255 177 41 60 177 199 61 65 78 153 43 26 173 199 128 93 110 99 245 196 53 98 139 156 119 207 196 129 218 192 199 244 68 68 227 197 237 16 160 37 128 39 32 3 161 91 26 82 43 241 81 85 215 165 181 162 242 52 253 212 150 169 166 14 55 246 136 96 195 134 3 188 187 42 244 57 117 29 154 96 90 211 2 204 146 252 150 14 12 226 215 88 158 125 247 243 251 221 232 55 212 181 246 146 21 152 56 100 153 95 95 34 240 192 0 195 189 2 94 155 115 199 108 39 249 61 183 36 84 113 49 115 40 143 169 15 223 47 57 169 120 127 32 206 157 34 95 207 145 27 95 62 132 215 111 110 231 147 144 67 155 147 101 253 225 191 137 118 47 78 198 116 225 37 130 165 132 227 253 29 33 33 174 95 187 103 160 197 140 138 105 139 118 230 232 210 96 183 101 59 87 18 84 117 244 80 231 58 48 132 172 11 56 116 84 182 130 41 228 74 187 199 246 127 157 85 173 118 112 218 12 225 218 129 125 92 254 28 151 174 239 199 164 29 95 35 225 191 193 166 129 38 84 35 185 41 179 177 117 34 80 81 179 29 212 194 47 184 171 191 48 40 60 93 203 188 236 15 2 178 71 85 139 26 164 83 161 213 43 238 135 236 53 154 103 198 155 126 233 96 56 155]",0xFF
192,496,"[245 187 245 187 245 187 245 187 245 187 245 187 245 187 245 187 245 187 245 187 245 187 245 187 245 187 245 187 245 187 245 187 245 187 245 187 245 187 245 187 245 187 245 187 245 187 245 187 245 187 245 187 245 187 245 187 245 187 245 187 245 187 245 187 245 187 245 187 245 187 245 187 245 187 245 187 245 187 245 187 245 187 245 187 245 187 245 187 245 187 245 187 245 187 245 187 245 187 245 187 245 187 245 187 245 187 245 187 245 187 245 187 245 187 245 187 245 187 245 187 245 187 245 187 245 187 245 187 245 187 245 187 245 187 245 187 245 187 245 187 245 187 245 187 245 187 245 187 245 187 245 187 245 187 245 187 245 187 245 187 245 187 245 187 245 187 245 187 245 187 245 187 245 187 245 187 245 187 245 187 245 187 245 187 245 187 245 187 245 187 245 187 245 187 245 187 245 187 245 187 245 187 245 187 245 187 245 187 245 187 245 187 245 187 245 187 245 187 245 187 245 187 245 187 245 187 245 187 245 187 245 187 245 187 245 187 245 187 245 187 245 187 245 187 245 187 245 187 245 187 245 187 245 187 245 187 245 187 245 187 245 187 245 187 245 187 245 187 245 187 245 187 245 187 245 187 245 187 245 187 245 187 245 187 245 187 245 187 245 187 245 187 245 187 245 187 245 187 245 187 245 187 245 187 245 187 245 187 245 187 245 187 245 187 245 187 245 187 245 187 245 187 245 187 245 187 245 187 245 187 245 187 245 187 245 187 245 187 245 187 245 187 245 187 245 187 245 187 245 187 245 187 245 187 245 187 245 187 245 187 245 187 245 187 245 187 245 187 245 187 245 187 245 187 245 187 245 187 245 187 245 187 245 187 245 187 245 187 245 187 245 187 245 187 245 187 245 187 245 187 245 187 245 187 245 187 245 187 245 187 245 187 245 187 245 187 245 187 245 187 245 187 245 187 245 187 245 187 245 187 245 187 245 187 245 187 245 187 245 187 245 187 245 187 245 187 245 187 245 187 245 187 245 187 245 187 245 187 245 187 245 187 245 187 245 187 245 187 245 187 245 187 245 187 245 187 245 187 245 187 245 187 245 187 245 187 245 187 245 187 245 187 245 187 245 187]",0xB2
193,3,"[75 160 211]",0xAB
194,866,"[0 125 255 255 0 198 159 194 255 255 255 255 255 247 255 255 255 242 255 255 0 0 36 0 255 255 0 84 255 255 255 0 255 117 179 207 255 0 255 204 206 0 0 255 220 255 255 0 99 0 255 255 0 255 255 0 55 0 255 0 0 201 0 215 255 146 255 255 210 0 255 166 255 110 255 247 255 255 250 255 0 255 65 255 255 0 0 0 0 71 255 255 212 164 137 255 255 0 63 244 144 255 161 175 14 0 255 255 0 255 0 47 255 0 0 0 232 255 0 0 0 183 255 23 0 255 255 255 0 0 123 0 199 0 255 164 0 255 255 0 0 0 126 255 255 255 255 231 0 0 255 255 255 255 33 176 255 255 255 0 0 0 0 0 0 255 255 255 0 210 0 255 35 0 0 134 15 0 255 0 0 113 174 0 184 0 0 0 0 255 255 255 255 0 142 85 0 144 6 84 255 0 0 0 0 241 255 0 255 255 114 0 0 0 0 0 255 27 255 255 255 162 255 192 255 0 0 255 255 41 0 0 0 159 0 0 0 0 255 0 255 152 113 75 255 255 255 0 226 183 255 0 255 255 255 0 68 0 0 0 0 200 0 255 230 0 0 0 139 69 255 199 146 255 252 0 255 0 0 0 11 255 252 255 255 0 0 91 0 255 246 0 0 255 0 255 123 0 237 0 255 254 16 156 104 0 0 9 0 255 0 225 255 255 255 0 0 143 0 255 255 197 0 187 255 212 38 255 255 184 66 141 0 152 139 0 255 255 255 255 0 255 255 0 255 255 255 255 0 164 201 255 255 255 0 0 216 229 0 255 178 0 16 79 255 255 136 148 255 0 139 225 255 0 201 255 152 196 0 127 255 69 0 0 0 0 0 255 255 137 31 0 0 255 21 0 255 0 226 255 0 0 133 0 255 0 0 0 0 255 156 72 102 0 255 0 0 0 255 0 255 0 45 0 251 80 0 234 255 0 0 0 227 184 0 150 255 2 255 175 0 189 0 141 54 255 255 255 0 146 0 50 0 193 0 113 126 0 86 0 0 255 255 255 255 116 49 0 0 125 131 255 231 255 39 0 0 110 177 0 255 91 97 255 0 0 44 0 204 134 255 0 255 255 0 129 255 0 0 255 0 255 255 0 0 0 255 255 120 19 0 255 0 255 172 255 0 255 255 66 255 255 0 97 0 0 52 255 255 0 255 109 0 255 0 0 0 255 53 0 0 255 0 170 0 0 0 255 96 0 0 178 181 162 40 255 106 255 0 249 74 0 0 93 237 255 133 255 255 255 0 255 0 156 255 0 255 51 87 18 255 255 0 0 255 74 0 238 255 0 130 255 0 173 69 255 0 0 255 145 219 11 0 0 0 255 255 255 183 238 255 186 255 255 21 0 0 0 0 195 44 255 191 255 0 0 255 255 81 0 0 0 255 200 0 92 255 0 230 0 255 255 67 243 255 255 63 207 0 255 210 255 0 0 255 255 255 224 255 0 255 0 69 255 255 255 222 0 0 119 83 255 255 255 255 0 224 0 0 47 255 255 29 58 0 0 255 248 0 0 255 0 0 0 28 98 255 0 11 255 74 255 0 255 255 0 247 0 171 255 197 109 255 255 0 255 126 0 105 255 255 255 0 0 190 104 255 255 49 13 0 0 212 0 212 255 255 0 0 255 142 0 0 255 0 79 0 0 82 44 255 255 58 255 0 255 0 255 0 255 255 0 255 255 18 0 0 5 0 171 248 0 0 10 255 255 255 0 243 0 0 72 171 0 0 0 93 112 249 255 255 0 0 255 83 196 0 255 75 255 199 0 0 99 97 85 255 255 255 221 255 0 0 0 255 255 70 0 6 255 0 255 65 255 208 255 0 138 20 75 0 255 0 255 0 255 0 179 255 255 255 0 255 255 255 91 89 8 255 72 0 145 0 135 0 255 219 255 0 77 255 255 131 0 0 112]",0xCD
195,61,"[167 168 169 170 171 172 173 174 175 176 177 178 179 180 181 182 183 184 185 186 187 188 189 190 191 192 193 194 195 196 197 198 199 200 201 202 203 204 205 206 207 208 209 210 211 212 213 214 215 216 217 218 219 220 221 222 223 224 225 226 227]",0x6D
196,84,"[51 52 53 54 55 56 57 58 59 60 61 62 63 64 65 66 67 68 69 70 71 72 73 74 75 76 77 78 79 80 81 82 83 84 85 86 87 88 89 90 91 92 93 94 95 96 97 98 99 100 101 102 103 104 105 106 107 108 109 110 111 112 113 114 115 116 117 118 119 120 121 122 123 124 125 126 127 128 129 130 131 132 133 134]",0x28
197,43,"[49 50 51 52 53 54 55 56 57 58 59 60 61 62 63 64 65 66 67 68 69 70 71 72 73 74 75 76 77 78 79 80 81 82 83 84 85 86 87 88 89 90 91]",0x05
198,618,"[220 220 220 220 220 220 220 220 220 220 220 220 220 220 220 220 220 220 220 220 220 220 220 220 220 220 220 220 220 220 220 220 220 220 220 220 220 220 220 220 220 220 220 220 220 220 220 220 220 220 220 220 220 220 220 220 220 220 220 220 220 220 220 220 220 220 220 220 220 220 220 220 220 220 220 220 220 220 220 220 220 220 220 220 220 220 220 220 220 220 220 220 220 220 220 220 220 220 220 220 220 220 220 220 220 220 220 220 220 220 220 220 220 220 220 220 220 220 220 220 220 220 220 220 220 220 220 220 220 220 220 220 220 220 220 220 220 220 220 220 220 220 220 220 220 220 220 220 220 220 220 220 220 220 220 220 220 220 220 220 220 220 220 220 220 220 220 220 220 220 220 220 220 220 220 220 220 220 220 220 220 220 220 220 220 220 220 220 220 220 220 220 220 220 220 220 220 220 220 220 220 220 220 220 220 220 220 220 220 220 220 220 220 220 220 220 220 220 220 220 220 220 220 220 220 220 220 220 220 220 220 220 220 220 220 220 220 220 220 220 220 220 220 220 220 220 220 220 220 220 220 220 220 220 220 220 220 220 220 220 220 220 220 220 220 220 220 220 220 220 220 220 220 220 220 220 220 220 220 220 220 220 220 220 220 220 220 220 220 220 220 220 220 220 220 220 220 220 220 220 220 220 220 220 220 220 220 220 220 220 220 220 220 220 220 220 220 220 220 220 220 220 220 220 220 220 220 220 220 220 220 220 220 220 220 220 220 220 220 220 220 220 220 220 220 220 220 220 220 220 220 220 220 220 220 220 220 220 220 220 220 220 220 220 220 220 220 220 220 220 220 220 220 220 220 220 220 220 220 220 220 220 220 220 220 220 220 220 220 220 220 220 220 220 220 220 220 220 220 220 220 220 220 220 220 220 220 220 220 220 220 220 220 220 220 220 220 220 220 220 220 220 220 220 220 220 220 220 220 220 220 220 220 220 220 220 220 220 220 220 220 220 220 220 220 220 220 220 220 220 220 220 220 220 220 220 220 220 220 220 220 220 220 220 220 220 220 220 220 220 220 220 220 220 220 220 220 220 220 220 220 220 220 220 220 220 220 220 220 220 220 220 220 220 220 220 220 220 220 220 220 220 220 220 220 220 220 220 220 220 220 220 220 220 220 220 220 220 220 220 220 220 220 220 220 220 220 220 220 220 220 220 220 220 220 220 220 220 220 220 220 220 220 220 220 220 220 220 220 220 220 220 220 220 220 220 220 220 220 220 220 220 220 220 220 220 220 220 220 220 220 220 220 220 220 220 220 111 30 106 214 159 188 89 241 181 107 109 235 147 180 106 57 185 155 128 159 53 203 242 228 82 103 206 152 140 237 137 131 10 17 1 233 104 119 216 155 156]",0x4C
199,86,"[13 14 15 16 17 18 19 20 21 22 23 24 25 26 27 28 29 30 31 32 33 34 35 36 37 38 39 40 41 42 43 44 45 46 47 48 49 50 51 52 53 54 55 56 57 58 59 60 61 62 63 64 65 66 67 68 69 70 71 72 73 74 75 76 77 78 79 80 81 82 83 84 85 86 87 88 89 90 91 92 93 94 95 96 97 98]",0x66
200,3,"[55 173 23]",0xDD
201,6,"[98 113 32 16 30 228]",0x8F
202,4,"[51 13 112 206]",0xB3
203,65,"[88 89 90 91 92 93 94 95 96 97 98 99 100 101 102 103 104 105 106 107 108 109 110 111 112 113 114 115 116 117 118 119 120 121 122 123 124 125 126 127 128 129 130 131 132 133 134 135 136 137 138 139 140 141 142 143 144 145 146 147 148 149 150 151 152]",0xA4
204,180,"[255 0 200 255 0 255 103 255 0 0 0 165 0 0 255 255 0 248 0 33 209 255 239 0 0 0 0 0 164 255 255 201 255 143 0 0 103 0 0 255 156 255 0 255 0 255 255 0 210 0 0 88 255 255 125 0 0 255 217 255 0 4 255 0 255 0 0 111 0 154 0 255 242 208 255 0 255 255 0 0 0 16 0 255 0 255 35 0 255 0 255 225 255 0 255 255 0 0 0 0 0 255 255 0 216 177 0 255 255 0 193 198 255 141 0 0 27 255 255 255 0 192 255 255 0 0 0 0 255 255 164 79 0 255 0 129 255 215 0 0 92 255 163 0 255 255 93 255 228 0 176 255 56 13 157 255 239 255 255 0 255 255 0 115 0 0 0 0 255 255 255 255 255 225 255 53 0 255 0 75]",0xBE
205,959,"[119 225 176 71 114 109 245 44 22 225 229 223 130 168 144 17 152 3 83 238 77 240 64 80 160 194 128 225 10 236 50 226 102 213 171 45 235 62 62 208 27 56 128 212 37 140 182 220 239 200 167 28 181 254 188 4 127 157 176 184 142 57 241 178 60 82 236 227 103 9 12 72 161 149 162 183 4 26 92 39 19 164 208 192 209 170 188 69 254 46 54 73 249 253 203 161 133 248 178 241 81 85 218 38 242 129 237 86 183 123 160 129 247 177 64 232 75 95 26 230 73 66 235 206 36 196 233 20 211 140 171 126 178 8 195 8 116 38 210 80 116 109 197 123 201 18 49 141 242 19 11 40 164 102 211 18 50 76 160 175 31 241 87 182 134 57 216 209 101 150 66 176 79 216 3 4 5 6 7 8 9 10 11 12 13 14 15 16 17 18 19 20 21 22 23 24 25 26 27 28 29 30 31 32 33 34 35 36 37 38 39 40 41 42 43 44 45 46 47 48 49 50 51 52 53 54 48 48 48 48 48 48 48 48 48 48 48 48 48 48 48 48 48 48 48 48 48 48 48 48 48 48 48 48 48 48 48 48 48 48 48 48 48 48 48 48 48 48 48 48 48 48 48 48 48 48 48 48 48 48 48 48 48 48 48 48 52 195 61 180 148 252 255 222 194 98 192 244 5 137 55 142 119 147 141 245 141 216 81 112 120 71 97 153 148 162 90 80 156 34 64 10 18 62 4 62 167 15 111 233 202 78 236 84 18 254 222 119 170 171 49 51 120 233 2 200 14 122 163 175 14 107 149 16 34 169 133 41 137 233 3 164 18 1 38 108 205 72 160 105 59 131 204 213 216 86 203 54 189 242 3 112 165 179 45 248 157 42 5 200 20 36 147 154 175 100 198 249 69 179 237 175 174 57 136 144 179 255 8 16 19 190 34 159 83 117 55 221 150 241 147 31 43 253 185 12 180 78 39 215 16 74 78 41 130 2 77 79 92 121 143 207 48 223 193 184 22 5 152 220 149 54 23 179 184 44 7 104 149 180 207 156 28 174 251 231 223 77 192 217 173 64 244 115 33 28 165 112 24 189 204 185 51 176 2 78 102 213 99 2 90 127 242 240 46 47 41 201 1 32 137 63 23 92 70 130 250 31 95 238 224 100 178 22 182 249 137 127 47 162 151 166 6 140 152 53 53 70 182 155 216 75 233 190 101 24 65 244 79 84 48 206 70 84 106 111 105 128 208 209 204 25 204 30 31 242 209 141 223 253 156 156 193 59 42 194 88 34 80 91 247 178 135 248 231 131 231 103 58 59 169 128 168 175 5 13 136 48 161 141 149 77 163 212 255 214 142 49 174 240 54 65 38 188 104 16 223 142 84 88 74 116 86 140 198 172 75 135 215 17 20 142 163 54 190 165 236 43 192 21 144 141 99 216 1 133 55 190 11 212 214 213 39 161 3 217 185 135 187 24 135 74 248 219 187 239 88 230 83 187 4 92 4 255 31 138 202 51 124 155 41 199 76 54 142 105 235 225 123 91 83 68 139 206 79 48 121 17 179 132 127 76 231 23 222 96 225 186 26 212 174 8 34 162 169 191 184 168 196 147 66 233 4 93 186 109 6 16 166 247 141 129 81 65 5 69 114 50 22 183 229 239 158 13 189 28 171 199 185 243 188 177 67 236 45 231 80 33 211 0 213 67 226 177 170 93 15 212 43 95 153 123 50 35 31 220 8 250 50 28 147 20 154 217 12 204 100 40 45 235 28 221 139 9 118 209 185 125 220 30 232 216 181 209 139 172 143 90 145 65 112 71 31 82 218 97 191 44 108 29 35 158 155 54 121 221 44 4 166 13 250 156 120 110 146 23 238 160 47 144 34 4 161 166 149 46 154 14 155 141 167 229 217 251 249 197 244 222 186 19 12 214 125 208 80 101 179 234 22 220 203 80 90 11 4 122 24 49 216 146 162 47 222 133 233 216 187 187 26 69 17 2 40 225 61 248 152 60 127 56 251 216 6 242 184 21 171 165 56 194 22 125 2 247 192 40 87 41 196 15 215 241 173 54 92 122 154 171 141 89 228 20 119 198 15 180 209 169 3 46 87 59 246 166 76 238 189 72 96 51 248 132 229 88 220 13 251 233 92 198 192 230 78 119 221 199 100 216 12]",0xA9
206,287,"[115 133 115 133 115 133 115 133 115 133 115 133 115 133 115 133 115 133 115 133 115 133 115 133 115 133 115 133 115 133 115 133 115 133 115 133 115 133 115 133 115 133 115 133 115 133 115 133 115 133 115 133 115 133 115 133 115 133 115 133 115 133 115 133 115 133 115 133 115 133 115 133 115 133 115 133 115 133 115 133 115 133 115 133 115 133 115 133 115 133 115 133 115 133 115 133 115 133 115 133 115 133 115 133 115 133 115 133 115 133 115 133 115 133 115 133 115 133 115 133 115 133 115 133 115 133 115 133 115 133 115 133 115 133 115 133 115 133 115 133 115 133 115 133 115 133 115 133 115 133 115 133 115 133 115 133 115 133 115 133 115 133 115 133 115 133 115 133 115 133 115 133 115 133 115 133 115 133 115 133 115 133 115 133 115 133 115 133 115 133 115 133 115 133 115 133 115 133 115 133 115 133 115 133 115 133 115 133 115 133 115 133 115 133 115 133 115 133 115 133 115 133 115 133 115 133 115 133 115 133 115 133 115 133 115 133 115 133 115 133 115 133 115 133 115 133 115 133 115 133 115 133 115 133 115 133 115 133 115 133 115 133 115 133 115 133 115 133 115 133 115 133 115 133 115 133 115 133 115 133 115 133 115 133 115 133 115]",0x4A
207,40,"[196 197 198 199 200 201 202 203 204 205 206 207 208 209 210 211 212 213 214 215 216 217 218 219 220 221 222 223 224 225 226 227 228 229 230 231 232 233 234 235]",0x48
208,56,"[237 236 235 234 233 232 231 230 229 228 227 226 225 224 223 222 221 220 219 218 217 216 215 214 213 212 211 210 209 208 207 206 205 204 203 202 201 200 199 198 197 196 195 194 193 192 191 190 189 188 187 186 185 184 183 182]",0x2E
209,141,"[120 140 0 0 0 0 0 74 0 0 255 0 255 16 255 255 255 255 103 0 181 0 255 0 0 255 186 255 255 255 0 231 0 179 255 0 41 0 0 0 0 255 0 255 0 90 0 255 255 0 0 199 177 0 0 119 255 107 0 0 255 255 35 131 255 255 133 130 0 255 0 0 255 246 255 255 0 255 220 255 255 169 18 0 255 255 255 0 0 150 255 255 255 192 0 117 255 0 123 255 0 255 0 255 27 197 255 255 255 255 156 149 255 255 19 0 255 116 234 0 255 164 51 255 0 255 0 234 0 169 0 0 255 199 255 0 161 255 144 251 146]",0x54
210,4,"[201 202 203 204]",0x6D
211,97,"[107 124 205 107 124 205 107 124 205 107 124 205 107 124 205 107 124 205 107 124 205 107 124 205 107 124 205 107 124 205 107 124 205 107 124 205 107 124 205 107 124 205 107 124 205 107 124 205 107 124 205 107 124 205 107 124 205 107 124 205 107 124 205 107 124 205 107 124 205 107 124 205 107 124 205 107 124 205 107 124 205 107 124 205 107 124 205 107 124 205 107 124 205 107 124 205 107]",0xDC
212,19,"[125 126 127 128 129 130 131 132 133 134 135 136 137 138 139 140 141 142 143]",0xD5
213,972,"[151 174 252 241 182 133 41 98 149 185 162 182 109 186 36 41 41 228 19 205 59 119 234 149 53 72 235 109 150 117 96 57 175 183 70 201 218 235 41 77 220 50 0 222 83 106 114 217 86 228 157 134 83 62 159 114 233 125 131 106 202 108 68 220 152 151 156 184 80 8 207 32 184 21 96 16 133 167 43 95 238 113 205 237 249 229 81 246 207 214 3 244 199 196 20 59 246 128 101 215 22 106 96 89 78 53 44 163 235 130 76 40 212 248 89 74 153 198 116 161 183 245 42 255 100 185 146 124 178 101 32 125 133 51 239 58 104 39 137 78 125 57 13 199 164 87 12 221 43 238 122 87 189 224 94 104 110 236 177 63 47 58 67 58 168 29 99 160 74 16 20 32 213 168 16 100 71 147 133 123 80 35 190 225 241 15 189 185 242 64 189 13 161 89 196 221 93 134 30 106 92 46 228 37 162 227 233 203 45 209 70 236 181 201 21 149 210 220 7 240 11 157 177 27 12 200 98 27 195 217 150 41 3 179 140 166 208 111 31 240 139 157 238 238 146 76 255 174 104 143 106 227 123 210 215 211 184 218 99 29 215 127 32 29 40 192 181 52 216 72 203 125 187 97 88 215 9 249 165 110 160 31 131 252 60 184 111 167 52 120 250 49 162 147 144 157 128 4 230 211 44 105 197 250 243 230 40 234 224 96 100 117 167 66 5 36 112 72 195 27 234 229 232 189 27 112 33 252 85 149 199 235 193 172 119 154 24 226 139 10 235 125 222 219 208 15 63 224 230 117 112 44 247 54 48 169 62 240 2 1 129 124 41 126 105 227 2 249 159 38 11 137 60 77 62 166 141 19 134 202 20 227 148 243 37 254 164 145 131 6 240 164 23 5 13 156 157 127 78 136 132 4 72 13 230 185 255 77 224 154 116 56 189 231 60 44 178 250 191 72 107 98 218 197 150 70 240 167 248 148 210 208 86 246 5 196 247 86 165 143 194 221 154 208 79 58 110 173 47 174 100 203 9 171 166 240 182 203 231 172 74 222 191 108 181 222 249 243 83 107 28 63 225 92 158 170 200 46 78 114 93 251 213 122 225 88 201 57 197 116 27 69 102 191 18 168 183 167 194 45 150 240 156 156 188 85 179 234 2 222 55 116 218 210 228 240 114 168 99 89 110 190 128 208 190 5 161 111 116 209 140 226 182 141 193 9 6 21 112 60 251 138 169 71 82 85 178 121 132 151 196 23 198 144 171 83 104 59 250 127 254 125 56 129 10 231 209 185 156 148 255 71 199 148 249 211 255 150 52 128 182 198 0 129 60 223 39 170 68 91 240 61 24 17 129 164 83 176 15 219 209 252 239 91 102 190 34 80 30 116 141 54 6 184 5 249 56 169 111 15 120 132 218 187 20 53 79 29 116 251 131 189 174 217 55 192 225 43 88 248 199 72 144 103 125 90 71 172 199 223 39 210 65 109 230 116 50 40 121 195 255 201 224 191 229 19 238 101 235 19 183 188 255 196 97 142 93 50 63 56 140 231 233 14 20 62 65 24 99 150 148 139 86 180 211 88 21 75 35 119 39 118 56 189 7 142 43 0 222 171 25 170 156 121 107 227 62 101 84 197 234 217 204 252 178 192 251 1 162 189 234 226 215 242 137 1 2 139 111 115 102 234 91 219 231 127 114 194 181 84 26 67 33 75 67 163 244 175 237 200 186 105 83 216 231 115 2 202 72 2 206 132 175 234 138 128 74 78 203 114 41 24 121 119 167 120 36 129 232 40 176 152 191 38 241 158 216 63 189 199 101 98 168 23 188 10 48 170 25 248 222 160 209 227 66 217 49 105 142 182 7 74 155 91 198 166 60 37 161 115 43 83 77 27 140 195 147 211 32 111 156 173 178 186 166 24 177 185 254 177 175 131 222 255 199 156 20 186 181 198 31 167 75 194 61 175 75 2 162 28 168 236 248 60 207 90 230 201 18 104 86 201 105 175 154 249 240 109 185 212 230 17 77 81 111 43 127 169 127 170 17 224 240 158 225 33 204 30 104 82 149 77 163 94 220 162 55 86 216 98 137 166 89 75 121 55 72 15 77 82 246 150 201 11 27 208 159 48 103 137 215 15 152 183 250 206 70 181 195 186 209 231 25 26 203 64 14 102 209 32 171 0 28 89 21 216 221 193 62 133 47 72]",0x62
214,77,"[75 237 109 240 253 134 73 202 40 64 200 111 51 166 187 32 70 56 97 195 182 169 1 36 57 69 37 105 19 192 201 147 22 227 247 51 180 215 138 82 122 131 102 238 190 61 149 176 35 91 231 145 55 31 132 140 85 161 17 37 139 15 225 36 172 100 102 195 127 185 129 151 194 155 157 202 242]",0x8E
215,62,"[91 105 213 131 187 4 118 230 57 8 110 180 116 117 171 65 192 39 101 167 212 202 184 91 31 55 221 219 243 19 137 166 181 164 197 92 45 52 3 89 23 82 160 228 214 64 34 49 248 140 46 215 101 230 66 100 129 228 222 147 56 103]",0xBF
216,647,"[255 255 129 0 255 255 202 159 42 255 255 212 255 255 255 0 0 255 0 255 0 0 0 156 255 255 255 56 125 0 255 0 255 0 0 0 0 110 0 255 0 255 0 110 169 255 169 45 255 255 255 0 64 0 255 0 255 0 255 130 255 33 0 151 0 255 255 0 255 255 255 235 255 0 0 0 171 255 0 0 25 0 174 255 255 0 0 255 255 0 255 255 105 139 0 255 201 0 0 0 0 0 2 255 186 0 207 0 0 0 46 39 0 149 255 255 235 0 124 255 255 200 0 0 0 255 132 255 81 0 255 147 218 125 0 0 206 13 0 255 255 0 0 0 255 249 218 255 255 0 0 186 255 62 205 0 0 255 255 0 255 0 79 0 7 255 73 0 255 255 236 255 255 255 255 187 17 255 255 0 0 0 255 255 121 237 0 255 0 0 59 27 0 1 255 0 228 255 251 255 0 0 255 0 255 99 87 255 255 0 255 255 64 255 0 192 255 0 229 255 0 255 0 0 255 0 37 255 255 0 255 0 52 0 211 93 0 255 116 255 0 255 255 0 0 0 255 255 0 255 0 255 59 255 0 255 158 132 0 0 177 130 0 255 255 153 0 0 0 95 255 177 255 228 255 255 255 37 21 0 125 255 200 0 255 0 83 0 0 255 0 194 244 104 130 0 0 0 238 255 255 0 0 0 0 255 0 255 255 0 255 255 255 0 255 255 59 170 0 0 0 49 83 255 0 0 0 148 0 0 255 48 87 255 96 226 8 198 255 110 0 0 0 255 255 255 82 0 212 255 0 40 211 45 0 164 255 0 0 0 202 255 0 174 255 0 41 87 255 255 255 0 255 255 176 30 0 255 255 248 30 0 255 0 187 0 133 0 0 22 0 10 255 0 255 89 0 141 178 226 121 255 255 255 255 0 255 0 255 255 0 0 78 154 18 255 0 0 0 0 0 39 109 0 255 0 250 255 0 0 4 255 0 65 0 255 0 255 0 245 0 0 0 0 109 255 0 0 0 0 255 0 138 255 255 166 22 34 255 255 0 255 0 255 255 0 255 0 79 51 0 255 132 67 255 0 0 206 0 255 0 76 0 255 0 255 0 0 255 89 24 29 255 255 255 115 0 255 0 255 0 255 255 255 255 199 255 255 248 255 0 255 152 220 0 0 0 12 255 255 109 255 255 0 202 255 120 0 0 255 185 255 255 255 198 77 125 255 0 0 0 0 195 255 0 0 0 255 91 147 98 210 255 255 255 0 255 255 0 255 0 0 117 0 0 255 0 0 0 255 255 0 141 255 249 255 255 0 255 255 0 0 255 0 255 0 255 179 255 0 255 255 0 255 255 255 255 255 255 0 255 0 183 255 255 212 255 0 6 255 0 237 148 0 0 119 255 164 251 210 169 0 0 0 206 0 205 255 104 255 255 255 255 255 255 187 154 0 185 255 0 0 0 0 0 0 0]",0xD1
217,496,"[25 26 27 28 29 30 31 32 33 34 35 36 37 38 39 40 41 42 43 44 45 46 47 48 49 50 51 52 53 54 55 56 57 58 59 60 61 62 63 64 65 66 67 68 69 70 71 72 73 74 75 76 77 78 79 80 81 82 83 84 85 86 87 88 89 90 91 92 93 94 95 96 97 98 99 100 101 102 103 104 105 106 107 108 109 110 111 112 113 114 115 116 117 118 119 120 121 122 123 124 125 126 127 128 129 130 131 132 133 134 135 136 137 138 139 140 141 142 143 144 145 146 147 148 149 150 151 152 153 154 155 156 157 158 159 160 161 162 163 164 165 166 167 168 169 170 171 172 173 174 175 176 177 178 179 180 181 182 183 184 185 186 187 188 189 190 191 192 193 194 195 196 197 198 199 200 201 202 203 204 205 206 207 208 209 210 211 212 213 214 215 216 217 218 219 220 221 222 223 224 225 226 227 228 229 230 231 232 233 234 235 236 237 238 239 240 241 242 243 244 245 246 247 248 249 250 251 252 253 254 255 0 1 2 3 4 5 6 7 8 9 10 11 12 13 14 15 16 17 18 19 20 21 22 23 24 25 26 27 28 29 30 31 32 33 34 35 36 37 38 39 40 41 42 43 44 45 46 47 48 49 50 51 52 53 54 55 56 57 58 59 60 61 62 63 64 65 66 67 68 69 70 71 72 73 74 75 76 77 78 79 80 81 82 83 84 85 86 87 88 89 90 91 92 93 94 95 96 97 98 99 100 101 102 103 104 105 106 107 108 109 110 111 112 113 114 115 116 117 118 119 120 121 122 123 124 125 126 127 128 129 130 131 132 133 134 135 136 137 138 139 140 141 142 143 144 145 146 147 148 149 150 151 152 153 154 155 156 157 158 159 160 161 162 163 164 165 166 167 168 169 170 171 172 173 174 175 176 177 178 179 180 181 182 183 184 185 186 187 188 189 190 191 192 193 194 195 196 197 198 199 200 201 202 203 204 205 206 207 208 209 210 211 212 213 214 215 216 217 218 219 220 221 222 223 224 225 226 227 228 229 230 231 232 233 234 235 236 237 238 239 240 241 242 243 244 245 246 247 248 249 250 251 252 253 254 255 0 1 2 3 4 5 6 7 8]",0x92
218,82,"[103 103 103 103 103 103 103 103 103 103 103 103 103 103 103 103 103 103 103 103 103 103 103 103 103 103 103 103 103 103 103 103 103 103 103 103 103 103 103 103 103 103 103 103 103 103 103 103 103 103 103 103 103 103 103 103 103 103 103 103 103 103 103 103 103 103 103 103 103 103 103 103 103 103 103 103 103 103 103 103 103 103]",0xE1
219,13,"[108 107 106 105 104 103 102 101 100 99 98 97 96]",0xC3
220,7,"[163 162 161 160 159 158 157]",0xDE
221,58,"[179 149 179 149 179 149 179 149 179 149 179 149 179 149 179 149 179 149 179 149 179 149 179 149 179 149 179 149 179 149 179 149 179 149 179 149 179 149 179 149 179 149 179 149 179 149 179 149 179 149 179 149 179 149 179 149 179 149]",0xEC
222,7,"[98 97 96 95 94 93 92]",0xFC
223,859,"[231 232 233 234 235 236 237 238 239 240 241 242 243 244 245 246 247 248 249 250 251 252 253 254 255 0 1 2 3 4 5 6 7 8 9 10 11 12 13 14 15 16 17 18 19 20 21 22 23 24 25 26 27 28 29 30 31 32 33 34 35 36 37 38 39 40 41 42 43 44 45 46 47 48 49 50 51 52 53 54 55 56 57 58 59 60 61 62 63 64 65 66 67 68 69 70 71 72 73 74 75 76 77 78 79 80 81 82 83 84 85 86 87 88 89 90 91 92 93 94 95 96 97 98 99 100 101 102 103 104 105 106 107 108 109 110 111 112 113 114 115 116 117 118 119 120 121 122 123 124 125 126 127 128 129 130 131 132 133 134 135 136 137 138 139 140 141 142 143 144 145 146 147 148 149 150 151 152 153 154 155 156 157 158 159 160 161 162 163 164 165 166 167 168 169 170 171 172 173 174 175 176 177 178 179 180 181 182 183 184 185 186 187 188 189 190 191 192 193 194 195 196 197 198 199 200 201 202 203 204 205 206 207 208 209 210 211 212 213 214 215 216 217 218 219 220 221 222 223 224 225 226 227 228 229 230 231 232 233 234 235 236 237 238 239 240 241 242 243 244 245 246 247 248 249 250 251 252 253 254 255 0 1 2 3 4 5 6 7 8 9 10 11 12 13 14 15 16 17 18 19 20 21 22 23 24 25 26 27 28 29 30 31 32 33 34 35 36 37 38 39 40 41 42 43 44 45 46 47 48 49 50 51 52 53 54 55 56 57 58 59 60 61 62 63 64 65 66 67 68 69 70 71 72 73 74 75 76 77 78 79 80 81 82 83 84 85 86 87 88 89 90 91 92 93 94 95 96 97 98 99 100 101 102 103 104 105 106 107 108 109 110 111 112 113 114 115 116 117 118 119 120 121 122 123 124 125 126 127 128 129 130 131 132 133 134 135 136 137 138 139 140 141 142 143 144 145 146 147 148 149 150 151 152 153 154 155 156 157 158 159 160 161 162 163 164 165 166 167 168 169 170 171 172 173 174 175 176 177 178 179 180 181 182 183 184 185 186 187 188 189 190 191 192 193 194 195 196 197 198 199 200 201 202 203 204 205 206 207 208 209 210 211 212 213 214 215 216 217 218 219 220 221 222 223 224 225 226 227 228 229 230 231 232 233 234 235 236 237 238 239 240 241 242 243 244 245 246 247 248 249 250 251 252 253 254 255 0 1 2 3 4 5 6 7 8 9 10 11 12 13 14 15 16 17 18 19 20 21 22 23 24 25 26 27 28 29 30 31 32 33 34 35 36 37 38 39 40 41 42 43 44 45 46 47 48 49 50 51 52 53 54 55 56 57 58 59 60 61 62 63 64 65 66 67 68 69 70 71 72 73 74 75 76 77 78 79 80 81 82 83 84 85 86 87 88 89 90 91 92 93 94 95 96 97 98 99 100 101 102 103 104 105 106 107 108 109 110 111 112 113 114 115 116 117 118 119 120 121 122 123 124 125 126 127 128 129 130 131 132 133 134 135 136 137 138 139 140 141 142 143 144 145 146 147 148 149 150 151 152 153 154 155 156 157 158 159 160 161 162 163 164 165 166 167 168 169 170 171 172 173 174 175 176 177 178 179 180 181 182 183 184 185 186 187 188 189 190 191 192 193 194 195 196 197 198 199 200 201 202 203 204 205 206 207 208 209 210 211 212 213 214 215 216 217 218 219 220 221 222 223 224 225 226 227 228 229 230 231 232 233 234 235 236 237 238 239 240 241 242 243 244 245 246 247 248 249 250 251 252 253 254 255 0 1 2 3 4 5 6 7 8 9 10 11 12 13 14 15 16 17 18 19 20 21 22 23 24 25 26 27 28 29 30 31 32 33 34 35 36 37 38 39 40 41 42 43 44 45 46 47 48 49 50 51 52 53 54 55 56 57 58 59 60 61 62 63 64 65]",0xB6
224,76,"[0 59 0 240 255 255 0 0 255 255 255 255 255 32 255 149 255 0 0 255 241 90 236 174 0 255 255 255 0 255 255 255 255 255 255 5 255 0 0 0 122 255 255 51 255 57 0 0 255 255 0 0 255 255 0 255 255 202 255 255 0 0 255 116 255 255 0 255 255 0 0 255 255 0 0 2]",0x13
225,94,"[23 77 23 77 23 77 23 77 23 77 23 77 23 77 23 77 23 77 23 77 23 77 23 77 23 77 23 77 23 77 23 77 23 77 23 77 23 77 23 77 23 77 23 77 23 77 23 77 23 77 23 77 23 77 23 77 23 77 23 77 23 77 23 77 23 77 23 77 23 77 23 77 23 77 23 77 23 77 23 77 23 77 23 77 23 77 23 77 23 77 23 77 23 77]",0x63
226,27,"[214 223 214 223 214 223 214 223 214 223 214 223 214 223 214 223 214 223 214 223 214 223 214 223 214 223 214]",0xCD
227,2,"[92 216]",0xAF
228,191,"[7 8 9 10 11 12 13 14 15 16 17 18 19 20 21 22 23 24 25 26 27 28 29 30 31 32 33 34 35 36 37 38 39 40 41 42 43 44 45 46 47 48 49 50 51 52 53 54 55 56 57 58 59 60 61 62 63 64 65 66 67 68 69 70 71 72 73 74 75 76 77 78 79 80 81 82 83 84 85 86 87 88 89 90 91 92 93 94 95 96 97 98 99 100 101 102 103 104 105 106 107 108 109 110 111 112 113 114 115 116 117 118 119 120 121 122 123 124 125 126 127 128 129 130 131 132 133 134 135 136 137 138 139 140 141 142 143 144 145 146 147 148 149 150 151 152 153 154 155 156 157 158 159 160 161 162 163 164 165 166 167 168 169 170 171 172 173 174 175 176 177 178 179 180 181 182 183 184 185 186 187 188 189 190 191 192 193 194 195 196 197]",0xF3
229,27,"[157 158 159 160 161 162 163 164 165 166 167 168 169 170 171 172 173 174 175 176 177 178 179 180 181 182 183]",0x66
230,26,"[113 128 178 221 221 221 221 221 221 221 112 130 155 70 109 124 175 198 188 87 255 66 49 80 115 217]",0x51
231,867,"[72 27 175 72 27 175 72 27 175 72 27 175 72 27 175 72 27 175 72 27 175 72 27 175 72 27 175 72 27 175 72 27 175 72 27 175 72 27 175 72 27 175 72 27 175 72 27 175 72 27 175 72 27 175 72 27 175 72 27 175 72 27 175 72 27 175 72 27 175 72 27 175 72 27 175 72 27 175 72 27 175 72 27 175 72 27 175 72 27 175 72 27 175 72 27 175 72 27 175 72 27 175 72 27 175 72 27 175 72 27 175 72 27 175 72 27 175 72 27 175 72 27 175 72 27 175 72 27 175 72 27 175 72 27 175 72 27 175 72 27 175 72 27 175 72 27 175 72 27 175 72 27 175 72 27 175 72 27 175 72 27 175 72 27 175 72 27 175 72 27 175 72 27 175 72 27 175 72 27 175 72 27 175 72 27 175 72 27 175 72 27 175 72 27 175 72 27 175 72 27 175 72 27 175 72 27 175 72 27 175 72 27 175 72 27 175 72 27 175 72 27 175 72 27 175 72 27 175 72 27 175 72 27 175 72 27 175 72 27 175 72 27 175 72 27 175 72 27 175 72 27 175 72 27 175 72 27 175 72 27 175 72 27 175 72 27 175 72 27 175 72 27 175 72 27 175 72 27 175 72 27 175 72 27 175 72 27 175 72 27 175 72 27 175 72 27 175 72 27 175 72 27 175 72 27 175 72 27 175 72 27 175 72 27 175 72 27 175 72 27 175 72 27 175 72 27 175 72 27 175 72 27 175 72 27 175 72 27 175 72 27 175 72 27 175 72 27 175 72 27 175 72 27 175 72 27 175 72 27 175 72 27 175 72 27 175 72 27 175 72 27 175 72 27 175 72 27 175 72 27 175 72 27 175 72 27 175 72 27 175 72 27 175 72 27 175 72 27 175 72 27 175 72 27 175 72 27 175 72 27 175 72 27 175 72 27 175 72 27 175 72 27 175 72 27 175 72 27 175 72 27 175 72 27 175 72 27 175 72 27 175 72 27 175 72 27 175 72 27 175 72 27 175 72 27 175 72 27 175 72 27 175 72 27 175 72 27 175 72 27 175 72 27 175 72 27 175 72 27 175 72 27 175 72 27 175 72 27 175 72 27 175 72 27 175 72 27 175 72 27 175 72 27 175 72 27 175 72 27 175 72 27 175 72 27 175 72 27 175 72 27 175 72 27 175 72 27 175 72 27 175 72 27 175 72 27 175 72 27 175 72 27 175 72 27 175 72 27 175 72 27 175 72 27 175 72 27 175 72 27 175 72 27 175 72 27 175 72 27 175 72 27 175 72 27 175 72 27 175 72 27 175 72 27 175 72 27 175 72 27 175 72 27 175 72 27 175 72 27 175 72 27 175 72 27 175 72 27 175 72 27 175 72 27 175 72 27 175 72 27 175 72 27 175 72 27 175 72 27 175 72 27 175 72 27 175 72 27 175 72 27 175 72 27 175 72 27 175 72 27 175 72 27 175 72 27 175 72 27 175 72 27 175 72 27 175 72 27 175 72 27 175 72 27 175 72 27 175 72 27 175 72 27 175 72 27 175 72 27 175 72 27 175 72 27 175 72 27 175 72 27 175 72 27 175 72 27 175 72 27 175 72 27 175 72 27 175 72 27 175 72 27 175 72 27 175 72 27 175 72 27 175 72 27 175 72 27 175 72 27 175 72 27 175 72 27 175 72 27 175 72 27 175 72 27 175 72 27 175 72 27 175 72 27 175 72 27 175 72 27 175 72 27 175 72 27 175 72 27 175 72 27 175 72 27 175 72 27 175 72 27 175 72 27 175 72 27 175 72 27 175 72 27 175 72 27 175 72 27 175 72 27 175 72 27 175 72 27 175 72 27 175 72 27 175 72 27 175 72 27 175 72 27 175 72 27 175 72 27 175 72 27 175 72 27 175 72 27 175 72 27 175 72 27 175 72 27 175 72 27 175 72 27 175 72 27 175]",0xBD
232,7,"[208 207 206 205 204 203 202]",0xFF
233,8,"[31 67 4 207 2 74 103 238]",0x21
234,7,"[45 0 0 29 255 167 0]",0x20
235,8,"[158 157 156 155 154 153 152 151]",0x5B
236,8,"[247 246 245 244 243 242 241 240]",0x0F
237,38,"[45 185 45 185 45 185 45 185 45 185 45 185 45 185 45 185 45 185 45 185 45 185 45 185 45 185 45 185 45 185 45 185 45 185 45 185 45 185]",0xC8
238,281,"[19 20 21 22 23 24 25 26 27 28 29 30 31 32 33 34 35 36 37 38 39 40 41 42 43 44 45 46 47 48 49 50 51 52 53 54 55 56 57 58 59 60 61 62 63 64 65 66 67 68 69 70 71 72 73 74 75 76 77 78 79 80 81 82 83 84 85 86 87 88 89 90 91 92 93 94 95 96 97 98 99 100 101 102 103 104 105 106 107 108 109 110 111 112 113 114 115 116 117 118 119 120 121 122 123 124 125 126 127 128 129 130 131 132 133 134 135 136 137 138 139 140 141 142 143 144 145 146 147 148 149 150 151 152 153 154 155 156 157 158 159 160 161 162 163 164 165 166 167 168 169 170 171 172 173 174 175 176 177 178 179 180 181 182 183 184 185 186 187 188 189 190 191 192 193 194 195 196 197 198 199 200 201 202 203 204 205 206 207 208 209 210 211 212 213 214 215 216 217 218 219 220 221 222 223 224 225 226 227 228 229 230 231 232 233 234 235 236 237 238 239 240 241 242 243 244 245 246 247 248 249 250 251 252 253 254 255 0 1 2 3 4 5 6 7 8 9 10 11 12 13 14 15 16 17 18 19 20 21 22 23 24 25 26 27 28 29 30 31 32 33 34 35 36 37 38 39 40 41 42 43]",0x43
239,310,"[105 182 105 182 105 182 105 182 105 182 105 182 105 182 105 182 105 182 105 182 105 182 105 182 105 182 105 182 105 182 105 182 105 182 105 182 105 182 105 182 105 182 105 182 105 182 105 182 105 182 105 182 105 182 105 182 105 182 105 182 105 182 105 182 105 182 105 182 105 182 105 182 105 182 105 182 105 182 105 182 105 182 105 182 105 182 105 182 105 182 105 182 105 182 105 182 105 182 105 182 105 182 105 182 105 182 105 182 105 182 105 182 105 182 105 182 105 182 105 182 105 182 105 182 105 182 105 182 105 182 105 182 105 182 105 182 105 182 105 182 105 182 105 182 105 182 105 182 105 182 105 182 105 182 105 182 105 182 105 182 105 182 105 182 105 182 105 182 105 182 105 182 105 182 105 182 105 182 105 182 105 182 105 182 105 182 105 182 105 182 105 182 105 182 105 182 105 182 105 182 105 182 105 182 105 182 105 182 105 182 105 182 105 182 105 182 105 182 105 182 105 182 105 182 105 182 105 182 105 182 105 182 105 182 105 182 105 182 105 182 105 182 105 182 105 182 105 182 105 182 105 182 105 182 105 182 105 182 105 182 105 182 105 182 105 182 105 182 105 182 105 182 105 182 105 182 105 182 105 182 105 182 105 182 105 182 105 182 105 182 105 182 105 182 105 182 105 182 105 182 105 182 105 182 105 182 105 182 105 182]",0xC7
240,265,"[90 89 88 87 86 85 84 83 82 81 80 79 78 77 76 75 74 73 72 71 70 69 68 67 66 65 64 63 62 61 60 59 58 57 56 55 54 53 52 51 50 49 48 47 46 45 44 43 42 41 40 39 38 37 36 35 34 33 32 31 30 29 28 27 26 25 24 23 22 21 20 19 18 17 16 15 14 13 12 11 10 9 8 7 6 5 4 3 2 1 0 255 254 253 252 251 250 249 248 247 246 245 244 243 242 241 240 239 238 237 236 235 234 233 232 231 230 229 228 227 226 225 224 223 222 221 220 219 218 217 216 215 214 213 212 211 210 209 208 207 206 205 204 203 202 201 200 199 198 197 196 195 194 193 192 191 190 189 188 187 186 185 184 183 182 181 180 179 178 177 176 175 174 173 172 171 170 169 168 167 166 165 164 163 162 161 160 159 158 157 156 155 154 153 152 151 150 149 148 147 146 145 144 143 142 141 140 139 138 137 136 135 134 133 132 131 130 129 128 127 126 125 124 123 122 121 120 119 118 117 116 115 114 113 112 111 110 109 108 107 106 105 104 103 102 101 100 99 98 97 96 95 94 93 92 91 90 89 88 87 86 85 84 83 82]",0xDE
241,370,"[132 38 11 178 187 117 173 137 161 152 170 51 68 112 114 198 94 41 64 54 187 120 181 106 227 251 171 221 130 239 212 253 159 199 138 66 90 228 14 151 95 98 226 218 153 69 121 104 90 26 139 77 169 81 110 13 254 129 6 138 222 197 179 35 168 196 146 228 70 61 222 160 0 90 219 6 0 72 233 230 132 141 84 62 208 27 124 162 26 133 147 190 60 75 145 251 55 252 182 211 22 76 14 95 251 26 143 1 182 50 33 86 197 27 58 2 247 151 184 166 36 152 33 102 145 143 30 8 204 185 20 32 228 196 255 65 124 60 159 29 32 18 177 126 158 225 189 118 251 116 28 254 5 140 79 128 143 61 142 193 68 98 68 210 185 223 43 18 30 41 136 248 91 245 9 237 46 233 14 242 51 77 125 97 170 249 155 184 22 160 116 226 99 173 58 66 96 77 64 12 214 16 227 32 16 144 128 125 147 73 169 128 85 211 186 100 216 235 137 55 234 48 12 83 186 236 163 243 23 15 154 247 128 13 56 62 86 11 231 131 171 17 13 150 227 135 224 207 19 51 168 113 74 107 113 233 26 71 137 178 161 241 203 142 54 115 177 214 245 154 134 4 18 39 14 102 86 163 137 152 120 71 243 22 240 79 131 27 18 109 189 68 143 71 99 232 219 132 60 49 244 51 206 94 252 94 89 163 246 249 181 193 144 193 220 124 158 137 143 227 91 53 116 53 127 231 158 218 42 230 154 8 162 243 20 149 234 2 161 121 88 160 13 192 1 78 129 96 78 212 239 223 133 226 235 104 72 25 122 242 143 170 28 36 118 243 92 224 30 157]",0xD0
242,874,"[48 56 243 39 9 136 135 216 242 137 238 185 67 237 170 106 174 102 29 184 210 186 58 244 6 85 66 12 103 159 225 253 206 119 185 215 119 200 123 98 134 173 186 91 146 232 249 58 49 173 106 6 88 206 204 126 120 148 56 134 2 121 86 172 163 97 1 64 162 18 27 165 193 82 125 242 242 78 207 152 249 122 198 196 127 203 66 31 108 241 128 162 159 33 99 180 248 43 105 24 62 96 138 59 58 199 246 82 176 66 237 172 205 12 153 135 75 67 148 180 8 145 43 35 159 79 112 92 165 120 246 90 189 65 130 141 84 120 71 1 55 179 197 71 104 9 60 199 155 52 65 209 53 85 170 143 117 230 56 189 40 157 222 117 185 210 34 180 235 147 47 32 66 26 131 17 57 112 121 144 180 12 20 15 108 10 190 57 240 124 114 199 182 155 239 108 206 97 214 66 74 173 54 58 78 173 227 172 211 139 17 25 141 83 56 119 170 98 205 189 188 252 75 165 219 148 202 106 151 14 252 204 222 177 47 7 221 101 67 143 107 166 123 178 218 50 84 111 246 93 97 167 107 243 228 131 165 14 178 181 91 56 234 109 167 8 106 209 99 154 53 106 237 145 230 230 241 229 0 239 35 10 14 89 158 102 6 121 113 193 71 55 65 77 153 120 86 95 94 248 59 209 181 1 254 193 174 103 142 64 9 214 229 41 201 189 45 107 108 194 214 24 144 195 201 37 134 219 81 108 205 22 220 79 0 59 22 23 177 54 239 132 117 111 177 115 32 225 109 18 135 165 70 204 171 166 107 246 70 147 79 190 12 11 207 111 87 155 179 51 47 245 150 99 205 134 61 52 101 220 15 55 228 31 161 54 155 98 26 149 174 174 163 128 132 162 176 167 150 39 53 66 235 194 141 64 28 230 228 28 204 114 82 189 157 199 19 81 81 84 128 72 113 94 188 154 167 53 83 5 27 67 16 154 255 25 210 30 171 164 231 29 80 23 104 233 200 185 136 226 115 38 214 71 13 32 155 155 66 186 198 235 149 199 192 65 79 122 4 76 121 27 32 118 187 213 139 121 98 49 37 202 119 202 180 49 130 113 108 138 251 208 231 7 35 21 67 113 164 128 231 240 41 218 123 116 200 23 225 171 224 254 132 23 42 82 26 208 75 249 179 44 121 119 126 137 7 175 124 202 208 59 12 180 250 114 66 40 73 83 108 167 69 13 95 219 127 246 128 70 49 177 137 154 193 185 11 205 136 100 137 156 38 106 85 89 23 40 41 95 228 52 106 79 201 12 50 53 254 146 35 69 42 31 204 126 161 84 141 65 78 166 38 158 218 30 229 20 89 156 143 24 204 249 46 229 142 239 45 202 15 226 172 94 48 209 154 92 113 211 86 22 233 99 89 52 229 55 162 225 8 212 105 168 95 178 65 5 242 4 210 43 100 210 52 221 127 93 169 87 88 187 79 51 206 206 127 134 178 130 106 254 37 151 226 175 225 86 69 217 100 181 37 193 140 68 126 178 3 163 138 56 192 77 70 120 173 237 36 101 17 194 114 180 82 216 136 241 20 131 196 153 5 248 76 63 124 138 196 100 112 136 100 234 217 116 0 230 31 62 39 46 205 148 244 59 124 250 211 186 48 196 88 135 155 155 185 169 17 117 169 75 80 31 107 252 73 136 190 3 230 98 222 9 37 82 88 217 2 164 33 210 199 127 54 162 40 48 160 253 228 151 137 255 140 107 232 59 24 162 24 95 108 140 253 56 96 33 155 186 123 62 158 138 43 103 111 251 217 187 227 188 231 13 116 191 149 44 87 81 66 87 131 218 189 213 226 106 88 14 238 16 189 96 242 107 209 72 76 152 255 132 239 201 203 111 98 49 246 245 191 75 62 253 17 215 90 107 212 23 90 243 178 193 193 15 52 125 94 105 200 3 169 0 16 104 215 37 141 173 58 131 233 131]",0xA8
243,7,"[6 7 8 9 10 11 12]",0x4C
244,2,"[66 67]",0xAE
245,44,"[99 99 99 99 99 99 99 99 99 99 99 99 34 34 34 34 34 34 34 34 174 161 137 140 63 133 6 110 46 65 56 18 89 250 90 117 167 166 243 219 243 59 157 159]",0x57
246,191,"[250 97 250 97 250 97 250 97 250 97 250 97 250 97 250 97 250 97 250 97 250 97 250 97 250 97 250 97 250 97 250 97 250 97 250 97 250 97 250 97 250 97 250 97 250 97 250 97 250 97 250 97 250 97 250 97 250 97 250 97 250 97 250 97 250 97 250 97 250 97 250 97 250 97 250 97 250 97 250 97 250 97 250 97 250 97 250 97 250 97 250 97 250 97 250 97 250 97 250 97 250 97 250 97 250 97 250 97 250 97 250 97 250 97 250 97 250 97 250 97 250 97 250 97 250 97 250 97 250 97 250 97 250 97 250 97 250 97 250 97 250 97 250 97 250 97 250 97 250 97 250 97 250 97 250 97 250 97 250 97 250 97 250 97 250 97 250 97 250 97 250 97 250 97 250 97 250 97 250 97 250 97 250 97 250 97 250 97 250 97 250]",0xC4
247,128,"[247 246 245 244 243 242 241 240 239 238 237 236 235 234 233 232 231 230 229 228 227 226 225 224 223 222 221 220 219 218 217 216 215 214 213 212 211 210 209 208 207 206 205 204 203 202 201 200 199 198 197 196 195 194 193 192 191 190 189 188 187 186 185 184 183 182 181 180 179 178 177 176 175 174 173 172 171 170 169 168 167 166 165 164 163 162 161 160 159 158 157 156 155 154 153 152 151 150 149 148 147 146 145 144 143 142 141 140 139 138 137 136 135 134 133 132 131 130 129 128 127 126 125 124 123 122 121 120]",0x1B
248,12,"[228 184 27 13 206 207 30 77 199 134 244 123]",0x07
249,559,"[34 1 71 154 182 211 237 105 189 19 14 31 114 54 73 165 91 142 105 43 18 60 14 158 203 86 99 208 56 30 128 165 153 182 14 109 61 194 223 72 24 64 26 82 137 249 102 56 42 44 49 195 15 255 133 139 91 120 84 67 236 74 111 89 22 47 48 177 104 200 181 49 144 190 162 153 189 14 187 69 146 62 214 123 164 203 229 187 38 218 158 156 235 63 61 131 192 114 162 115 156 210 46 178 201 114 82 3 204 83 91 86 127 179 197 100 169 184 76 24 229 173 165 15 209 144 217 249 245 219 2 226 19 217 71 156 9 197 105 209 178 1 103 10 172 248 167 57 90 250 57 143 102 196 222 87 169 140 71 69 137 39 207 17 24 87 30 121 102 184 243 192 45 239 100 121 107 71 229 85 148 61 204 198 75 174 180 144 153 147 20 171 120 112 220 5 64 31 9 70 253 69 169 30 154 252 74 217 255 150 79 172 216 43 115 81 72 220 107 86 154 56 58 133 104 75 13 133 209 217 60 153 219 104 238 231 53 66 46 50 232 238 13 151 144 99 161 242 43 30 8 93 86 110 128 194 100 84 211 217 59 80 211 20 83 114 47 46 108 193 215 250 18 55 193 138 83 52 71 109 45 246 27 252 215 108 189 171 54 86 131 163 138 121 113 127 111 138 227 162 184 152 164 148 6 255 8 101 26 24 203 109 205 69 65 64 157 208 115 97 249 29 124 104 25 68 7 224 155 208 133 153 179 232 23 84 181 245 251 163 49 30 242 111 49 239 26 186 22 86 38 154 122 1 249 89 66 56 40 255 75 103 223 164 94 229 191 58 164 236 127 187 248 176 26 62 152 70 245 103 117 179 134 97 19 152 222 175 97 32 208 241 99 186 105 128 214 21 135 54 86 164 6 152 72 171 36 188 165 248 233 72 6 167 154 7 31 149 233 232 38 98 11 120 192 202 127 24 97 238 58 81 191 187 233 99 131 119 237 196 212 34 202 110 5 15 173 95 222 187 5 175 49 108 159 223 116 206 200 106 128 179 7 228 197 63 251 45 234 83 195 188 39 68 25 221 75 177 209 230 27 228 50 188 186 2 56 125 107 235 92 239 117 246 188 212 26 150 36 76 159 185 10 135 144 20 128 182 13 194 147 213 55 213 24 103 51 224 180 6 2 74 36 161 169 241 243 168 1 91 131 127 154 245 226 27 68 213 211 70 187 172 121 51 227 173 43 180 189 227 57 253 39 153 168 107 121 228 165]",0x45
250,22,"[31 244 195 247 9 174 11 200 97 24 145 71 168 168 180 254 98 119 205 148 9 215]",0x66
251,2,"[19 6]",0x64
252,5,"[168 168 168 168 168]",0x9E
253,12,"[79 81 79 81 79 81 79 81 79 81 79 81]",0x12
254,71,"[174 175 176 177 178 179 180 181 182 183 184 185 186 187 188 189 190 191 192 193 194 195 196 197 198 199 200 201 202 203 204 205 206 207 208 209 210 211 212 213 214 215 216 217 218 219 220 221 222 223 224 225 226 227 228 229 230 231 232 233 234 235 236 237 238 239 240 241 242 243 244]",0xFC
255,53,"[193 194 195 196 197 198 199 200 201 202 203 204 205 206 207 208 209 210 211 212 213 214 215 216 217 218 219 220 221 222 223 224 225 226 227 228 229 230 231 232 233 234 235 236 237 238 239 240 241 242 243 244 245]",0x86
256,5,"[168 234 168 234 168]",0x73
257,252,"[132 115 181 154 132 115 181 154 132 115 181 154 132 115 181 154 132 115 181 154 132 115 181 154 132 115 181 154 132 115 181 154 132 115 181 154 132 115 181 154 132 115 181 154 132 115 181 154 132 115 181 154 132 115 181 154 132 115 181 154 132 115 181 154 132 115 181 154 132 115 181 154 132 115 181 154 132 115 181 154 132 115 181 154 132 115 181 154 132 115 181 154 132 115 181 154 132 115 181 154 132 115 181 154 132 115 181 154 132 115 181 154 132 115 181 154 132 115 181 154 132 115 181 154 132 115 181 154 132 115 181 154 132 115 181 154 132 115 181 154 132 115 181 154 132 115 181 154 132 115 181 154 132 115 181 154 132 115 181 154 132 115 181 154 132 115 181 154 132 115 181 154 132 115 181 154 132 115 181 154 132 115 181 154 132 115 181 154 132 115 181 154 132 115 181 154 132 115 181 154 132 115 181 154 132 115 181 154 132 115 181 154 132 115 181 154 132 115 181 154 132 115 181 154 132 115 181 154 132 115 181 154 132 115 181 154 132 115 181 154 132 115 181 154 132 115 181 154 132 115 181 154]",0x44
258,626,"[138 206 138 206 138 206 138 206 138 206 138 206 138 206 138 206 138 206 138 206 138 206 138 206 138 206 138 206 138 206 138 206 138 206 138 206 138 206 138 206 138 206 138 206 138 206 138 206 138 206 138 206 138 206 138 206 138 206 138 206 138 206 138 206 138 206 138 206 138 206 138 206 138 206 138 206 138 206 138 206 138 206 138 206 138 206 138 206 138 206 138 206 138 206 138 206 138 206 138 206 138 206 138 206 138 206 138 206 138 206 138 206 138 206 138 206 138 206 138 206 138 206 138 206 138 206 138 206 138 206 138 206 138 206 138 206 138 206 138 206 138 206 138 206 138 206 138 206 138 206 138 206 138 206 138 206 138 206 138 206 138 206 138 206 138 206 138 206 138 206 138 206 138 206 138 206 138 206 138 206 138 206 138 206 138 206 138 206 138 206 138 206 138 206 138 206 138 206 138 206 138 206 138 206 138 206 138 206 138 206 138 206 138 206 138 206 138 206 138 206 138 206 138 206 138 206 138 206 138 206 138 206 138 206 138 206 138 206 138 206 138 206 138 206 138 206 138 206 138 206 138 206 138 206 138 206 138 206 138 206 138 206 138 206 138 206 138 206 138 206 138 206 138 206 138 206 138 206 138 206 138 206 138 206 138 206 138 206 138 206 138 206 138 206 138 206 138 206 138 206 138 206 138 206 138 206 138 206 138 206 138 206 138 206 138 206 138 206 138 206 138 206 138 206 138 206 138 206 138 206 138 206 138 206 138 206 138 206 138 206 138 206 138 206 138 206 138 206 138 206 138 206 138 206 138 206 138 206 138 206 138 206 138 206 138 206 138 206 138 206 138 206 138 206 138 206 138 206 138 206 138 206 138 206 138 206 138 206 138 206 138 206 138 206 138 206 138 206 138 206 138 206 138 206 138 206 138 206 138 206 138 206 138 206 138 206 138 206 138 206 138 206 138 206 138 206 138 206 138 206 138 206 138 206 138 206 138 206 138 206 138 206 138 206 138 206 138 206 138 206 138 206 138 206 138 206 138 206 138 206 138 206 138 206 138 206 138 206 138 206 138 206 138 206 138 206 138 206 138 206 138 206 138 206 138 206 138 206 138 206 138 206 138 206 138 206 138 206 138 206 138 206 138 206 138 206 138 206 138 206 138 206 138 206 138 206 138 206 138 206 138 206 138 206 138 206 138 206 138 206 138 206 138 206 138 206 138 206 138 206 138 206 138 206 138 206 138 206 138 206 138 206 138 206 138 206 138 206 138 206 138 206 138 206 138 206 138 206 138 206 138 206 138 206 138 206 138 206 138 206 138 206 138 206 138 206 138 206 138 206 138 206 138 206 138 206 138 206 138 206 138 206 138 206 138 206 138 206 138 206 138 206 138 206 138 206 138 206 138 206 138 206 138 206 138 206]",0x18
259,683,"[115 251 74 23 110 138 89 62 172 96 161 199 194 96 145 115 222 224 87 23 42 93 144 168 84 170 240 166 40 148 138 222 89 108 153 134 184 10 144 31 80 169 40 79 179 166 23 147 37 64 117 27 254 42 200 212 254 109 223 245 44 122 15 158 148 52 204 9 206 6 168 20 64 184 71 234 12 207 16 32 30 254 46 229 253 98 161 199 100 41 111 197 199 59 44 235 11 188 11 214 231 76 18 123 76 106 170 53 91 200 164 83 170 195 151 61 0 205 210 178 19 149 210 99 50 150 211 12 152 164 154 166 161 33 60 158 4 162 170 61 153 136 66 118 232 109 161 9 19 20 199 89 58 191 43 63 110 84 149 86 100 220 226 211 221 145 165 142 201 141 28 207 194 209 48 69 75 130 34 98 46 67 180 218 5 144 9 21 180 188 208 121 220 42 63 34 204 58 39 159 19 11 27 0 178 143 53 59 207 128 178 115 248 249 250 251 252 253 254 255 0 1 2 3 4 5 6 7 8 9 10 11 12 13 14 15 16 17 18 19 20 21 22 23 24 25 26 27 28 29 30 31 32 33 34 35 36 37 38 39 40 41 42 43 44 45 46 47 48 49 50 51 52 53 54 55 56 57 58 59 60 61 62 63 64 65 66 67 68 69 70 71 72 73 74 75 76 77 78 79 80 81 82 83 84 85 86 87 88 89 90 91 92 93 94 95 96 97 98 99 100 101 102 103 104 105 106 107 108 109 110 111 112 113 114 115 116 117 118 119 120 121 33 103 84 238 239 240 241 242 243 244 245 246 247 248 249 250 251 252 253 254 255 0 1 2 3 4 5 6 7 8 9 10 11 12 13 14 15 16 17 18 19 20 21 22 23 24 25 26 27 28 29 30 31 32 33 34 35 36 37 38 39 40 41 42 43 44 45 46 47 48 49 50 51 52 53 54 55 56 57 58 59 60 61 62 63 64 65 66 67 68 69 70 71 72 73 50 90 195 53 151 179 167 180 180 246 88 224 5 73 12 166 25 216 165 7 182 220 169 7 219 187 96 84 122 221 64 25 221 6 233 78 130 33 230 191 236 174 47 78 124 155 237 98 179 246 39 220 107 187 75 85 6 248 208 24 255 154 218 17 99 171 27 125 113 55 76 247 73 54 137 171 185 193 9 100 198 231 154 13 101 19 191 16 47 106 118 104 118 182 94 140 77 90 157 125 185 143 205 113 125 171 56 98 159 7 111 153 247 224 71 129 14 61 198 31 65 241 210 200 221 191 30 132 113 79 213 118 15 70 58 227 165 143 129 166 193 141 240 250 254 171 238 220 232 231 212 104 40 85 196 59 122 144 154 239 169 201 148 213 67 53 237 177 171 119 96 142 30 116 116 137 162 245 166 226 142 160 17 34 148 101 204 139 225 248 37 101 170 78 68 208 250 198 134 113 138 118 128 52 231 193 174 243 72 20 211 255 148 15 199 18 138 71 234 115 230 76 99 242 51 148 99 198 33 111 178 104 14 180 128 2 156 235 28 151 186 18 5 118 202 41]",0x0A
260,691,"[247 55 127 247 55 127 247 55 127 247 55 127 247 55 127 247 55 127 247 55 127 247 55 127 247 55 127 247 55 127 247 55 127 247 55 127 247 55 127 247 55 127 247 55 127 247 55 127 247 55 127 247 55 127 247 55 127 247 55 127 247 55 127 247 55 127 247 55 127 247 55 127 247 55 127 247 55 127 247 55 127 247 55 127 247 55 127 247 55 127 247 55 127 247 55 127 247 55 127 247 55 127 247 55 127 247 55 127 247 55 127 247 55 127 247 55 127 247 55 127 247 55 127 247 55 127 247 55 127 247 55 127 247 55 127 247 55 127 247 55 127 247 55 127 247 55 127 247 55 127 247 55 127 247 55 127 247 55 127 247 55 127 247 55 127 247 55 127 247 55 127 247 55 127 247 55 127 247 55 127 247 55 127 247 55 127 247 55 127 247 55 127 247 55 127 247 55 127 247 55 127 247 55 127 247 55 127 247 55 127 247 55 127 247 55 127 247 55 127 247 55 127 247 55 127 247 55 127 247 55 127 247 55 127 247 55 127 247 55 127 247 55 127 247 55 127 247 55 127 247 55 127 247 55 127 247 55 127 247 55 127 247 55 127 247 55 127 247 55 127 247 55 127 247 55 127 247 55 127 247 55 127 247 55 127 247 55 127 247 55 127 247 55 127 247 55 127 247 55 127 247 55 127 247 55 127 247 55 127 247 55 127 247 55 127 247 55 127 247 55 127 247 55 127 247 55 127 247 55 127 247 55 127 247 55 127 247 55 127 247 55 127 247 55 127 247 55 127 247 55 127 247 55 127 247 55 127 247 55 127 247 55 127 247 55 127 247 55 127 247 55 127 247 55 127 247 55 127 247 55 127 247 55 127 247 55 127 247 55 127 247 55 127 247 55 127 247 55 127 247 55 127 247 55 127 247 55 127 247 55 127 247 55 127 247 55 127 247 55 127 247 55 127 247 55 127 247 55 127 247 55 127 247 55 127 247 55 127 247 55 127 247 55 127 247 55 127 247 55 127 247 55 127 247 55 127 247 55 127 247 55 127 247 55 127 247 55 127 247 55 127 247 55 127 247 55 127 247 55 127 247 55 127 247 55 127 247 55 127 247 55 127 247 55 127 247 55 127 247 55 127 247 55 127 247 55 127 247 55 127 247 55 127 247 55 127 247 55 127 247 55 127 247 55 127 247 55 127 247 55 127 247 55 127 247 55 127 247 55 127 247 55 127 247 55 127 247 55 127 247 55 127 247 55 127 247 55 127 247 55 127 247 55 127 247 55 127 247 55 127 247 55 127 247 55 127 247 55 127 247 55 127 247 55 127 247 55 127 247 55 127 247 55 127 247 55 127 247 55 127 247 55 127 247 55 127 247 55 127 247 55 127 247 55 127 247 55 127 247 55 127 247 55 127 247 55 127 247 55 127 247 55 127 247 55 127 247 55 127 247 55 127 247 55 127 247 55 127 247 55 127 247 55 127 247 55 127 247 55 127 247 55 127 247 55 127 247 55 127 247 55 127 247 55 127 247 55 127 247 55 127 247 55 127 247 55 127 247 55 127 247]",0xDC
261,225,"[3 83 18 205 255 15 110 6 34 82 100 240 101 127 62 0 230 20 246 33 154 255 35 108 199 8 176 20 60 40 232 46 10 150 88 103 30 191 153 93 43 151 199 79 6 54 174 253 3 78 15 80 103 235 20 198 101 207 131 10 242 21 153 224 20 141 211 252 185 71 179 180 179 218 22 27 163 244 119 245 240 231 232 229 209 177 6 33 34 6 29 235 169 79 203 125 36 226 86 178 74 128 208 40 250 17 136 234 242 59 36 185 10 124 203 143 48 124 235 158 184 86 48 65 136 71 138 181 188 42 192 172 3 15 165 98 37 11 40 245 186 135 241 158 185 72 150 36 103 8 55 19 99 215 96 212 168 130 60 236 13 176 159 112 61 110 223 214 240 78 99 4 241 84 103 232 134 144 45 127 235 143 65 7 86 146 10 156 133 200 7 199 133 94 247 40 138 82 135 141 22 169 162 196 23 76 166 35 173 15 85 216 198 165 222 181 132 250 177 153 104 231 75 2 50]",0xC8
262,4,"[0 129 0 81]",0x4C
263,4,"[169 168 167 166]",0x1B
264,2,"[173 172]",0x6B
265,86,"[49 192 207 28 10 85 160 203 139 148 204 135 156 132 225 60 67 32 209 105 89 251 237 248 36 228 84 3 100 130 27 137 209 96 90 86 236 12 67 24 105 104 227 55 165 34 244 151 160 111 87 54 154 244 92 226 38 239 89 97 118 183 184 122 133 7 77 88 143 142 181 183 60 197 5 183 26 186 134 111 176 9 57 157 216 97]",0xDE
266,57,"[84 85 86 87 88 89 90 91 92 93 94 95 96 97 98 99 100 101 102 103 104 105 106 107 108 109 110 111 112 113 114 115 116 117 118 119 120 121 122 123 124 125 126 127 128 129 130 131 132 133 134 135 136 137 138 139 140]",0x57
267,572,"[57 115 178 56 249 81 136 4 226 201 50 238 80 177 209 189 234 221 254 46 78 162 187 136 18 215 245 103 57 4 60 179 233 23 141 178 70 145 183 214 115 191 77 54 47 91 9 72 166 165 18 73 145 81 107 182 2 70 36 32 245 96 134 187 12 61 213 220 95 95 193 75 29 65 99 13 122 189 131 18 112 181 14 15 94 49 239 148 73 180 95 33 60 164 13 69 53 51 174 211 183 165 234 14 42 106 95 107 52 38 130 237 100 11 180 74 62 83 185 209 150 82 79 31 238 163 6 169 114 248 209 43 184 124 47 178 140 7 165 162 36 89 149 35 218 7 26 29 135 158 103 73 207 17 71 10 3 90 49 68 210 41 199 172 83 139 113 32 232 145 225 210 20 53 37 212 220 135 26 34 208 237 51 2 84 7 211 125 164 105 88 56 197 178 92 82 0 16 159 131 111 211 128 98 41 210 147 23 166 108 207 235 153 187 14 143 193 127 151 230 50 25 176 210 217 164 213 179 22 195 45 60 101 80 82 43 75 5 121 196 220 210 106 186 73 14 173 166 205 157 40 218 160 206 198 76 19 45 23 62 117 232 223 183 6 87 174 33 205 234 90 180 37 176 5 38 181 182 164 122 172 198 247 227 203 177 146 30 42 209 205 157 112 6 83 107 124 237 27 132 94 253 220 112 255 131 42 142 57 162 239 201 69 75 17 73 23 127 181 192 15 87 73 26 92 76 162 226 116 191 37 229 39 49 27 79 141 252 203 97 147 159 210 188 145 171 190 34 51 176 217 104 250 55 106 96 238 73 120 47 133 219 77 207 233 18 193 65 44 153 180 101 10 232 187 69 127 7 86 133 132 53 198 76 148 69 108 53 162 108 4 7 120 46 149 104 167 243 135 201 192 235 54 211 231 100 80 243 160 97 202 77 45 139 144 211 116 208 79 147 53 98 219 55 207 72 8 28 190 67 167 178 88 121 103 242 81 46 93 171 178 236 225 73 116 191 234 86 113 230 91 123 231 205 62 83 90 233 255 198 123 2 178 99 162 155 123 241 5 182 104 182 172 2 73 48 42 186 61 121 63 148 184 84 154 211 24 181 82 31 139 57 210 10 25 133 150 186 66 215 244 127 194 134 17 83 22 253 58 162 72 167 53 201 28 229 215 173 17 53 219 31 39 139 70 56 147 95 35 136 99 188 26 158 111 103 59 7 217 83 174 242 144 101 68 239 174 170 109 216 182 72 153 110 1 206 31 130 86 87 122 255 104 46 157 60 27 12 5 110 109 47]",0x63
268,217,"[26 27 60 35 127 205 71 70 213 37 157 244 215 15 81 36 243 252 60 171 215 59 48 2 105 230 231 32 52 104 199 156 131 151 24 122 253 22 132 75 138 146 147 218 99 132 2 202 66 209 68 2 39 252 81 27 30 79 9 130 54 132 36 110 153 15 77 61 154 150 161 40 73 53 138 118 84 201 24 249 29 197 94 221 18 95 85 252 48 161 137 39 42 253 115 32 54 68 130 85 116 42 83 18 227 50 193 89 121 74 178 216 73 62 174 49 163 158 131 29 166 114 55 90 125 23 245 170 26 210 82 152 70 187 185 141 64 65 66 67 68 69 70 71 72 73 74 75 76 77 78 79 80 81 82 83 84 85 86 87 88 89 90 91 92 93 94 95 96 97 98 99 100 101 102 103 104 105 106 107 108 109 110 111 112 37 86 175 212 85 59 213 228 104 6 177 200 4 152 150 96 191 109 173 132 63 155 188 249 97 16 252 159 242 26 87 34]",0x96
269,893,"[47 48 49 50 51 52 53 54 55 56 57 58 59 60 61 62 63 64 65 66 67 68 69 70 71 72 73 74 75 76 77 78 79 80 81 82 83 84 85 86 87 88 89 90 91 92 93 94 95 96 97 98 99 100 101 102 103 104 105 106 107 108 109 110 111 112 113 114 115 116 117 118 119 120 121 122 123 124 125 126 127 128 129 130 131 132 133 134 135 136 137 138 139 140 141 142 143 144 145 146 147 148 149 150 151 152 153 154 155 156 157 158 159 160 161 162 163 164 165 166 167 168 169 170 171 172 173 174 175 176 177 178 179 180 181 182 183 184 185 186 187 188 189 190 191 192 193 194 195 196 197 198 199 200 201 202 203 204 205 206 207 208 209 210 211 212 213 214 215 216 217 218 219 220 221 222 223 224 225 226 227 228 229 230 231 232 233 234 235 236 237 238 239 240 241 242 243 244 245 246 247 248 249 250 251 252 253 254 255 0 1 2 3 4 5 6 7 8 9 10 11 12 13 14 15 16 17 18 19 20 21 22 23 24 25 26 27 28 29 30 31 32 33 34 35 36 37 38 39 40 41 42 43 44 45 46 47 48 49 50 51 52 53 54 55 56 57 58 59 60 61 62 63 64 65 66 67 68 69 70 71 72 73 74 75 76 77 78 79 80 81 82 83 84 85 86 87 88 89 90 91 92 93 94 95 96 97 98 99 100 101 102 103 104 105 106 107 108 109 110 111 112 113 114 115 116 117 118 119 120 121 122 123 124 125 126 127 128 129 130 131 132 133 134 135 136 137 138 139 140 141 142 143 144 145 146 147 148 149 150 151 152 153 154 155 156 157 158 159 160 161 162 163 164 165 166 167 168 169 170 171 172 173 174 175 176 177 178 179 180 181 182 183 184 185 186 187 188 189 190 191 192 193 194 195 196 197 198 199 200 201 202 203 204 205 206 207 208 209 210 211 212 213 214 215 216 217 218 219 220 221 222 223 224 225 226 227 228 229 230 231 232 233 234 235 236 237 238 239 240 241 242 243 244 245 246 247 248 249 250 251 252 253 254 255 0 1 2 3 4 5 6 7 8 9 10 11 12 13 14 15 16 17 18 19 20 21 22 23 24 25 26 27 28 29 30 31 32 33 34 35 36 37 38 39 40 41 42 43 44 45 46 47 48 49 50 51 52 53 54 55 56 57 58 59 60 61 62 63 64 65 66 67 68 69 70 71 72 73 74 75 76 77 78 79 80 81 82 83 84 85 86 87 88 89 90 91 92 93 94 95 96 97 98 99 100 101 102 103 104 105 106 107 108 109 110 111 112 113 114 115 116 117 118 119 120 121 122 123 124 125 126 127 128 129 130 131 132 133 134 135 136 137 138 139 140 141 142 143 144 145 146 147 148 149 150 151 152 153 154 155 156 157 158 159 160 161 162 163 164 165 166 167 168 169 170 171 172 173 174 175 176 177 178 179 180 181 182 183 184 185 186 187 188 189 190 191 192 193 194 195 196 197 198 199 200 201 202 203 204 205 206 207 208 209 210 211 212 213 214 215 216 217 218 219 220 221 222 223 224 225 226 227 228 229 230 231 232 233 234 235 236 237 238 239 240 241 242 243 244 245 246 247 248 249 250 251 252 253 254 255 0 1 2 3 4 5 6 7 8 9 10 11 12 13 14 15 16 17 18 19 20 21 22 23 24 25 26 27 28 29 30 31 32 33 34 35 36 37 38 39 40 41 42 43 44 45 46 47 48 49 50 51 52 53 54 55 56 57 58 59 60 61 62 63 64 65 66 67 68 69 70 71 72 73 74 75 76 77 78 79 80 81 82 83 84 85 86 87 88 89 90 91 92 93 94 95 96 97 98 99 100 101 102 103 104 105 106 107 108 109 110 111 112 113 114 115 116 117 118 119 120 121 122 123 124 125 126 127 128 129 130 131 132 133 134 135 136 137 138 139 140 141 142 143 144 145 146 147 148 149 150 151 152 153 154 155 156 157 158 159 160 161 162 163 164 165 166 167 168 169 170 171]",0x4F
270,6,"[174 175 176 177 178 179]",0xD6
271,47,"[156 108 235 164 102 67 231 4 83 241 167 136 52 213 52 63 49 40 244 154 163 244 59 1 153 130 122 15 116 73 70 56 85 90 79 250 238 147 251 253 91 113 245 155 54 176 52]",0x00
272,31,"[1 2 3 4 5 6 7 8 9 10 11 12 13 14 15 16 17 18 19 20 21 22 23 24 25 26 27 28 29 30 31]",0xD4
273,367,"[22 142 254 37 25 112 144 75 77 108 80 234 10 60 206 213 28 249 177 69 116 76 38 74 148 211 93 89 119 165 192 83 150 99 183 42 65 109 227 146 247 26 117 107 153 207 215 171 164 242 98 213 235 125 186 96 40 150 50 117 223 22 7 155 84 106 103 22 0 229 55 109 248 211 27 130 186 178 194 117 45 119 165 155 18 16 247 38 75 196 104 46 119 145 115 235 72 169 28 100 189 57 150 39 26 133 172 29 234 57 30 51 43 23 204 126 99 243 94 42 70 61 127 74 132 171 198 181 52 29 138 50 21 134 83 193 80 250 194 14 130 144 177 127 123 94 69 242 81 16 42 219 150 199 207 210 140 45 37 146 93 142 127 154 8 8 184 49 166 139 251 213 105 157 30 98 187 159 124 45 205 69 210 156 95 10 59 227 209 147 119 165 119 164 78 214 179 84 212 124 44 19 179 221 206 167 36 24 88 218 246 61 195 146 8 138 206 70 229 60 19 40 214 106 204 135 123 206 108 205 25 162 179 230 57 154 110 97 27 34 214 191 97 212 20 159 222 214 95 190 109 215 135 195 20 151 140 156 178 235 201 56 211 31 159 225 25 217 204 128 79 103 247 51 148 21 55 195 77 252 128 132 9 244 44 137 101 106 164 169 39 127 202 113 42 80 54 32 96 138 18 154 254 246 212 68 5 213 14 52 139 45 213 198 193 208 56 186 90 170 31 180 248 11 24 31 110 74 206 121 124 183 92 90 193 199 3 36 54 90 74 171 212 49 144 94 129 158 228 49 22 160 100 41 29 143 76 255 103 54 160 62 126 123 116 203 55]",0xD9
274,813,"[71 71 71 71 71 71 71 71 71 71 71 71 71 71 71 71 71 71 71 71 71 71 71 71 71 71 71 71 71 71 71 71 71 71 71 71 71 71 71 71 71 71 71 71 71 71 71 71 71 71 71 71 71 71 71 71 71 71 71 71 71 71 71 71 71 71 71 71 71 71 71 71 71 71 71 71 71 71 71 71 71 71 71 71 71 71 71 71 71 71 71 71 71 71 71 71 71 71 71 71 71 71 71 71 71 71 71 71 71 71 71 71 71 71 71 71 71 71 71 71 71 71 71 71 71 71 71 71 71 71 71 71 71 71 71 71 71 71 71 71 71 71 71 71 71 71 71 71 71 71 71 71 71 71 71 71 71 71 71 71 71 71 71 71 71 71 71 71 71 71 71 71 71 71 71 71 71 71 71 71 71 71 71 71 71 71 71 71 71 71 71 71 71 71 71 71 71 71 71 71 71 71 71 71 71 71 71 71 71 71 71 71 71 71 71 71 71 71 71 71 71 71 71 71 71 71 71 71 71 71 71 71 71 71 71 71 71 71 71 71 71 71 71 71 71 71 71 71 71 71 71 71 71 71 71 71 71 71 71 71 71 71 71 71 71 71 71 71 71 71 71 71 71 71 71 71 71 71 71 71 71 71 71 71 71 71 71 71 71 71 71 71 71 71 71 71 71 71 71 71 71 71 71 71 71 71 71 71 71 71 71 71 71 71 71 71 71 71 71 71 71 71 71 71 71 71 71 71 71 71 71 71 71 71 71 71 71 71 71 71 71 71 71 71 71 71 71 71 71 71 71 71 71 71 71 71 71 71 71 71 71 71 71 71 71 71 71 71 71 71 71 71 71 71 71 71 71 71 71 71 71 71 71 71 71 71 71 71 71 71 71 71 71 71 71 71 71 71 71 71 71 71 71 71 71 71 71 71 71 71 71 71 71 71 71 71 71 71 71 71 71 71 71 71 71 71 71 71 71 71 71 71 71 71 71 71 71 71 71 71 71 71 71 71 71 71 71 71 71 71 71 71 71 71 71 71 71 71 71 71 71 71 71 71 71 71 71 71 71 71 71 71 71 71 71 71 71 71 71 71 71 71 71 71 71 71 71 71 71 71 71 71 71 71 71 71 71 71 71 71 71 71 71 71 71 71 71 71 71 71 71 71 71 71 71 71 71 71 71 71 71 71 71 71 71 71 71 71 71 71 71 71 71 71 71 71 71 71 71 71 71 71 71 71 71 71 71 71 71 71 71 71 71 71 71 71 71 71 71 71 71 71 71 71 71 71 71 71 71 71 71 71 71 71 71 71 71 71 71 71 71 71 71 71 71 71 71 71 71 71 71 71 71 71 71 71 71 71 71 71 71 71 71 71 71 71 71 71 71 71 71 71 71 71 71 71 71 71 71 71 71 71 71 71 71 71 71 71 71 71 71 71 71 71 71 71 71 71 71 71 71 71 71 71 71 71 71 71 71 71 71 71 71 71 71 71 71 71 71 71 71 71 71 71 71 71 71 71 71 71 71 71 71 71 71 71 71 71 71 71 71 71 71 71 71 71 71 71 71 71 71 71 71 71 71 71 71 71 71 71 71 71 71 71 71 71 71 71 71 71 71 71 71 71 71 71 71 71 71 71 71 71 71 71 71 71 71 71 71 71 71 71 71 71 71 71 71 71 71 71 71 71 71 71 71 71 71 71 71 71 71 71 71 71 71 71 71 71 71 71 71 71 71 71 71 71 71 71 71 71 71 71 71 71 71 71 71 71 71 71 71 71 71 71 71 71 71 71 71 71 71 71 71 71 71 71 71 71 71 71 71 71 71 71 71 71 71 71 71 71 71 71 71]",0xD7
275,61,"[234 25 71 27 65 214 157 58 223 204 192 216 158 128 95 57 142 227 152 235 91 177 166 171 165 56 36 250 11 119 108 92 200 190 231 101 144 228 254 248 183 36 5 211 215 191 71 163 80 115 97 233 59 147 92 169 144 236 26 56 196]",0x6F
276,25,"[151 152 153 154 155 156 157 158 159 160 161 162 163 164 165 166 167 168 169 170 171 172 173 174 175]",0xA2
277,3,"[0 255 255]",0xB4
278,525,"[74 181 166 112 101 93 72 21 68 82 140 198 101 241 211 252 224 157 153 33 184 153 129 177 113 134 101 183 224 215 201 3 233 70 227 50 112 191 163 106 173 140 70 165 52 177 0 140 102 77 132 165 247 213 183 122 100 8 217 217 217 217 217 217 217 217 217 217 217 217 217 217 217 217 217 217 217 217 217 217 217 217 217 217 217 217 217 217 217 217 217 217 217 217 217 217 217 217 217 217 217 217 217 217 217 217 217 217 217 217 217 217 217 217 217 217 217 217 217 217 217 217 217 217 217 217 217 217 217 217 217 217 217 217 217 217 217 217 217 217 217 217 217 217 217 217 217 217 217 217 217 217 217 217 217 217 217 217 217 217 217 217 217 217 217 217 217 217 217 217 217 217 217 217 217 217 217 217 217 217 217 217 217 217 217 217 217 217 217 217 217 217 217 217 217 217 217 217 217 217 217 217 217 217 217 217 217 217 217 217 217 217 217 217 217 217 217 217 217 217 118 69 70 15 157 114 155 140 204 192 197 127 90 238 13 39 107 157 2 184 143 124 108 132 41 27 74 181 150 122 146 143 78 24 229 153 178 118 193 149 13 227 78 35 22 184 180 179 234 89 143 158 250 79 244 38 195 162 209 7 20 17 151 154 231 119 17 53 2 198 208 255 105 4 60 150 246 26 31 179 170 64 208 32 236 51 20 86 48 134 175 125 169 93 7 249 209 18 114 162 48 147 136 53 36 194 82 62 188 188 70 223 176 88 109 186 54 120 167 138 155 139 51 105 136 199 167 109 249 27 52 87 58 160 10 45 75 174 224 204 144 145 146 147 148 149 150 151 152 153 154 155 156 157 158 159 160 161 162 163 164 165 166 167 168 169 170 171 172 173 174 175 176 177 178 179 180 181 182 183 184 185 186 187 188 189 190 191 192 193 194 195 196 197 198 199 200 201 202 203 204 205 206 207 208 209 210 211 212 213 214 215 216 217 218 219 220 221 222 223 224 225 79 206 116 38 112 50 100 124 89 239 144 215 194 169 127 0 157 91 30 113 188 246 95 138 217 85 36 72 230 40 84 118 216 240 109 238 41 40 243 130 47 124 200 211 221 145 221 130 155 194 108 18 89 159 49 37 75 8 190 66 31 178 215 5 59 241 98 240 70 55 54 21 229 250 244 218 216 169 211 53 99 164 223]",0x82
279,856,"[183 250 183 250 183 250 183 250 183 250 183 250 183 250 183 250 183 250 183 250 183 250 183 250 183 250 183 250 183 250 183 250 183 250 183 250 183 250 183 250 183 250 183 250 183 250 183 250 183 250 183 250 183 250 183 250 183 250 183 250 183 250 183 250 183 250 183 250 183 250 183 250 183 250 183 250 183 250 183 250 183 250 183 250 183 250 183 250 183 250 183 250 183 250 183 250 183 250 183 250 183 250 183 250 183 250 183 250 183 250 183 250 183 250 183 250 183 250 183 250 183 250 183 250 183 250 183 250 183 250 183 250 183 250 183 250 183 250 183 250 183 250 183 250 183 250 183 250 183 250 183 250 183 250 183 250 183 250 183 250 183 250 183 250 183 250 183 250 183 250 183 250 183 250 183 250 183 250 183 250 183 250 183 250 183 250 183 250 183 250 183 250 183 250 183 250 183 250 183 250 183 250 183 250 183 250 183 250 183 250 183 250 183 250 183 250 183 250 183 250 183 250 183 250 183 250 183 250 183 250 183 250 183 250 183 250 183 250 183 250 183 250 183 250 183 250 183 250 183 250 183 250 183 250 183 250 183 250 183 250 183 250 183 250 183 250 183 250 183 250 183 250 183 250 183 250 183 250 183 250 183 250 183 250 183 250 183 250 183 250 183 250 183 250 183 250 183 250 183 250 183 250 183 250 183 250 183 250 183 250 183 250 183 250 183 250 183 250 183 250 183 250 183 250 183 250 183 250 183 250 183 250 183 250 183 250 183 250 183 250 183 250 183 250 183 250 183 250 183 250 183 250 183 250 183 250 183 250 183 250 183 250 183 250 183 250 183 250 183 250 183 250 183 250 183 250 183 250 183 250 183 250 183 250 183 250 183 250 183 250 183 250 183 250 183 250 183 250 183 250 183 250 183 250 183 250 183 250 183 250 183 250 183 250 183 250 183 250 183 250 183 250 183 250 183 250 183 250 183 250 183 250 183 250 183 250 183 250 183 250 183 250 183 250 183 250 183 250 183 250 183 250 183 250 183 250 183 250 183 250 183 250 183 250 183 250 183 250 183 250 183 250 183 250 183 250 183 250 183 250 183 250 183 250 183 250 183 250 183 250 183 250 183 250 183 250 183 250 183 250 183 250 183 250 183 250 183 250 183 250 183 250 183 250 183 250 183 250 183 250 183 250 183 250 183 250 183 250 183 250 183 250 183 250 183 250 183 250 183 250 183 250 183 250 183 250 183 250 183 250 183 250 183 250 183 250 183 250 183 250 183 250 183 250 183 250 183 250 183 250 183 250 183 250 183 250 183 250 183 250 183 250 183 250 183 250 183 250 183 250 183 250 183 250 183 250 183 250 183 250 183 250 183 250 183 250 183 250 183 250 183 250 183 250 183 250 183 250 183 250 183 250 183 250 183 250 183 250 183 250 183 250 183 250 183 250 183 250 183 250 183 250 183 250 183 250 183 250 183 250 183 250 183 250 183 250 183 250 183 250 183 250 183 250 183 250 183 250 183 250 183 250 183 250 183 250 183 250 183 250 183 250 183 250 183 250 183 250 183 250 183 250 183 250 183 250 183 250 183 250 183 250 183 250 183 250 183 250 183 250 183 250 183 250 183 250 183 250 183 250 183 250 183 250 183 250 183 250 183 250 183 250 183 250 183 250 183 250 183 250 183 250 183 250 183 250 183 250 183 250 183 250 183 250 183 250 183 250 183 250 183 250 183 250 183 250 183 250 183 250 183 250 183 250 183 250 183 250 183 250 183 250 183 250 183 250 183 250 183 250 183 250 183 250 183 250 183 250 183 250 183 250 183 250 183 250 183 250 183 250 183 250 183 250 183 250 183 250 183 250 183 250 183 250 183 250 183 250 183 250 183 250 183 250 183 250 183 250 183 250 183 250 183 250 183 250 183 250 183 250 183 250 183 250 183 250]",0x90
280,10,"[158 159 160 161 162 163 164 165 166 167]",0x8F
281,469,"[134 4 134 4 134 4 134 4 134 4 134 4 134 4 134 4 134 4 134 4 134 4 134 4 134 4 134 4 134 4 134 4 134 4 134 4 134 4 134 4 134 4 134 4 134 4 134 4 134 4 134 4 134 4 134 4 134 4 134 4 134 4 134 4 134 4 134 4 134 4 134 4 134 4 134 4 134 4 134 4 134 4 134 4 134 4 134 4 134 4 134 4 134 4 134 4 134 4 134 4 134 4 134 4 134 4 134 4 134 4 134 4 134 4 134 4 134 4 134 4 134 4 134 4 134 4 134 4 134 4 134 4 134 4 134 4 134 4 134 4 134 4 134 4 134 4 134 4 134 4 134 4 134 4 134 4 134 4 134 4 134 4 134 4 134 4 134 4 134 4 134 4 134 4 134 4 134 4 134 4 134 4 134 4 134 4 134 4 134 4 134 4 134 4 134 4 134 4 134 4 134 4 134 4 134 4 134 4 134 4 134 4 134 4 134 4 134 4 134 4 134 4 134 4 134 4 134 4 134 4 134 4 134 4 134 4 134 4 134 4 134 4 134 4 134 4 134 4 134 4 134 4 134 4 134 4 134 4 134 4 134 4 134 4 134 4 134 4 134 4 134 4 134 4 134 4 134 4 134 4 134 4 134 4 134 4 134 4 134 4 134 4 134 4 134 4 134 4 134 4 134 4 134 4 134 4 134 4 134 4 134 4 134 4 134 4 134 4 134 4 134 4 134 4 134 4 134 4 134 4 134 4 134 4 134 4 134 4 134 4 134 4 134 4 134 4 134 4 134 4 134 4 134 4 134 4 134 4 134 4 134 4 134 4 134 4 134 4 134 4 134 4 134 4 134 4 134 4 134 4 134 4 134 4 134 4 134 4 134 4 134 4 134 4 134 4 134 4 134 4 134 4 134 4 134 4 134 4 134 4 134 4 134 4 134 4 134 4 134 4 134 4 134 4 134 4 134 4 134 4 134 4 134 4 134 4 134 4 134 4 134 4 134 4 134 4 134 4 134 4 134 4 134 4 134 4 134 4 134 4 134 4 134 4 134 4 134 4 134]",0x9D
282,37,"[179 150 71 93 23 201 82 170 91 118 142 205 102 103 104 105 106 107 108 109 110 111 112 113 114 115 116 117 118 119 120 121 122 123 124 125 126]",0xE1
283,1,"48",0xBE
284,9,"[33 34 35 36 37 38 39 40 41]",0x90
285,2,"[171 164]",0x03
286,7,"[118 205 118 205 118 205 118]",0xFB
287,24,"[0 174 47 0 0 0 0 228 106 0 0 0 0 0 255 28 6 255 146 255 0 255 255 0]",0xF3
288,655,"[161 161 161 161 161 161 161 161 161 161 161 161 161 161 161 161 161 161 161 161 161 161 161 161 161 161 161 161 161 161 161 161 161 161 161 161 161 161 161 161 161 161 161 161 161 161 161 161 161 161 161 161 161 161 161 161 161 161 161 161 161 161 161 161 161 161 161 161 161 161 161 161 161 161 161 161 161 161 161 161 161 161 161 161 161 161 161 161 161 161 161 161 161 161 161 161 161 161 161 161 161 161 161 161 161 161 161 161 161 161 161 161 161 161 161 161 161 161 161 161 161 161 161 161 161 161 161 161 161 161 161 161 161 161 161 161 161 161 161 161 161 161 161 161 161 161 161 161 161 161 161 161 161 161 161 161 161 161 161 161 161 161 161 161 161 161 161 161 161 161 161 161 161 161 161 161 161 161 161 161 161 161 161 161 161 161 161 161 161 161 161 161 161 161 161 161 161 161 161 161 161 161 161 161 161 161 161 161 161 161 161 161 161 161 161 161 161 161 161 161 161 161 161 161 161 161 161 161 161 161 161 161 161 161 161 161 161 161 161 161 161 161 161 161 161 161 161 161 161 161 161 161 161 161 161 161 161 161 161 161 161 161 161 161 161 161 161 161 161 161 161 161 161 161 161 161 161 161 161 161 161 161 161 161 161 161 161 161 161 161 161 161 161 161 161 161 161 161 161 161 161 161 161 161 161 161 161 161 161 161 161 161 161 161 161 161 161 161 161 161 161 161 161 161 161 161 161 161 161 161 161 161 161 161 161 161 161 161 161 161 161 161 161 161 161 161 161 161 161 161 161 161 161 161 161 161 161 161 161 161 161 161 161 161 161 161 161 161 161 161 161 161 161 161 161 161 161 161 161 161 161 161 161 161 161 161 161 161 161 161 161 161 161 161 161 161 161 161 161 161 161 161 161 161 161 161 161 161 161 161 161 161 161 161 161 161 161 161 161 161 161 161 161 161 161 161 161 161 161 161 161 161 161 161 161 161 161 161 161 161 161 161 161 161 161 161 161 161 161 161 161 161 161 161 161 161 161 161 161 161 161 161 161 161 161 161 161 161 161 161 161 161 161 161 161 161 161 161 161 161 161 161 161 161 161 161 161 161 161 161 161 161 161 161 161 161 161 161 161 161 161 161 161 161 161 161 161 161 161 161 161 161 161 161 161 161 161 161 161 161 161 161 161 161 161 161 161 161 161 161 161 161 161 161 161 161 161 161 161 161 161 161 161 161 161 161 161 161 161 161 161 161 161 161 161 161 161 161 161 161 161 161 161 161 161 161 161 161 161 161 161 161 161 161 161 161 161 161 161 161 161 161 161 161 161 161 161 161 161 161 161 161 161 161 161 161 161 161 161 161 161 161 161 161 161 161 161 161 161 161 161 161 161 161 161 161 161 161 161 161 161 161 161 161 161 161 161 161 161 161 161 161 161 161 161 161 161 161 161 161 161 161 161 161 161 161 161 161 161 161 161 161 161 161 161]",0xC7
289,92,"[10 243 247 7 183 56 179 222 25 61 6 11 7 204 76 126 201 126 109 2 145 31 195 65 172 165 157 68 68 220 3 46 156 209 91 167 142 16 159 208 254 7 168 106 2 157 31 96 66 92 126 91 141 61 162 218 57 130 166 144 93 164 7 94 136 5 129 167 194 29 253 155 92 63 146 225 133 169 91 99 73 180 91 48 94 218 188 85 232 19 12 32]",0xC4
290,1,"153",0x8D
291,720,"[255 255 0 255 255 255 0 0 255 66 0 0 255 255 255 241 0 255 255 0 255 0 0 255 255 250 255 255 0 0 255 255 255 0 255 255 255 0 0 255 255 255 0 0 0 255 84 240 0 255 0 255 255 0 0 0 0 255 0 255 0 255 185 255 0 255 0 220 0 186 0 0 0 0 37 255 0 255 161 3 244 255 0 152 255 187 0 141 208 0 255 255 79 126 0 92 0 255 255 255 255 255 182 25 0 244 29 0 0 255 255 255 150 0 99 0 255 0 255 255 255 89 0 37 0 0 220 255 255 255 255 0 255 255 255 255 0 255 255 166 156 255 0 255 255 255 0 0 255 255 0 0 192 255 255 210 0 255 92 235 255 0 255 135 0 255 0 232 255 164 255 255 75 158 255 255 255 255 37 35 152 221 0 255 0 0 206 4 255 87 0 255 0 0 255 255 230 0 54 5 150 102 58 0 116 255 170 255 47 0 0 255 255 0 255 255 0 255 118 77 121 204 54 255 129 0 255 26 46 0 191 255 0 0 173 0 0 0 105 255 0 0 0 196 0 0 0 0 0 0 0 0 0 98 0 0 213 255 0 33 255 255 198 0 255 255 0 0 87 139 255 255 0 255 255 66 106 0 0 0 255 0 33 0 0 228 44 255 255 255 169 0 226 0 147 211 30 0 121 0 255 176 255 255 0 255 0 255 0 255 255 0 255 255 0 189 255 0 0 255 0 255 4 0 0 56 255 104 0 255 184 255 0 0 111 255 121 255 0 0 161 86 37 0 0 0 255 255 255 255 255 255 13 255 0 0 11 0 255 0 255 0 0 0 236 112 0 152 51 175 255 235 12 168 0 0 60 0 0 0 0 0 0 0 0 19 208 79 46 0 78 69 231 127 243 0 76 18 0 0 49 203 0 0 255 39 255 217 79 240 0 0 255 0 255 0 0 0 157 0 255 255 255 197 110 159 10 255 255 73 255 0 0 0 146 17 0 181 11 138 129 0 0 0 88 245 225 73 255 0 255 155 0 255 0 0 0 0 129 0 255 255 255 0 255 0 63 255 255 0 255 251 255 0 45 0 95 255 0 255 255 255 0 255 239 0 255 255 0 0 0 0 255 255 255 255 0 255 255 255 173 255 0 54 45 0 0 255 209 107 134 255 255 0 0 253 0 255 255 255 255 255 150 255 170 0 21 0 255 0 239 0 255 184 55 255 149 203 15 255 0 228 255 0 255 0 255 0 255 255 255 0 255 188 0 255 192 0 255 0 0 255 128 255 18 212 255 173 0 255 255 87 113 0 197 255 38 0 255 0 0 0 255 0 0 148 0 0 0 147 255 5 0 0 164 84 96 255 255 255 255 0 200 0 0 255 0 8 255 183 15 255 0 182 255 247 123 171 201 0 255 126 255 0 255 93 255 170 0 70 255 169 0 0 0 48 255 0 113 162 255 255 38 0 5 255 0 0 0 255 0 0 0 0 22 213 255 0 0 255 0 255 132 0 18 106 255 164 255 0 255 69 49 255 244 51 235 255 0 15 0 255 0 194 0 255 62 0 255 0 127 169 78 255 255 0 255 0 28 0 255 255 251 0 1 8 240 0 0 255 0 255 255 71 255 0 0 255 255 255]",0x07
292,18,"[230 229 228 227 226 225 224 223 222 221 220 219 218 217 216 215 214 213]",0xEE
293,8,"[192 182 192 182 192 182 192 182]",0x95
294,2,"[239 87]",0x35
295,111,"[198 197 196 195 194 193 192 191 190 189 188 187 186 185 184 183 182 181 180 179 178 177 176 175 174 173 172 171 170 169 168 167 166 165 164 163 162 161 160 159 158 157 156 155 154 153 152 151 150 149 148 147 146 145 144 143 142 141 140 139 138 137 136 135 134 133 132 131 130 129 128 127 126 125 124 123 122 121 120 119 118 117 116 115 114 113 112 111 110 109 108 107 106 105 104 103 102 101 100 99 98 97 96 95 94 93 92 91 90 89 88]",0xAB
296,915,"[66 67 68 69 70 71 72 73 74 75 76 77 78 79 80 81 82 83 84 85 86 87 88 89 90 91 92 93 94 95 96 97 98 99 100 101 102 103 104 105 106 107 108 109 110 111 112 113 114 115 116 117 118 119 120 121 122 123 124 125 126 127 128 129 130 131 132 133 134 135 136 137 138 139 140 141 142 143 144 145 146 147 148 149 150 151 152 153 154 155 156 157 158 159 160 161 162 163 164 165 166 167 168 169 170 171 172 173 174 175 176 177 178 179 180 181 182 183 184 185 186 187 188 189 190 191 192 193 194 195 196 197 198 199 200 201 202 203 204 205 206 207 208 209 210 211 212 213 214 215 216 217 218 219 220 221 222 223 224 225 226 227 228 229 230 231 232 233 234 235 236 237 238 239 240 241 242 243 244 245 246 247 248 249 250 251 252 253 254 255 0 1 2 3 4 5 6 7 8 9 10 11 12 13 14 15 16 17 18 19 20 21 22 23 24 25 26 27 28 29 30 31 32 33 34 35 36 37 38 39 40 41 42 43 44 45 46 47 48 49 50 51 52 53 54 55 56 57 58 59 60 61 62 63 64 65 66 67 68 69 70 71 72 73 74 75 76 77 78 79 80 81 82 83 84 85 86 87 88 89 90 91 92 93 94 95 96 97 98 99 100 101 102 103 104 105 106 107 108 109 110 111 112 113 114 115 116 117 118 119 120 121 122 123 124 125 126 127 128 129 130 131 132 133 134 135 136 137 138 139 140 141 142 143 144 145 146 147 148 149 150 151 152 153 154 155 156 157 158 159 160 161 162 163 164 165 166 167 168 169 170 171 172 173 174 175 176 177 178 179 180 181 182 183 184 185 186 187 188 189 190 191 192 193 194 195 196 197 198 199 200 201 202 203 204 205 206 207 208 209 210 211 212 213 214 215 216 217 218 219 220 221 222 223 224 225 226 227 228 229 230 231 232 233 234 235 236 237 238 239 240 241 242 243 244 245 246 247 248 249 250 251 252 253 254 255 0 1 2 3 4 5 6 7 8 9 10 11 12 13 14 15 16 17 18 19 20 21 22 23 24 25 26 27 28 29 30 31 32 33 34 35 36 37 38 39 40 41 42 43 44 45 46 47 48 49 50 51 52 53 54 55 56 57 58 59 60 61 62 63 64 65 66 67 68 69 70 71 72 73 74 75 76 77 78 79 80 81 82 83 84 85 86 87 88 89 90 91 92 93 94 95 96 97 98 99 100 101 102 103 104 105 106 107 108 109 110 111 112 113 114 115 116 117 118 119 120 121 122 123 124 125 126 127 128 129 130 131 132 133 134 135 136 137 138 139 140 141 142 143 144 145 146 147 148 149 150 151 152 153 154 155 156 157 158 159 160 161 162 163 164 165 166 167 168 169 170 171 172 173 174 175 176 177 178 179 180 181 182 183 184 185 186 187 188 189 190 191 192 193 194 195 196 197 198 199 200 201 202 203 204 205 206 207 208 209 210 211 212 213 214 215 216 217 218 219 220 221 222 223 224 225 226 227 228 229 230 231 232 233 234 235 236 237 238 239 240 241 242 243 244 245 246 247 248 249 250 251 252 253 254 255 0 1 2 3 4 5 6 7 8 9 10 11 12 13 14 15 16 17 18 19 20 21 22 23 24 25 26 27 28 29 30 31 32 33 34 35 36 37 38 39 40 41 42 43 44 45 46 47 48 49 50 51 52 53 54 55 56 57 58 59 60 61 62 63 64 65 66 67 68 69 70 71 72 73 74 75 76 77 78 79 80 81 82 83 84 85 86 87 88 89 90 91 92 93 94 95 96 97 98 99 100 101 102 103 104 105 106 107 108 109 110 111 112 113 114 115 116 117 118 119 120 121 122 123 124 125 126 127 128 129 130 131 132 133 134 135 136 137 138 139 140 141 142 143 144 145 146 147 148 149 150 151 152 153 154 155 156 157 158 159 160 161 162 163 164 165 166 167 168 169 170 171 172 173 174 175 176 177 178 179 180 181 182 183 184 185 186 187 188 189 190 191 192 193 194 195 196 197 198 199 200 201 202 203 204 205 206 207 208 209 210 211 212]",0x10
297,241,"[251 250 249 248 247 246 245 244 243 242 241 240 239 238 237 236 235 234 233 232 231 230 229 228 227 226 225 224 223 222 221 220 219 218 217 216 215 214 213 212 211 210 209 208 207 206 205 204 203 202 201 200 199 198 197 196 195 194 193 192 191 190 189 188 187 186 185 184 183 182 181 180 179 178 177 176 175 174 173 172 171 170 169 168 167 166 165 164 163 162 161 160 159 158 157 156 155 154 153 152 151 150 149 148 147 146 145 144 143 142 141 140 139 138 137 136 135 134 133 132 131 130 129 128 127 126 125 124 123 122 121 120 119 118 117 116 115 114 113 112 111 110 109 108 107 106 105 104 103 102 101 100 99 98 97 96 95 94 93 92 91 90 89 88 87 86 85 84 83 82 81 80 79 78 77 76 75 74 73 72 71 70 69 68 67 66 65 64 63 62 61 60 59 58 57 56 55 54 53 52 51 50 49 48 47 46 45 44 43 42 41 40 39 38 37 36 35 34 33 32 31 30 29 28 27 26 25 24 23 22 21 20 19 18 17 16 15 14 13 12 11]",0x08
298,305,"[170 171 172 173 174 175 176 177 178 179 180 181 182 183 184 185 186 187 188 189 190 191 192 193 194 195 196 197 198 199 200 201 202 203 204 205 206 207 208 209 210 211 212 213 214 215 216 217 218 219 220 221 222 223 224 225 226 227 228 229 230 231 232 233 234 235 236 237 238 239 240 241 242 243 244 245 246 247 248 249 250 251 252 253 254 255 0 1 2 3 4 5 6 7 8 9 10 11 12 13 14 15 16 17 18 19 20 21 22 23 24 25 26 27 28 29 30 31 32 33 34 35 36 37 38 39 40 41 42 43 44 45 46 47 48 49 50 51 52 53 54 55 56 57 58 59 60 61 62 63 64 65 66 67 68 69 70 71 72 73 74 75 76 77 78 79 80 81 82 83 84 85 86 87 88 89 90 91 92 93 94 95 96 97 98 99 100 101 102 103 104 105 106 107 108 109 110 111 112 113 114 115 116 117 118 119 120 121 122 123 124 125 126 127 128 129 130 131 132 133 134 135 136 137 138 139 140 141 142 143 144 145 146 147 148 149 150 151 152 153 154 155 156 157 158 159 160 161 162 163 164 165 166 167 168 169 170 171 172 173 174 175 176 177 178 179 180 181 182 183 184 185 186 187 188 189 190 191 192 193 194 195 196 197 198 199 200 201 202 203 204 205 206 207 208 209 210 211 212 213 214 215 216 217 218]",0xA4
299,7,"[98 76 98 76 98 76 98]",0xDF
300,558,"[243 244 245 246 247 248 249 250 251 252 253 254 255 0 1 2 3 4 5 6 7 8 9 10 11 12 13 14 15 16 17 18 19 20 21 22 23 24 25 26 27 28 29 30 31 32 33 34 35 36 37 38 39 40 41 42 43 44 45 46 47 48 49 50 51 52 53 54 55 56 57 58 59 60 61 62 63 64 65 66 67 68 69 70 71 72 73 74 75 76 77 78 79 80 81 82 83 84 85 86 87 88 89 90 91 92 93 94 95 96 97 98 99 100 101 102 103 104 105 106 107 108 109 110 111 112 113 114 115 116 117 118 119 120 121 122 123 124 125 126 127 128 129 130 131 132 133 134 135 136 137 138 139 140 141 142 143 144 145 146 147 148 149 150 151 152 153 154 155 156 157 158 159 160 161 162 163 164 165 166 167 168 169 170 171 172 173 174 175 176 177 178 179 180 181 182 183 184 185 186 187 188 189 190 191 192 193 194 195 196 197 198 199 200 201 202 203 204 205 206 207 208 209 210 211 212 213 214 215 216 217 218 219 220 221 222 223 224 225 226 227 228 229 230 231 232 233 234 235 236 237 238 239 240 241 242 243 244 245 246 247 248 249 250 251 252 253 254 255 0 1 2 3 4 5 6 7 8 9 10 11 12 13 14 15 16 17 18 19 20 21 22 23 24 25 26 27 28 29 30 31 32 33 34 35 36 37 38 39 40 41 42 43 44 45 46 47 48 49 50 51 52 53 54 55 56 57 58 59 60 61 62 63 64 65 66 67 68 69 70 71 72 73 74 75 76 77 78 79 80 81 82 83 84 85 86 87 88 89 90 91 92 93 94 95 96 97 98 99 100 101 102 103 104 105 106 107 108 109 110 111 112 113 114 115 116 117 118 119 120 121 122 123 124 125 126 127 128 129 130 131 132 133 134 135 136 137 138 139 140 141 142 143 144 145 146 147 148 149 150 151 152 153 154 155 156 157 158 159 160 161 162 163 164 165 166 167 168 169 170 171 172 173 174 175 176 177 178 179 180 181 182 183 184 185 186 187 188 189 190 191 192 193 194 195 196 197 198 199 200 201 202 203 204 205 206 207 208 209 210 211 212 213 214 215 216 217 218 219 220 221 222 223 224 225 226 227 228 229 230 231 232 233 234 235 236 237 238 239 240 241 242 243 244 245 246 247 248 249 250 251 252 253 254 255 0 1 2 3 4 5 6 7 8 9 10 11 12 13 14 15 16 17 18 19 20 21 22 23 24 25 26 27 28 29 30 31 32]",0xF2
301,963,"[216 85 207 219 69 104 185 25 193 28 234 70 147 29 68 103 124 0 227 1 198 120 134 53 155 137 42 60 17 16 3 56 173 80 87 33 147 87 173 189 149 70 130 64 231 196 126 247 139 84 24 139 220 221 154 100 166 195 105 121 174 224 202 5 31 218 213 99 149 231 233 200 53 186 25 228 38 169 156 198 141 15 180 98 81 253 151 181 134 197 192 168 255 117 180 204 96 117 248 8 85 124 0 230 73 65 210 71 168 210 202 200 22 20 78 9 128 101 142 76 124 85 49 166 172 212 223 180 175 14 28 208 59 91 37 49 198 67 114 38 173 186 92 200 61 177 186 247 59 23 67 31 43 85 105 231 50 248 207 225 237 192 201 112 130 238 96 10 195 146 208 19 159 63 231 28 215 22 6 60 85 160 33 111 52 218 11 91 161 233 222 229 16 215 199 231 79 233 103 162 108 109 139 91 202 162 176 59 248 169 50 192 44 16 135 141 48 89 242 72 39 254 77 174 59 140 98 246 110 149 241 253 26 213 97 152 96 102 40 146 139 48 138 249 182 123 234 147 34 140 46 196 247 92 111 107 73 203 158 16 214 47 250 96 157 19 88 205 122 231 147 237 251 116 144 213 56 220 151 185 20 196 79 206 130 70 243 195 252 93 166 156 176 9 74 232 108 245 54 255 178 198 101 232 139 174 24 161 225 45 188 6 237 251 90 27 168 7 123 69 121 4 13 4 158 143 59 165 226 70 212 169 8 96 129 187 73 251 175 95 24 46 124 126 196 185 51 152 5 102 195 102 213 249 155 37 97 2 154 210 161 201 204 217 68 223 167 74 252 243 147 215 66 106 47 133 126 54 172 30 15 98 104 81 66 86 41 103 231 57 175 36 90 82 239 109 176 154 36 240 88 11 76 85 23 158 88 161 1 251 43 168 183 43 28 39 63 43 172 107 137 12 220 43 92 18 35 170 177 173 141 243 129 115 63 25 140 80 134 52 214 255 82 215 223 254 87 193 58 159 180 189 53 217 107 55 138 221 247 191 1 34 19 25 98 86 29 225 157 203 95 105 81 112 156 126 214 230 120 61 241 188 163 190 19 17 39 37 107 40 218 147 94 17 151 29 190 205 139 38 201 78 56 120 236 76 231 13 21 178 48 81 34 85 71 188 179 244 185 177 177 226 75 76 189 58 233 136 76 198 79 246 251 170 29 67 131 217 47 26 19 129 226 10 54 177 211 206 200 33 101 252 253 154 181 243 115 35 171 245 178 205 108 24 43 251 126 3 244 127 214 140 26 157 255 8 215 60 100 95 230 129 114 209 12 22 5 176 134 224 127 56 206 75 239 64 42 126 12 9 126 55 2 75 122 100 34 148 181 172 100 35 127 227 119 50 23 241 190 80 75 229 45 136 182 101 10 58 230 133 208 142 241 232 123 81 154 172 127 210 46 85 175 63 112 246 160 242 184 185 151 36 133 64 255 68 59 159 130 5 33 207 123 37 119 64 57 245 92 11 248 203 65 104 220 91 145 136 102 163 121 5 208 28 118 148 180 105 188 33 167 211 227 148 80 41 88 138 50 243 229 8 143 202 62 134 103 50 157 254 93 141 83 224 221 45 230 38 24 167 98 135 167 13 74 117 68 12 22 205 233 38 63 166 244 76 218 129 244 34 249 112 243 117 135 206 184 158 106 202 242 2 150 221 167 205 229 192 183 246 221 208 22 61 142 181 77 23 79 197 224 233 96 95 104 96 170 91 5 112 57 7 120 52 115 71 154 253 140 165 235 95 42 72 103 165 1 218 19 230 243 253 207 36 180 52 229 81 83 234 3 49 108 179 165 171 225 30 133 185 162 114 4 15 30 87 30 109 45 199 223 99 130 244 137 254 36 220 127 5 248 247 98 244 36 174 49 63 199 96 1 106 58 174 49 215 68 100 76 164 25 122 85 226 18 212 42 22 51 26 133 252 8 118 98 86 84 229 4 198 64 98 107 78 23 29 76 210 34 190 73 226 109 43 252 45 145 145 95 243 216 212 249 117 24 195 97 48 123 236 43 217 107 35 217 248 74 77 99 208 2 57 180 103 84 223 234 242 69 233 188 39 156 6 181 187 202 44 160 45 242 172 24 47 169 122 188 71 168 45 139 245 160 12 253 40 183 136 75 45 45 219 223]",0x5F
302,20,"[81 148 76 26 48 205 160 161 162 133 47 82 210 185 185 185 185 128 200 81]",0xD0
303,72,"[70 71 72 73 74 75 76 77 78 79 80 81 82 83 84 85 86 87 88 89 90 91 92 93 94 95 96 97 98 99 100 101 102 103 104 105 106 107 108 109 110 111 112 113 114 115 116 117 118 119 120 121 122 123 124 125 126 127 128 129 130 131 132 133 134 135 136 137 138 139 140 141]",0xD1
304,690,"[203 123 203 123 203 123 203 123 203 123 203 123 203 123 203 123 203 123 203 123 203 123 203 123 203 123 203 123 203 123 203 123 203 123 203 123 203 123 203 123 203 123 203 123 203 123 203 123 203 123 203 123 203 123 203 123 203 123 203 123 203 123 203 123 203 123 203 123 203 123 203 123 203 123 203 123 203 123 203 123 203 123 203 123 203 123 203 123 203 123 203 123 203 123 203 123 203 123 203 123 203 123 203 123 203 123 203 123 203 123 203 123 203 123 203 123 203 123 203 123 203 123 203 123 203 123 203 123 203 123 203 123 203 123 203 123 203 123 203 123 203 123 203 123 203 123 203 123 203 123 203 123 203 123 203 123 203 123 203 123 203 123 203 123 203 123 203 123 203 123 203 123 203 123 203 123 203 123 203 123 203 123 203 123 203 123 203 123 203 123 203 123 203 123 203 123 203 123 203 123 203 123 203 123 203 123 203 123 203 123 203 123 203 123 203 123 203 123 203 123 203 123 203 123 203 123 203 123 203 123 203 123 203 123 203 123 203 123 203 123 203 123 203 123 203 123 203 123 203 123 203 123 203 123 203 123 203 123 203 123 203 123 203 123 203 123 203 123 203 123 203 123 203 123 203 123 203 123 203 123 203 123 203 123 203 123 203 123 203 123 203 123 203 123 203 123 203 123 203 123 203 123 203 123 203 123 203 123 203 123 203 123 203 123 203 123 203 123 203 123 203 123 203 123 203 123 203 123 203 123 203 123 203 123 203 123 203 123 203 123 203 123 203 123 203 123 203 123 203 123 203 123 203 123 203 123 203 123 203 123 203 123 203 123 203 123 203 123 203 123 203 123 203 123 203 123 203 123 203 123 203 123 203 123 203 123 203 123 203 123 203 123 203 123 203 123 203 123 203 123 203 123 203 123 203 123 203 123 203 123 203 123 203 123 203 123 203 123 203 123 203 123 203 123 203 123 203 123 203 123 203 123 203 123 203 123 203 123 203 123 203 123 203 123 203 123 203 123 203 123 203 123 203 123 203 123 203 123 203 123 203 123 203 123 203 123 203 123 203 123 203 123 203 123 203 123 203 123 203 123 203 123 203 123 203 123 203 123 203 123 203 123 203 123 203 123 203 123 203 123 203 123 203 123 203 123 203 123 203 123 203 123 203 123 203 123 203 123 203 123 203 123 203 123 203 123 203 123 203 123 203 123 203 123 203 123 203 123 203 123 203 123 203 123 203 123 203 123 203 123 203 123 203 123 203 123 203 123 203 123 203 123 203 123 203 123 203 123 203 123 203 123 203 123 203 123 203 123 203 123 203 123 203 123 203 123 203 123 203 123 203 123 203 123 203 123 203 123 203 123 203 123 203 123 203 123 203 123 203 123 203 123 203 123 203 123 203 123 203 123 203 123 203 123 203 123 203 123 203 123 203 123 203 123 203 123 203 123 203 123 203 123 203 123 203 123 203 123 203 123 203 123 203 123 203 123 203 123 203 123 203 123 203 123 203 123 203 123 203 123 203 123 203 123 203 123 203 123 203 123 203 123 203 123 203 123 203 123 203 123]",0xCD
305,763,"[170 228 170 228 170 228 170 228 170 228 170 228 170 228 170 228 170 228 170 228 170 228 170 228 170 228 170 228 170 228 170 228 170 228 170 228 170 228 170 228 170 228 170 228 170 228 170 228 170 228 170 228 170 228 170 228 170 228 170 228 170 228 170 228 170 228 170 228 170 228 170 228 170 228 170 228 170 228 170 228 170 228 170 228 170 228 170 228 170 228 170 228 170 228 170 228 170 228 170 228 170 228 170 228 170 228 170 228 170 228 170 228 170 228 170 228 170 228 170 228 170 228 170 228 170 228 170 228 170 228 170 228 170 228 170 228 170 228 170 228 170 228 170 228 170 228 170 228 170 228 170 228 170 228 170 228 170 228 170 228 170 228 170 228 170 228 170 228 170 228 170 228 170 228 170 228 170 228 170 228 170 228 170 228 170 228 170 228 170 228 170 228 170 228 170 228 170 228 170 228 170 228 170 228 170 228 170 228 170 228 170 228 170 228 170 228 170 228 170 228 170 228 170 228 170 228 170 228 170 228 170 228 170 228 170 228 170 228 170 228 170 228 170 228 170 228 170 228 170 228 170 228 170 228 170 228 170 228 170 228 170 228 170 228 170 228 170 228 170 228 170 228 170 228 170 228 170 228 170 228 170 228 170 228 170 228 170 228 170 228 170 228 170 228 170 228 170 228 170 228 170 228 170 228 170 228 170 228 170 228 170 228 170 228 170 228 170 228 170 228 170 228 170 228 170 228 170 228 170 228 170 228 170 228 170 228 170 228 170 228 170 228 170 228 170 228 170 228 170 228 170 228 170 228 170 228 170 228 170 228 170 228 170 228 170 228 170 228 170 228 170 228 170 228 170 228 170 228 170 228 170 228 170 228 170 228 170 228 170 228 170 228 170 228 170 228 170 228 170 228 170 228 170 228 170 228 170 228 170 228 170 228 170 228 170 228 170 228 170 228 170 228 170 228 170 228 170 228 170 228 170 228 170 228 170 228 170 228 170 228 170 228 170 228 170 228 170 228 170 228 170 228 170 228 170 228 170 228 170 228 170 228 170 228 170 228 170 228 170 228 170 228 170 228 170 228 170 228 170 228 170 228 170 228 170 228 170 228 170 228 170 228 170 228 170 228 170 228 170 228 170 228 170 228 170 228 170 228 170 228 170 228 170 228 170 228 170 228 170 228 170 228 170 228 170 228 170 228 170 228 170 228 170 228 170 228 170 228 170 228 170 228 170 228 170 228 170 228 170 228 170 228 170 228 170 228 170 228 170 228 170 228 170 228 170 228 170 228 170 228 170 228 170 228 170 228 170 228 170 228 170 228 170 228 170 228 170 228 170 228 170 228 170 228 170 228 170 228 170 228 170 228 170 228 170 228 170 228 170 228 170 228 170 228 170 228 170 228 170 228 170 228 170 228 170 228 170 228 170 228 170 228 170 228 170 228 170 228 170 228 170 228 170 228 170 228 170 228 170 228 170 228 170 228 170 228 170 228 170 228 170 228 170 228 170 228 170 228 170 228 170 228 170 228 170 228 170 228 170 228 170 228 170 228 170 228 170 228 170 228 170 228 170 228 170 228 170 228 170 228 170 228 170 228 170 228 170 228 170 228 170 228 170 228 170 228 170 228 170 228 170 228 170 228 170 228 170 228 170 228 170 228 170 228 170 228 170 228 170 228 170 228 170 228 170 228 170 228 170 228 170 228 170 228 170 228 170 228 170 228 170 228 170]",0xD1
306,6,"[71 175 19 169 230 248]",0x0D
307,78,"[239 240 241 242 243 244 245 246 247 248 249 250 251 252 253 254 255 0 1 2 3 4 5 6 7 25 115 83 72 138 123 123 22 205 123 210 211 81 1 233 194 27 179 5 7 134 24 246 228 166 16 83 95 123 43 147 111 242 239 144 164 35 57 230 178 48 145 239 88 47 241 118 106 68 228 216 103 7]",0x2D
308,27,"[100 101 102 103 104 105 106 107 108 109 110 111 112 113 114 115 116 117 118 119 120 121 122 123 124 125 126]",0x92
309,10,"[102 41 176 20 139 197 243 178 25 22]",0x24
310,294,"[250 209 250 209 250 209 250 209 250 209 250 209 250 209 250 209 250 209 250 209 250 209 250 209 250 209 250 209 250 209 250 209 250 209 250 209 250 209 250 209 250 209 250 209 250 209 250 209 250 209 250 209 250 209 250 209 250 209 250 209 250 209 250 209 250 209 250 209 250 209 250 209 250 209 250 209 250 209 250 209 250 209 250 209 250 209 250 209 250 209 250 209 250 209 250 209 250 209 250 209 250 209 250 209 250 209 250 209 250 209 250 209 250 209 250 209 250 209 250 209 250 209 250 209 250 209 250 209 250 209 250 209 250 209 250 209 250 209 250 209 250 209 250 209 250 209 250 209 250 209 250 209 250 209 250 209 250 209 250 209 250 209 250 209 250 209 250 209 250 209 250 209 250 209 250 209 250 209 250 209 250 209 250 209 250 209 250 209 250 209 250 209 250 209 250 209 250 209 250 209 250 209 250 209 250 209 250 209 250 209 250 209 250 209 250 209 250 209 250 209 250 209 250 209 250 209 250 209 250 209 250 209 250 209 250 209 250 209 250 209 250 209 250 209 250 209 250 209 250 209 250 209 250 209 250 209 250 209 250 209 250 209 250 209 250 209 250 209 250 209 250 209 250 209 250 209 250 209 250 209 250 209 250 209 250 209 250 209 250 209 250 209 250 209]",0xFC
311,875,"[190 191 192 193 194 195 196 197 198 199 200 201 202 203 204 205 206 207 208 209 210 211 212 213 214 215 216 217 218 219 220 221 222 223 224 225 226 227 228 229 230 231 232 233 234 235 236 237 238 239 240 241 242 243 244 245 246 247 248 249 250 251 252 253 254 255 0 1 2 3 4 5 6 7 8 9 10 11 12 13 14 15 16 17 18 19 20 21 22 23 24 25 26 27 28 29 30 31 32 33 34 35 36 37 38 39 40 41 42 43 44 45 46 47 48 49 50 51 52 53 54 55 56 57 58 59 60 61 62 63 64 65 66 67 68 69 70 71 72 73 74 75 76 77 78 79 80 81 82 83 84 85 86 87 88 89 90 91 92 93 94 95 96 97 98 99 100 101 102 103 104 105 106 107 108 109 110 111 112 113 114 115 116 117 118 119 120 121 122 123 124 125 126 127 128 129 130 131 132 133 134 135 136 137 138 139 140 141 142 143 144 145 146 147 148 149 150 151 152 153 154 155 156 157 158 159 160 161 162 163 164 165 166 167 168 169 170 171 172 173 174 175 176 177 178 179 180 181 182 183 184 185 186 187 188 189 190 191 192 193 194 195 196 197 198 199 200 201 202 203 204 205 206 207 208 209 210 211 212 213 214 215 216 217 218 219 220 221 222 223 224 225 226 227 228 229 230 231 232 233 234 235 236 237 238 239 240 241 242 243 244 245 246 247 248 249 250 251 252 253 254 255 0 1 2 3 4 5 6 7 8 9 10 11 12 13 14 15 16 17 18 19 20 21 22 23 24 25 26 27 28 29 30 31 32 33 34 35 36 37 38 39 40 41 42 43 44 45 46 47 48 49 50 51 52 53 54 55 56 57 58 59 60 61 62 63 64 65 66 67 68 69 70 71 72 73 74 75 76 77 78 79 80 81 82 83 84 85 86 87 88 89 90 91 92 93 94 95 96 97 98 99 100 101 102 103 104 105 106 107 108 109 110 111 112 113 114 115 116 117 118 119 120 121 122 123 124 125 126 127 128 129 130 131 132 133 134 135 136 137 138 139 140 141 142 143 144 145 146 147 148 149 150 151 152 153 154 155 156 157 158 159 160 161 162 163 164 165 166 167 168 169 170 171 172 173 174 175 176 177 178 179 180 181 182 183 184 185 186 187 188 189 190 191 192 193 194 195 196 197 198 199 200 201 202 203 204 205 206 207 208 209 210 211 212 213 214 215 216 217 218 219 220 221 222 223 224 225 226 227 228 229 230 231 232 233 234 235 236 237 238 239 240 241 242 243 244 245 246 247 248 249 250 251 252 253 254 255 0 1 2 3 4 5 6 7 8 9 10 11 12 13 14 15 16 17 18 19 20 21 22 23 24 25 26 27 28 29 30 31 32 33 34 35 36 37 38 39 40 41 42 43 44 45 46 47 48 49 50 51 52 53 54 55 56 57 58 59 60 61 62 63 64 65 66 67 68 69 70 71 72 73 74 75 76 77 78 79 80 81 82 83 84 85 86 87 88 89 90 91 92 93 94 95 96 97 98 99 100 101 102 103 104 105 106 107 108 109 110 111 112 113 114 115 116 117 118 119 120 121 122 123 124 125 126 127 128 129 130 131 132 133 134 135 136 137 138 139 140 141 142 143 144 145 146 147 148 149 150 151 152 153 154 155 156 157 158 159 160 161 162 163 164 165 166 167 168 169 170 171 172 173 174 175 176 177 178 179 180 181 182 183 184 185 186 187 188 189 190 191 192 193 194 195 196 197 198 199 200 201 202 203 204 205 206 207 208 209 210 211 212 213 214 215 216 217 218 219 220 221 222 223 224 225 226 227 228 229 230 231 232 233 234 235 236 237 238 239 240 241 242 243 244 245 246 247 248 249 250 251 252 253 254 255 0 1 2 3 4 5 6 7 8 9 10 11 12 13 14 15 16 17 18 19 20 21 22 23 24 25 26 27 28 29 30 31 32 33 34 35 36 37 38 39 40]",0x67
312,100,"[72 28 145 72 28 145 72 28 145 72 28 145 72 28 145 72 28 145 72 28 145 72 28 145 72 28 145 72 28 145 72 28 145 72 28 145 72 28 145 72 28 145 72 28 145 72 28 145 72 28 145 72 28 145 72 28 145 72 28 145 72 28 145 72 28 145 72 28 145 72 28 145 72 28 145 72 28 145 72 28 145 72 28 145 72 28 145 72 28 145 72 28 145 72 28 145 72 28 145 72]",0x21
313,63,"[105 106 107 108 109 110 111 112 113 114 115 116 117 118 119 120 121 122 123 124 125 126 127 128 129 130 131 132 133 134 135 136 137 138 139 140 141 142 143 144 145 146 147 148 149 150 151 152 153 154 155 156 157 158 159 160 161 162 163 164 165 166 167]",0xC8
314,5,"[0 255 0 213 119]",0x37
315,531,"[225 224 223 222 221 220 219 218 217 216 215 214 213 212 211 210 209 208 207 206 205 204 203 202 201 200 199 198 197 196 195 194 193 192 191 190 189 188 187 186 185 184 183 182 181 180 179 178 177 176 175 174 173 172 171 170 169 168 167 166 165 164 163 162 161 160 159 158 157 156 155 154 153 152 151 150 149 148 147 146 145 144 143 142 141 140 139 138 137 136 135 134 133 132 131 130 129 128 127 126 125 124 123 122 121 120 119 118 117 116 115 114 113 112 111 110 109 108 107 106 105 104 103 102 101 100 99 98 97 96 95 94 93 92 91 90 89 88 87 86 85 84 83 82 81 80 79 78 77 76 75 74 73 72 71 70 69 68 67 66 65 64 63 62 61 60 59 58 57 56 55 54 53 52 51 50 49 48 47 46 45 44 43 42 41 40 39 38 37 36 35 34 33 32 31 30 29 28 27 26 25 24 23 22 21 20 19 18 17 16 15 14 13 12 11 10 9 8 7 6 5 4 3 2 1 0 255 254 253 252 251 250 249 248 247 246 245 244 243 242 241 240 239 238 237 236 235 234 233 232 231 230 229 228 227 226 225 224 223 222 221 220 219 218 217 216 215 214 213 212 211 210 209 208 207 206 205 204 203 202 201 200 199 198 197 196 195 194 193 192 191 190 189 188 187 186 185 184 183 182 181 180 179 178 177 176 175 174 173 172 171 170 169 168 167 166 165 164 163 162 161 160 159 158 157 156 155 154 153 152 151 150 149 148 147 146 145 144 143 142 141 140 139 138 137 136 135 134 133 132 131 130 129 128 127 126 125 124 123 122 121 120 119 118 117 116 115 114 113 112 111 110 109 108 107 106 105 104 103 102 101 100 99 98 97 96 95 94 93 92 91 90 89 88 87 86 85 84 83 82 81 80 79 78 77 76 75 74 73 72 71 70 69 68 67 66 65 64 63 62 61 60 59 58 57 56 55 54 53 52 51 50 49 48 47 46 45 44 43 42 41 40 39 38 37 36 35 34 33 32 31 30 29 28 27 26 25 24 23 22 21 20 19 18 17 16 15 14 13 12 11 10 9 8 7 6 5 4 3 2 1 0 255 254 253 252 251 250 249 248 247 246 245 244 243 242 241 240 239 238 237 236 235 234 233 232 231 230 229 228 227 226 225 224 223 222 221 220 219 218 217 216 215 214 213 212 211 210 209 208 207]",0xD9
316,510,"[0 255 0 255 188 255 255 255 132 255 255 0 255 30 0 0 231 255 243 14 0 255 255 255 0 0 13 13 255 106 160 255 0 0 0 173 255 255 215 255 255 0 0 255 0 255 0 255 0 0 255 73 0 18 255 178 0 255 209 255 235 163 0 0 255 255 0 0 88 0 255 255 58 0 255 0 0 55 255 0 0 0 255 255 255 71 213 255 0 49 255 121 105 255 0 0 255 0 86 14 0 255 255 0 159 164 255 0 92 0 0 0 255 0 235 255 0 231 0 0 130 255 23 255 255 0 255 255 255 0 255 0 0 255 169 0 43 255 0 0 255 2 189 0 0 0 39 255 255 255 255 0 255 0 0 255 0 0 120 187 255 62 255 0 0 255 255 255 98 92 219 1 0 0 255 255 0 255 255 255 139 217 217 120 255 72 255 0 255 255 192 0 255 0 241 0 0 0 0 158 255 255 0 255 255 255 255 255 255 255 255 204 255 0 0 55 255 153 255 249 0 248 255 136 255 0 162 206 255 255 255 0 255 244 0 0 234 0 0 165 149 0 255 196 255 0 0 173 0 0 255 255 0 255 0 16 7 136 0 255 135 0 0 255 0 255 255 0 134 0 255 255 255 161 0 255 63 150 0 255 0 183 255 255 174 0 255 255 0 48 90 0 156 0 0 243 248 0 0 15 196 0 0 0 255 0 85 255 234 255 255 0 247 0 255 0 255 255 255 84 0 255 171 0 73 73 234 255 0 255 255 0 255 255 117 255 255 0 255 0 0 0 183 0 255 0 255 255 56 0 255 0 37 255 255 52 255 15 0 107 255 170 0 0 255 255 0 255 52 255 0 255 0 0 255 0 0 255 0 0 255 189 96 255 0 255 0 0 94 0 229 217 255 255 0 0 0 255 228 177 0 225 237 0 118 0 255 255 255 1 0 169 149 255 0 0 0 0 46 0 255 209 0 255 0 0 255 255 0 255 255 38 0 4 0 255 255 255 82 0 0 206 255 0 255 255 0 0 15 2 140 47 255 0 0 255 255 166 255 0 255 34 0 250 0 0 255 255 255 255 118 0 0 94 255 0 0 255 255 163 255 151 131 243 255 255 6 200 182 0 239 255 192 0 197 196 255 148 232 144 0 255 0 142 0 255 255 255 0 255]",0x39
317,489,"[22 23 24 25 26 27 28 29 30 31 32 33 34 35 36 37 38 39 40 41 42 43 44 45 46 47 48 49 50 51 52 53 54 55 56 57 58 59 60 61 62 63 64 65 66 67 68 69 70 71 72 73 74 75 76 77 78 79 80 81 82 83 84 85 86 87 88 89 90 91 92 93 94 95 96 97 98 99 100 101 102 103 104 105 106 107 108 109 110 111 112 113 114 115 116 117 118 119 120 121 122 123 124 125 126 127 128 129 130 131 132 133 134 135 136 137 138 139 140 141 142 143 144 145 146 147 148 149 150 151 152 153 154 155 156 157 158 159 160 161 162 163 164 165 166 167 168 169 170 171 172 173 174 175 176 177 178 179 180 181 182 183 184 185 186 187 188 189 190 191 192 193 194 195 196 197 198 199 200 201 202 203 204 205 206 207 208 209 210 211 212 213 214 215 216 217 218 219 220 221 222 223 224 225 226 227 228 229 230 231 232 233 234 235 236 237 238 239 240 241 242 243 244 245 246 247 248 249 250 251 252 253 254 255 0 1 2 3 4 5 6 7 8 9 10 11 12 13 14 15 16 17 18 19 20 21 22 23 24 25 26 27 28 29 30 31 32 33 34 35 36 37 38 39 40 41 42 43 44 45 46 47 48 49 50 51 52 53 54 55 56 57 58 59 60 61 62 63 64 65 66 67 68 69 70 71 72 73 74 75 76 77 78 79 80 81 82 83 84 85 86 87 88 89 90 91 92 93 94 95 96 97 98 99 100 101 102 103 104 105 106 107 108 109 110 111 112 113 114 115 116 117 118 119 120 121 122 123 124 125 126 127 128 129 130 131 132 133 134 135 136 137 138 139 140 141 142 143 144 145 146 147 148 149 150 151 152 153 154 155 156 157 158 159 160 161 162 163 164 165 166 167 168 169 170 171 172 173 174 175 176 177 178 179 180 181 182 183 184 185 186 187 188 189 190 191 192 193 194 195 196 197 198 199 200 201 202 203 204 205 206 207 208 209 210 211 212 213 214 215 216 217 218 219 220 221 222 223 224 225 226 227 228 229 230 231 232 233 234 235 236 237 238 239 240 241 242 243 244 245 246 247 248 249 250 251 252 253 254]",0xE9
318,482,"[172 173 174 175 176 177 178 179 180 181 182 183 184 185 186 187 188 189 190 191 192 193 194 195 196 197 198 199 200 201 202 203 204 205 206 207 208 209 210 211 212 213 214 215 216 217 218 219 220 221 222 223 224 225 226 227 228 229 230 231 232 233 234 235 236 237 238 239 240 241 242 243 244 245 246 247 248 249 250 251 252 253 254 255 0 1 2 3 4 5 6 7 8 9 10 11 12 13 14 15 16 17 18 19 20 21 22 23 24 25 26 27 28 29 30 31 32 33 34 35 36 37 38 39 40 41 42 43 44 45 46 47 48 49 50 51 52 53 54 55 56 57 58 59 60 61 62 63 64 65 66 67 68 69 70 71 72 73 74 75 76 77 78 79 80 81 82 83 84 85 86 87 88 89 90 91 92 93 94 95 96 97 98 99 100 101 102 103 104 105 106 107 108 109 110 111 112 113 114 115 116 117 118 119 120 121 122 123 124 125 126 127 128 129 130 131 132 133 134 135 136 137 138 139 140 141 142 143 144 145 146 147 148 149 150 151 152 153 154 155 156 157 158 159 160 161 162 163 164 165 166 167 168 169 170 171 172 173 174 175 176 177 178 179 180 181 182 183 184 185 186 187 188 189 190 191 192 193 194 195 196 197 198 199 200 201 202 203 204 205 206 207 208 209 210 211 212 213 214 215 216 217 218 219 220 221 222 223 224 225 226 227 228 229 230 231 232 233 234 235 236 237 238 239 240 241 242 243 244 245 246 247 248 249 250 251 252 253 254 255 0 1 2 3 4 5 6 7 8 9 10 11 12 13 14 15 16 17 18 19 20 21 22 23 24 25 26 27 28 29 30 31 32 33 34 35 36 37 38 39 40 41 42 43 44 45 46 47 48 49 50 51 52 53 54 55 56 57 58 59 60 61 62 63 64 65 66 67 68 69 70 71 72 73 74 75 76 77 78 79 80 81 82 83 84 85 86 87 88 89 90 91 92 93 94 95 96 97 98 99 100 101 102 103 104 105 106 107 108 109 110 111 112 113 114 115 116 117 118 119 120 121 122 123 124 125 126 127 128 129 130 131 132 133 134 135 136 137 138 139 140 141]",0x4C
319,56,"[58 107 245 81 58 107 245 81 58 107 245 81 58 107 245 81 58 107 245 81 58 107 245 81 58 107 245 81 58 107 245 81 58 107 245 81 58 107 245 81 58 107 245 81 58 107 245 81 58 107 245 81 58 107 245 81]",0xF0
320,386,"[160 234 115 160 155 106 157 66 96 113 221 89 162 54 64 165 195 118 85 233 34 184 176 176 239 186 77 90 100 7 233 18 179 186 215 141 185 77 190 87 231 41 80 127 198 191 53 36 77 123 137 109 169 109 242 66 160 156 72 105 93 44 122 98 45 115 107 33 33 165 180 240 22 30 13 136 159 103 204 175 252 35 14 70 4 238 77 141 81 62 39 82 157 248 142 136 9 215 11 231 137 43 115 254 78 68 30 152 22 196 235 238 27 142 24 146 208 137 223 205 70 161 1 101 60 239 103 167 187 197 188 74 175 140 152 0 66 238 74 112 47 35 53 141 235 83 82 144 91 233 96 125 136 200 144 61 31 240 205 5 210 151 132 3 199 50 186 4 203 5 60 68 40 123 72 254 148 145 56 104 31 195 84 192 95 253 43 0 152 243 165 21 138 232 1 42 208 228 181 253 23 139 175 179 203 234 92 10 92 171 54 207 56 2 130 185 89 191 112 43 23 181 98 233 138 89 89 33 152 149 204 51 74 24 75 109 246 167 200 83 36 65 65 149 87 219 253 87 180 168 49 235 51 188 88 93 116 221 35 13 102 14 176 194 218 190 234 191 239 49 127 254 174 224 7 223 178 43 6 66 234 171 235 114 239 118 52 38 254 85 40 2 73 227 136 161 236 131 214 82 250 20 185 169 49 99 80 24 149 254 143 139 10 35 131 252 224 87 139 141 175 176 202 6 241 17 121 235 124 16 58 148 22 108 84 208 28 174 104 150 52 156 172 17 211 220 16 154 152 3 87 248 142 238 172 7 19 184 141 32 157 207 192 63 66 247 227 81 210 41 50 46 22 218 148 66 217 205 25 164 184 183 185 43 80 216]",0xA9
321,352,"[220 96 84 88 106 96 145 20 248 239 239 225 169 56 12 25 82 128 254 111 134 177 46 238 135 70 239 160 123 148 191 39 221 245 145 174 220 95 254 174 108 173 133 28 203 144 203 39 137 196 253 226 221 63 214 43 50 28 219 27 35 62 146 225 107 139 42 68 34 104 151 72 216 251 30 4 202 48 90 100 234 168 10 3 51 81 124 214 80 96 84 2 244 35 73 33 125 238 25 112 5 197 164 179 120 232 104 131 177 133 48 81 23 110 156 30 161 228 86 56 228 177 26 104 172 147 158 145 204 82 181 253 99 202 63 72 239 6 55 123 102 161 49 18 94 134 143 153 140 62 195 22 50 189 71 126 83 129 88 254 91 160 227 163 144 145 127 206 12 226 150 217 2 222 30 184 106 174 160 41 131 70 143 188 20 132 158 75 243 133 46 27 138 96 49 7 145 153 36 154 243 250 227 206 53 40 113 158 217 59 122 165 114 116 57 252 121 136 55 131 65 51 70 0 145 99 230 10 11 226 32 0 45 210 205 87 171 129 231 14 208 43 100 49 179 173 140 178 163 198 61 109 38 109 179 176 181 79 169 94 241 87 154 192 232 112 92 110 82 167 238 32 143 229 25 126 221 230 131 6 27 150 31 38 197 192 215 27 50 213 184 206 253 221 133 79 145 163 85 197 23 199 8 127 220 22 132 40 229 213 239 223 188 47 77 127 150 200 58 32 123 40 177 147 189 16 246 0 83 173 11 21 19 148 229 142 154 88 4 5 227 26 255 42 172 242 92 188 89 78 51 210]",0xF2
322,36,"[79 59 108 179 11 95 88 167 168 169 170 171 172 173 174 175 176 177 178 179 180 181 182 155 155 155 155 155 155 55 68 43 14 158 172 42]",0x56
323,984,"[125 187 11 199 250 22 210 96 36 126 18 133 4 186 124 117 50 92 46 188 50 157 71 168 138 108 172 106 210 186 138 224 212 136 17 144 90 138 165 165 172 173 27 49 161 104 195 31 49 142 128 68 104 8 9 24 147 221 66 8 181 218 35 98 40 27 165 247 173 252 111 229 52 30 179 95 81 171 85 146 76 200 79 136 5 202 158 49 55 67 147 140 70 177 227 11 106 151 150 5 53 15 145 165 40 85 84 209 49 140 200 212 170 76 210 189 180 17 11 178 241 198 212 139 77 173 182 172 242 93 10 232 41 178 223 79 212 85 203 17 167 173 125 175 236 187 246 114 135 67 252 14 91 76 98 234 94 234 108 218 133 79 115 108 66 74 47 86 159 98 182 252 96 118 42 100 186 55 46 96 209 159 245 231 38 10 102 133 131 34 31 11 217 242 29 54 23 224 245 67 77 92 128 174 129 243 25 204 85 96 181 237 183 198 192 82 193 200 136 137 194 209 86 205 208 59 183 47 23 147 232 9 211 129 220 215 224 196 215 45 77 62 190 39 46 225 180 224 35 102 72 2 72 97 23 145 98 11 180 186 213 124 247 234 141 113 0 182 144 240 152 254 218 244 83 38 203 201 54 195 148 28 128 238 129 201 7 186 242 127 86 165 234 45 103 40 127 138 241 105 145 226 82 172 193 84 42 128 91 68 249 128 219 50 240 203 207 99 124 151 202 217 19 231 239 151 47 209 140 209 208 22 155 123 242 75 52 229 38 175 76 145 157 106 249 33 100 110 161 104 24 242 106 87 114 55 25 38 42 50 107 159 160 0 235 210 246 92 170 43 209 41 83 125 152 143 26 107 236 223 151 146 28 51 64 124 187 117 32 112 41 192 42 123 177 58 19 144 13 150 192 84 125 237 120 255 40 181 167 223 23 71 33 238 109 232 75 32 75 152 216 98 234 62 177 188 70 6 93 11 230 244 188 186 61 18 205 143 174 199 104 37 203 116 211 112 55 43 190 147 103 125 140 61 96 74 99 128 44 100 98 73 255 18 164 44 214 234 102 210 63 35 80 87 101 95 105 181 62 4 125 114 15 34 130 60 224 44 5 114 252 162 90 4 124 52 165 149 67 17 193 149 215 66 167 30 74 168 211 82 204 173 89 224 130 165 126 115 217 75 9 225 211 93 47 172 20 108 21 153 6 161 172 124 44 25 80 119 164 0 182 182 113 87 215 200 251 95 232 22 105 119 112 160 43 221 141 231 0 161 105 129 190 58 52 179 133 59 123 117 177 0 150 155 190 227 112 87 26 86 17 205 206 106 66 30 217 224 68 159 66 57 5 147 38 3 26 80 171 51 227 73 84 55 64 18 75 220 176 224 26 116 58 184 248 208 9 81 7 10 20 70 77 102 103 197 36 40 160 146 39 218 84 93 107 82 142 99 66 231 78 178 88 111 60 192 188 5 15 236 227 129 126 207 35 167 121 190 7 151 142 215 173 225 227 104 35 161 223 19 142 29 6 173 174 153 219 20 26 221 128 69 188 228 176 202 72 73 221 157 59 134 175 55 167 10 77 172 38 56 225 172 127 53 87 147 39 123 104 122 27 27 246 250 109 201 167 29 75 80 152 148 236 202 219 228 205 85 55 146 176 98 217 245 145 116 215 6 33 216 187 106 227 89 162 162 47 72 234 46 44 122 23 229 25 157 86 205 150 99 251 16 147 253 176 189 8 5 9 253 250 85 74 37 84 94 191 221 191 165 196 189 121 85 72 173 245 148 233 3 203 218 161 239 151 61 55 142 232 18 154 197 29 29 93 70 50 50 33 156 176 179 136 243 225 245 99 224 195 87 27 174 34 75 128 174 237 151 171 79 175 112 219 100 119 110 207 244 83 121 180 229 126 27 94 140 106 47 9 175 254 235 174 215 65 159 15 181 248 220 136 201 241 55 203 69 224 25 45 184 44 40 142 213 68 215 206 148 165 10 93 67 38 99 90 186 153 233 37 15 136 0 201 129 124 92 95 110 4 21 129 38 199 70 25 60 91 9 36 82 79 204 215 49 31 162 205 246 1 105 187 212 15 174 73 19 125 40 188 189 215 96 3 66 119 177 97 137 134 42 159 112 206 176 28 125 179 22 202 56 128 240 146 108 1 34 148 126 93 236 85 137 145 135 122 86 232 115 135 168 17 200 131 168 197 223 100 207 66 169 26 5 24 81]",0xD9
324,7,"[11 55 104 11 55 104 11]",0xCD
325,22,"[87 2 132 134 30 60 200 125 135 9 149 0 67 127 233 32 43 171 159 159 159 159]",0x46
326,989,"[231 23 115 231 23 115 231 23 115 231 23 115 231 23 115 231 23 115 231 23 115 231 23 115 231 23 115 231 23 115 231 23 115 231 23 115 231 23 115 231 23 115 231 23 115 231 23 115 231 23 115 231 23 115 231 23 115 231 23 115 231 23 115 231 23 115 231 23 115 231 23 115 231 23 115 231 23 115 231 23 115 231 23 115 231 23 115 231 23 115 231 23 115 231 23 115 231 23 115 231 23 115 231 23 115 231 23 115 231 23 115 231 23 115 231 23 115 231 23 115 231 23 115 231 23 115 231 23 115 231 23 115 231 23 115 231 23 115 231 23 115 231 23 115 231 23 115 231 23 115 231 23 115 231 23 115 231 23 115 231 23 115 231 23 115 231 23 115 231 23 115 231 23 115 231 23 115 231 23 115 231 23 115 231 23 115 231 23 115 231 23 115 231 23 115 231 23 115 231 23 115 231 23 115 231 23 115 231 23 115 231 23 115 231 23 115 231 23 115 231 23 115 231 23 115 231 23 115 231 23 115 231 23 115 231 23 115 231 23 115 231 23 115 231 23 115 231 23 115 231 23 115 231 23 115 231 23 115 231 23 115 231 23 115 231 23 115 231 23 115 231 23 115 231 23 115 231 23 115 231 23 115 231 23 115 231 23 115 231 23 115 231 23 115 231 23 115 231 23 115 231 23 115 231 23 115 231 23 115 231 23 115 231 23 115 231 23 115 231 23 115 231 23 115 231 23 115 231 23 115 231 23 115 231 23 115 231 23 115 231 23 115 231 23 115 231 23 115 231 23 115 231 23 115 231 23 115 231 23 115 231 23 115 231 23 115 231 23 115 231 23 115 231 23 115 231 23 115 231 23 115 231 23 115 231 23 115 231 23 115 231 23 115 231 23 115 231 23 115 231 23 115 231 23 115 231 23 115 231 23 115 231 23 115 231 23 115 231 23 115 231 23 115 231 23 115 231 23 115 231 23 115 231 23 115 231 23 115 231 23 115 231 23 115 231 23 115 231 23 115 231 23 115 231 23 115 231 23 115 231 23 115 231 23 115 231 23 115 231 23 115 231 23 115 231 23 115 231 23 115 231 23 115 231 23 115 231 23 115 231 23 115 231 23 115 231 23 115 231 23 115 231 23 115 231 23 115 231 23 115 231 23 115 231 23 115 231 23 115 231 23 115 231 23 115 231 23 115 231 23 115 231 23 115 231 23 115 231 23 115 231 23 115 231 23 115 231 23 115 231 23 115 231 23 115 231 23 115 231 23 115 231 23 115 231 23 115 231 23 115 231 23 115 231 23 115 231 23 115 231 23 115 231 23 115 231 23 115 231 23 115 231 23 115 231 23 115 231 23 115 231 23 115 231 23 115 231 23 115 231 23 115 231 23 115 231 23 115 231 23 115 231 23 115 231 23 115 231 23 115 231 23 115 231 23 115 231 23 115 231 23 115 231 23 115 231 23 115 231 23 115 231 23 115 231 23 115 231 23 115 231 23 115 231 23 115 231 23 115 231 23 115 231 23 115 231 23 115 231 23 115 231 23 115 231 23 115 231 23 115 231 23 115 231 23 115 231 23 115 231 23 115 231 23 115 231 23 115 231 23 115 231 23 115 231 23 115 231 23 115 231 23 115 231 23 115 231 23 115 231 23 115 231 23 115 231 23 115 231 23 115 231 23 115 231 23 115 231 23 115 231 23 115 231 23 115 231 23 115 231 23 115 231 23 115 231 23 115 231 23 115 231 23 115 231 23 115 231 23 115 231 23 115 231 23 115 231 23 115 231 23 115 231 23 115 231 23 115 231 23 115 231 23 115 231 23 115 231 23 115 231 23 115 231 23 115 231 23 115 231 23 115 231 23 115 231 23 115 231 23 115 231 23 115 231 23 115 231 23 115 231 23 115 231 23 115 231 23 115 231 23 115 231 23 115 231 23 115 231 23 115 231 23 115 231 23 115 231 23 115 231 23 115 231 23 115 231 23 115 231 23 115 231 23 115 231 23 115 231 23 115 231 23 115 231 23 115 231 23 115 231 23 115 231 23 115 231 23 115 231 23 115 231 23 115 231 23 115 231 23 115 231 23 115 231 23 115 231 23 115 231 23 115 231 23 115 231 23 115 231 23 115 231 23 115 231 23 115 231 23 115 231 23 115 231 23 115 231 23 115 231 23 115 231 23 115 231 23 115 231 23 115 231 23 115 231 23 115 231 23 115 231 23 115 231 23 115 231 23]",0x46
327,37,"[37 37 37 37 230 162 228 239 173 132 225 145 93 94 95 96 97 239 168 224 193 79 183 49 104 156 211 65 51 139 142 34 92 142 140 130 241]",0x66
328,425,"[24 77 59 24 77 59 24 77 59 24 77 59 24 77 59 24 77 59 24 77 59 24 77 59 24 77 59 24 77 59 24 77 59 24 77 59 24 77 59 24 77 59 24 77 59 24 77 59 24 77 59 24 77 59 24 77 59 24 77 59 24 77 59 24 77 59 24 77 59 24 77 59 24 77 59 24 77 59 24 77 59 24 77 59 24 77 59 24 77 59 24 77 59 24 77 59 24 77 59 24 77 59 24 77 59 24 77 59 24 77 59 24 77 59 24 77 59 24 77 59 24 77 59 24 77 59 24 77 59 24 77 59 24 77 59 24 77 59 24 77 59 24 77 59 24 77 59 24 77 59 24 77 59 24 77 59 24 77 59 24 77 59 24 77 59 24 77 59 24 77 59 24 77 59 24 77 59 24 77 59 24 77 59 24 77 59 24 77 59 24 77 59 24 77 59 24 77 59 24 77 59 24 77 59 24 77 59 24 77 59 24 77 59 24 77 59 24 77 59 24 77 59 24 77 59 24 77 59 24 77 59 24 77 59 24 77 59 24 77 59 24 77 59 24 77 59 24 77 59 24 77 59 24 77 59 24 77 59 24 77 59 24 77 59 24 77 59 24 77 59 24 77 59 24 77 59 24 77 59 24 77 59 24 77 59 24 77 59 24 77 59 24 77 59 24 77 59 24 77 59 24 77 59 24 77 59 24 77 59 24 77 59 24 77 59 24 77 59 24 77 59 24 77 59 24 77 59 24 77 59 24 77 59 24 77 59 24 77 59 24 77 59 24 77 59 24 77 59 24 77 59 24 77 59 24 77 59 24 77 59 24 77 59 24 77 59 24 77 59 24 77 59 24 77 59 24 77 59 24 77 59 24 77 59 24 77 59 24 77 59 24 77 59 24 77 59 24 77 59 24 77 59 24 77 59 24 77 59 24 77 59 24 77 59 24 77 59 24 77 59 24 77 59 24 77]",0x79
329,68,"[43 227 43 227 43 227 43 227 43 227 43 227 43 227 43 227 43 227 43 227 43 227 43 227 43 227 43 227 43 227 43 227 43 227 43 227 43 227 43 227 43 227 43 227 43 227 43 227 43 227 43 227 43 227 43 227 43 227 43 227 43 227 43 227 43 227 43 227]",0x33
330,877,"[14 27 14 27 14 27 14 27 14 27 14 27 14 27 14 27 14 27 14 27 14 27 14 27 14 27 14 27 14 27 14 27 14 27 14 27 14 27 14 27 14 27 14 27 14 27 14 27 14 27 14 27 14 27 14 27 14 27 14 27 14 27 14 27 14 27 14 27 14 27 14 27 14 27 14 27 14 27 14 27 14 27 14 27 14 27 14 27 14 27 14 27 14 27 14 27 14 27 14 27 14 27 14 27 14 27 14 27 14 27 14 27 14 27 14 27 14 27 14 27 14 27 14 27 14 27 14 27 14 27 14 27 14 27 14 27 14 27 14 27 14 27 14 27 14 27 14 27 14 27 14 27 14 27 14 27 14 27 14 27 14 27 14 27 14 27 14 27 14 27 14 27 14 27 14 27 14 27 14 27 14 27 14 27 14 27 14 27 14 27 14 27 14 27 14 27 14 27 14 27 14 27 14 27 14 27 14 27 14 27 14 27 14 27 14 27 14 27 14 27 14 27 14 27 14 27 14 27 14 27 14 27 14 27 14 27 14 27 14 27 14 27 14 27 14 27 14 27 14 27 14 27 14 27 14 27 14 27 14 27 14 27 14 27 14 27 14 27 14 27 14 27 14 27 14 27 14 27 14 27 14 27 14 27 14 27 14 27 14 27 14 27 14 27 14 27 14 27 14 27 14 27 14 27 14 27 14 27 14 27 14 27 14 27 14 27 14 27 14 27 14 27 14 27 14 27 14 27 14 27 14 27 14 27 14 27 14 27 14 27 14 27 14 27 14 27 14 27 14 27 14 27 14 27 14 27 14 27 14 27 14 27 14 27 14 27 14 27 14 27 14 27 14 27 14 27 14 27 14 27 14 27 14 27 14 27 14 27 14 27 14 27 14 27 14 27 14 27 14 27 14 27 14 27 14 27 14 27 14 27 14 27 14 27 14 27 14 27 14 27 14 27 14 27 14 27 14 27 14 27 14 27 14 27 14 27 14 27 14 27 14 27 14 27 14 27 14 27 14 27 14 27 14 27 14 27 14 27 14 27 14 27 14 27 14 27 14 27 14 27 14 27 14 27 14 27 14 27 14 27 14 27 14 27 14 27 14 27 14 27 14 27 14 27 14 27 14 27 14 27 14 27 14 27 14 27 14 27 14 27 14 27 14 27 14 27 14 27 14 27 14 27 14 27 14 27 14 27 14 27 14 27 14 27 14 27 14 27 14 27 14 27 14 27 14 27 14 27 14 27 14 27 14 27 14 27 14 27 14 27 14 27 14 27 14 27 14 27 14 27 14 27 14 27 14 27 14 27 14 27 14 27 14 27 14 27 14 27 14 27 14 27 14 27 14 27 14 27 14 27 14 27 14 27 14 27 14 27 14 27 14 27 14 27 14 27 14 27 14 27 14 27 14 27 14 27 14 27 14 27 14 27 14 27 14 27 14 27 14 27 14 27 14 27 14 27 14 27 14 27 14 27 14 27 14 27 14 27 14 27 14 27 14 27 14 27 14 27 14 27 14 27 14 27 14 27 14 27 14 27 14 27 14 27 14 27 14 27 14 27 14 27 14 27 14 27 14 27 14 27 14 27 14 27 14 27 14 27 14 27 14 27 14 27 14 27 14 27 14 27 14 27 14 27 14 27 14 27 14 27 14 27 14 27 14 27 14 27 14 27 14 27 14 27 14 27 14 27 14 27 14 27 14 27 14 27 14 27 14 27 14 27 14 27 14 27 14 27 14 27 14 27 14 27 14 27 14 27 14 27 14 27 14 27 14 27 14 27 14 27 14 27 14 27 14 27 14 27 14 27 14 27 14 27 14 27 14 27 14 27 14 27 14 27 14 27 14 27 14 27 14 27 14 27 14 27 14 27 14 27 14 27 14 27 14 27 14 27 14 27 14 27 14 27 14 27 14 27 14 27 14 27 14 27 14 27 14 27 14 27 14 27 14 27 14 27 14 27 14 27 14 27 14 27 14 27 14]",0x8C
331,30,"[209 150 242 0 255 255 255 0 255 255 255 254 255 0 255 255 255 255 0 72 255 0 60 255 255 100 187 255 74 255]",0x17
332,88,"[198 197 196 195 194 193 192 191 190 189 188 187 186 185 184 183 182 181 180 179 178 177 176 175 174 173 172 171 170 169 168 167 166 165 164 163 162 161 160 159 158 157 156 155 154 153 152 151 150 149 148 147 146 145 144 143 142 141 140 139 138 137 136 135 134 133 132 131 130 129 128 127 126 125 124 123 122 121 120 119 118 117 116 115 114 113 112 111]",0x85
333,47,"[187 158 187 158 187 158 187 158 187 158 187 158 187 158 187 158 187 158 187 158 187 158 187 158 187 158 187 158 187 158 187 158 187 158 187 158 187 158 187 158 187 158 187 158 187 158 187]",0x73
334,4,"[188 190 188 190]",0xA9
335,21,"[199 46 199 46 199 46 199 46 199 46 199 46 199 46 199 46 199 46 199 46 199]",0x46
336,71,"[222 116 93 251 59 56 183 45 102 74 148 149 150 151 152 153 154 118 118 118 118 118 118 118 118 196 197 198 199 200 201 202 203 87 87 87 87 87 87 87 87 87 111 111 111 111 111 111 111 111 111 111 135 247 231 156 9 22 181 99 214 106 117 151 50 237 42 195 56 36 144]",0x7D
337,613,"[29 28 27 26 25 24 23 22 21 20 19 18 17 16 15 14 13 12 11 10 9 8 7 6 5 4 3 2 1 0 255 254 253 252 251 250 249 248 247 246 245 244 243 242 241 240 239 238 237 236 235 234 233 232 231 230 229 228 227 226 225 224 223 222 221 220 219 218 217 216 215 214 213 212 211 210 209 208 207 206 205 204 203 202 201 200 199 198 197 196 195 194 193 192 191 190 189 188 187 186 185 184 183 182 181 180 179 178 177 176 175 174 173 172 171 170 169 168 167 166 165 164 163 162 161 160 159 158 157 156 155 154 153 152 151 150 149 148 147 146 145 144 143 142 141 140 139 138 137 136 135 134 133 132 131 130 129 128 127 126 125 124 123 122 121 120 119 118 117 116 115 114 113 112 111 110 109 108 107 106 105 104 103 102 101 100 99 98 97 96 95 94 93 92 91 90 89 88 87 86 85 84 83 82 81 80 79 78 77 76 75 74 73 72 71 70 69 68 67 66 65 64 63 62 61 60 59 58 57 56 55 54 53 52 51 50 49 48 47 46 45 44 43 42 41 40 39 38 37 36 35 34 33 32 31 30 29 28 27 26 25 24 23 22 21 20 19 18 17 16 15 14 13 12 11 10 9 8 7 6 5 4 3 2 1 0 255 254 253 252 251 250 249 248 247 246 245 244 243 242 241 240 239 238 237 236 235 234 233 232 231 230 229 228 227 226 225 224 223 222 221 220 219 218 217 216 215 214 213 212 211 210 209 208 207 206 205 204 203 202 201 200 199 198 197 196 195 194 193 192 191 190 189 188 187 186 185 184 183 182 181 180 179 178 177 176 175 174 173 172 171 170 169 168 167 166 165 164 163 162 161 160 159 158 157 156 155 154 153 152 151 150 149 148 147 146 145 144 143 142 141 140 139 138 137 136 135 134 133 132 131 130 129 128 127 126 125 124 123 122 121 120 119 118 117 116 115 114 113 112 111 110 109 108 107 106 105 104 103 102 101 100 99 98 97 96 95 94 93 92 91 90 89 88 87 86 85 84 83 82 81 80 79 78 77 76 75 74 73 72 71 70 69 68 67 66 65 64 63 62 61 60 59 58 57 56 55 54 53 52 51 50 49 48 47 46 45 44 43 42 41 40 39 38 37 36 35 34 33 32 31 30 29 28 27 26 25 24 23 22 21 20 19 18 17 16 15 14 13 12 11 10 9 8 7 6 5 4 3 2 1 0 255 254 253 252 251 250 249 248 247 246 245 244 243 242 241 240 239 238 237 236 235 234 233 232 231 230 229 228 227 226 225 224 223 222 221 220 219 218 217 216 215 214 213 212 211 210 209 208 207 206 205 204 203 202 201 200 199 198 197 196 195 194 193 192 191 190 189 188 187 186 185]",0x76
338,43,"[211 19 143 102 206 14 50 125 40 177 180 112 224 35 66 125 15 24 101 241 232 119 36 45 96 53 21 172 148 74 199 198 125 24 235 171 63 156 103 162 121 124 188]",0xB2
339,172,"[78 110 70 166 49 180 197 31 166 246 49 232 155 151 13 191 122 184 207 134 67 36 41 221 31 98 85 221 122 255 188 217 25 64 34 118 183 43 33 157 58 122 13 174 138 165 70 71 205 183 148 160 24 219 197 151 235 43 175 246 79 3 188 1 223 14 167 96 52 229 191 87 72 188 214 183 163 58 218 191 132 130 145 212 190 219 129 159 218 59 113 158 234 4 54 60 83 72 151 226 163 61 221 161 56 92 202 189 147 37 205 78 197 165 67 54 33 61 40 157 153 150 164 208 233 58 150 20 30 167 124 194 108 32 223 21 48 70 254 106 128 197 162 215 124 248 203 102 97 237 175 159 194 143 40 81 142 4 111 193 42 16 214 158 45 206 168 85 96 39 213 130]",0xB7
340,90,"[17 41 7 168 162 53 38 37 244 177 149 82 110 22 255 193 159 150 129 65 57 140 17 19 143 235 234 2 27 149 217 244 220 173 51 18 12 156 9 189 182 20 232 133 231 230 50 97 34 198 129 237 53 176 253 170 17 150 46 7 85 68 201 95 187 4 3 7 56 95 155 252 90 14 49 229 179 202 31 34 28 219 53 164 132 139 50 162 11 254]",0xE3
341,1,"65",0x18
342,12,"[155 49 177 201 217 34 116 242 197 29 128 236]",0x53
343,86,"[27 37 27 37 27 37 27 37 27 37 27 37 27 37 27 37 27 37 27 37 27 37 27 37 27 37 27 37 27 37 27 37 27 37 27 37 27 37 27 37 27 37 27 37 27 37 27 37 27 37 27 37 27 37 27 37 27 37 27 37 27 37 27 37 27 37 27 37 27 37 27 37 27 37 27 37 27 37 27 37 27 37 27 37 27 37]",0x10
344,2,"[55 131]",0x2D
345,100,"[218 220 218 220 218 220 218 220 218 220 218 220 218 220 218 220 218 220 218 220 218 220 218 220 218 220 218 220 218 220 218 220 218 220 218 220 218 220 218 220 218 220 218 220 218 220 218 220 218 220 218 220 218 220 218 220 218 220 218 220 218 220 218 220 218 220 218 220 218 220 218 220 218 220 218 220 218 220 218 220 218 220 218 220 218 220 218 220 218 220 218 220 218 220 218 220 218 220 218 220]",0x30
346,19,"[240 182 57 48 106 234 10 205 45 46 47 48 49 101 124 240 168 74 44]",0x92
347,51,"[54 55 56 57 58 59 60 61 62 63 64 65 66 67 68 69 70 71 72 73 74 75 76 77 78 79 80 81 82 83 84 85 86 87 88 89 90 91 92 93 94 95 96 97 98 99 100 101 102 103 104]",0xD4
348,189,"[42 43 44 45 46 47 48 49 50 51 52 53 54 55 56 57 58 59 60 61 62 63 64 65 66 67 68 69 70 71 72 73 74 75 76 77 78 79 80 81 82 83 84 85 86 87 88 89 90 91 92 93 94 95 96 97 98 99 100 101 102 103 104 105 106 107 108 109 110 111 112 113 114 115 116 117 118 119 120 121 122 123 124 125 126 127 128 129 130 131 132 133 134 135 136 137 138 139 140 141 142 143 144 145 146 147 148 149 150 151 152 153 154 155 156 157 158 159 160 161 162 163 164 165 166 167 168 169 170 171 172 173 174 175 176 177 178 179 180 181 182 183 184 185 186 187 188 189 190 191 192 193 194 195 196 197 198 199 200 201 202 203 204 205 206 207 208 209 210 211 212 213 214 215 216 217 218 219 220 221 222 223 224 225 226 227 228 229 230]",0x02
349,85,"[111 112 113 114 115 116 117 118 119 120 121 122 123 124 125 126 127 128 129 130 131 132 133 134 135 136 137 138 139 140 141 142 143 144 145 146 147 148 149 150 151 152 153 154 155 156 157 158 159 160 161 162 163 164 165 166 167 168 169 170 171 172 173 174 175 176 177 178 179 180 181 182 183 184 185 186 187 188 189 190 191 192 193 194 195]",0x5F
350,92,"[154 153 152 151 150 149 148 147 146 145 144 143 142 141 140 139 138 137 136 135 134 133 132 131 130 129 128 127 126 125 124 123 122 121 120 119 118 117 116 115 114 113 112 111 110 109 108 107 106 105 104 103 102 101 100 99 98 97 96 95 94 93 92 91 90 89 88 87 86 85 84 83 82 81 80 79 78 77 76 75 74 73 72 71 70 69 68 67 66 65 64 63]",0x2A
351,17,"[254 255 0 1 2 3 4 5 6 7 8 9 10 11 12 13 14]",0x6B
352,91,"[108 109 110 111 112 113 114 115 116 117 118 119 120 121 122 123 124 125 126 127 128 129 130 131 132 133 134 135 136 137 138 139 140 141 142 143 144 145 146 147 148 149 150 151 152 153 154 155 156 157 158 159 160 161 162 163 164 165 166 167 168 169 170 171 172 173 174 175 176 177 178 179 180 181 182 183 184 185 186 187 188 189 190 191 192 193 194 195 196 197 198]",0xC4
353,183,"[68 69 70 71 72 73 74 75 76 77 78 79 80 81 82 83 84 85 86 87 88 89 90 91 92 93 94 95 96 97 98 99 100 101 102 103 104 105 106 107 108 109 110 111 112 113 114 115 116 117 118 119 120 121 122 123 124 125 126 127 128 129 130 131 132 133 134 135 136 137 138 139 140 141 142 143 144 145 146 147 148 149 150 151 152 153 154 155 156 157 158 159 160 161 162 163 164 165 166 167 168 169 170 171 172 173 174 175 176 177 178 179 180 181 182 183 184 185 186 187 188 189 190 191 192 193 194 195 196 197 198 199 200 201 202 203 204 205 206 207 208 209 210 211 212 213 214 215 216 217 218 219 220 221 222 223 224 225 226 227 228 229 230 231 232 233 234 235 236 237 238 239 240 241 242 243 244 245 246 247 248 249 250]",0x2C
354,862,"[0 250 0 255 255 255 0 255 0 0 195 129 0 107 104 0 66 255 0 0 255 255 0 34 180 0 255 0 255 0 69 255 16 0 255 255 255 255 255 0 27 255 151 0 94 8 0 0 0 0 255 0 114 76 0 255 255 0 255 0 249 255 255 255 7 255 0 75 0 0 255 202 117 99 0 0 255 255 255 255 255 0 0 255 0 0 223 0 0 255 0 255 0 214 0 0 255 0 0 199 255 0 255 0 255 255 255 255 0 85 255 255 0 169 255 190 0 0 0 139 255 90 0 0 0 255 0 255 251 0 0 0 0 61 0 183 0 70 138 255 0 255 0 255 0 255 89 119 255 255 143 255 255 0 0 255 255 183 0 0 255 255 76 255 246 0 66 15 32 255 9 0 152 0 0 255 255 232 72 0 255 17 255 255 0 255 255 255 255 0 255 255 0 0 255 10 84 27 148 0 0 255 253 0 255 249 225 96 194 0 255 0 36 203 38 87 0 255 255 0 0 185 255 0 255 10 0 255 255 0 0 3 255 219 0 255 0 0 0 0 0 255 255 79 0 255 255 70 62 0 0 0 15 0 255 199 1 255 169 0 0 8 241 233 255 255 0 0 207 255 87 124 255 0 231 141 0 255 255 243 0 137 218 0 255 255 72 159 26 0 0 107 149 255 144 255 255 0 255 131 0 255 0 255 149 93 255 108 255 255 29 255 0 0 0 255 0 0 0 181 0 255 0 255 255 0 255 0 255 255 113 255 68 255 255 255 255 255 255 0 191 255 0 0 215 255 255 218 0 255 0 255 0 68 49 0 255 255 0 221 175 255 9 0 0 185 255 255 142 116 255 168 209 216 0 0 6 255 0 255 255 255 0 0 0 255 255 49 255 226 0 255 222 0 235 0 255 0 0 255 142 255 0 0 211 255 237 255 255 255 255 54 255 255 218 255 223 0 255 0 0 255 0 255 255 0 255 255 0 255 255 30 0 0 255 255 0 0 0 244 255 99 255 255 0 255 0 0 255 0 255 0 80 255 0 255 123 255 0 0 65 255 255 0 0 223 255 0 255 0 33 0 0 0 0 126 179 0 255 0 0 255 0 208 0 0 0 255 0 168 0 3 255 255 163 255 255 0 0 0 0 192 0 0 255 255 143 255 0 0 0 0 0 209 0 159 255 255 77 82 0 15 255 0 255 107 0 0 255 49 0 0 255 255 0 0 99 99 0 8 107 255 0 108 0 0 255 255 0 255 36 255 193 255 65 0 255 114 255 0 255 255 255 187 0 238 0 0 255 0 121 15 48 44 0 0 78 0 138 108 0 168 18 255 0 80 255 227 0 255 255 0 0 179 255 178 0 108 200 253 8 0 0 0 255 241 255 0 0 255 145 0 255 16 255 255 69 255 255 0 0 0 255 255 0 168 0 255 0 0 63 0 0 0 190 0 255 247 0 0 0 0 255 207 22 255 68 0 230 255 0 56 255 255 0 255 0 255 0 0 0 17 0 21 228 0 255 212 255 255 0 0 255 255 0 0 255 255 0 255 0 255 255 73 0 233 0 0 255 0 170 255 19 255 0 255 196 154 176 41 50 255 0 170 255 0 255 0 0 0 12 0 80 255 232 255 0 0 238 0 255 228 0 51 1 0 255 255 0 207 255 163 255 255 255 0 77 0 255 255 255 0 126 0 255 137 124 0 0 255 0 0 0 255 249 0 255 0 255 255 255 226 147 0 255 255 252 0 255 255 255 0 158 0 76 42 0 0 24 0 255 2 255 0 88 0 0 255 0 191 255 62 0 21 0 91 173 255 255 240 224 0 0 34 255 195 152 127 26 164 255 220 0 0 255 255 255 255 78 0 191 0 0 0 255 0 255 0 234 0 236 0 77 55 17 255 0 30 0 255 138 0 185 246 255 0 255 255 255 255 255 255 255 149 0 148 255 5 0 0 89 0]",0xC4
355,415,"[195 221 64 174 155 220 110 13 146 245 3 61 80 196 82 61 166 11 43 104 91 88 27 92 204 105 150 41 17 225 84 89 224 181 193 174 27 245 232 60 205 104 175 42 137 32 137 62 115 171 224 42 228 99 216 131 220 169 130 80 248 205 97 42 199 253 71 234 32 243 190 88 77 164 151 235 196 138 237 151 215 235 17 149 119 125 117 214 81 118 51 64 169 29 48 135 11 32 221 216 89 89 239 6 148 152 201 243 91 112 171 247 228 170 219 21 96 3 45 161 226 161 170 26 170 116 166 83 148 108 143 37 101 95 188 180 232 161 80 200 127 49 191 33 45 194 197 202 75 221 185 213 181 148 28 181 176 79 188 140 143 94 29 55 196 69 0 255 53 167 237 153 204 249 220 142 93 123 215 218 216 152 122 79 0 195 70 84 215 13 237 0 240 116 26 172 229 112 176 250 61 210 75 109 72 114 1 77 113 161 163 149 75 242 100 55 141 191 3 70 211 129 104 238 22 157 87 18 54 160 7 151 244 203 88 35 119 100 248 253 105 38 233 203 130 93 114 230 47 206 4 235 128 58 0 143 62 161 71 22 129 144 115 117 150 134 33 50 36 177 135 110 204 83 145 19 190 177 205 226 194 216 88 87 241 234 140 93 221 82 39 163 10 97 206 75 238 244 208 252 135 145 214 126 104 157 168 192 171 190 172 122 34 201 7 254 212 171 247 156 14 143 70 94 117 198 128 121 77 138 63 66 193 87 13 87 163 208 246 191 109 76 33 160 130 173 60 82 74 204 43 155 13 140 16 45 28 88 87 211 57 22 154 175 75 154 198 88 134 37 6 251 76 71 249 186 149 179 181 195 17 105 75 18 105 157 45 78 163 148 222 202 247 152 178 220 215 183 128 69 224 198 214 36 80 108 214 228 72 175 19 104 124 196 228]",0x09
356,58,"[122 121 120 119 118 117 116 115 114 113 112 111 110 109 108 107 106 105 104 103 102 101 100 99 98 97 96 95 94 93 92 91 90 89 88 87 86 85 84 83 82 81 80 79 78 77 76 75 74 73 72 71 70 69 68 67 66 65]",0x6D
357,889,"[59 131 174 59 131 174 59 131 174 59 131 174 59 131 174 59 131 174 59 131 174 59 131 174 59 131 174 59 131 174 59 131 174 59 131 174 59 131 174 59 131 174 59 131 174 59 131 174 59 131 174 59 131 174 59 131 174 59 131 174 59 131 174 59 131 174 59 131 174 59 131 174 59 131 174 59 131 174 59 131 174 59 131 174 59 131 174 59 131 174 59 131 174 59 131 174 59 131 174 59 131 174 59 131 174 59 131 174 59 131 174 59 131 174 59 131 174 59 131 174 59 131 174 59 131 174 59 131 174 59 131 174 59 131 174 59 131 174 59 131 174 59 131 174 59 131 174 59 131 174 59 131 174 59 131 174 59 131 174 59 131 174 59 131 174 59 131 174 59 131 174 59 131 174 59 131 174 59 131 174 59 131 174 59 131 174 59 131 174 59 131 174 59 131 174 59 131 174 59 131 174 59 131 174 59 131 174 59 131 174 59 131 174 59 131 174 59 131 174 59 131 174 59 131 174 59 131 174 59 131 174 59 131 174 59 131 174 59 131 174 59 131 174 59 131 174 59 131 174 59 131 174 59 131 174 59 131 174 59 131 174 59 131 174 59 131 174 59 131 174 59 131 174 59 131 174 59 131 174 59 131 174 59 131 174 59 131 174 59 131 174 59 131 174 59 131 174 59 131 174 59 131 174 59 131 174 59 131 174 59 131 174 59 131 174 59 131 174 59 131 174 59 131 174 59 131 174 59 131 174 59 131 174 59 131 174 59 131 174 59 131 174 59 131 174 59 131 174 59 131 174 59 131 174 59 131 174 59 131 174 59 131 174 59 131 174 59 131 174 59 131 174 59 131 174 59 131 174 59 131 174 59 131 174 59 131 174 59 131 174 59 131 174 59 131 174 59 131 174 59 131 174 59 131 174 59 131 174 59 131 174 59 131 174 59 131 174 59 131 174 59 131 174 59 131 174 59 131 174 59 131 174 59 131 174 59 131 174 59 131 174 59 131 174 59 131 174 59 131 174 59 131 174 59 131 174 59 131 174 59 131 174 59 131 174 59 131 174 59 131 174 59 131 174 59 131 174 59 131 174 59 131 174 59 131 174 59 131 174 59 131 174 59 131 174 59 131 174 59 131 174 59 131 174 59 131 174 59 131 174 59 131 174 59 131 174 59 131 174 59 131 174 59 131 174 59 131 174 59 131 174 59 131 174 59 131 174 59 131 174 59 131 174 59 131 174 59 131 174 59 131 174 59 131 174 59 131 174 59 131 174 59 131 174 59 131 174 59 131 174 59 131 174 59 131 174 59 131 174 59 131 174 59 131 174 59 131 174 59 131 174 59 131 174 59 131 174 59 131 174 59 131 174 59 131 174 59 131 174 59 131 174 59 131 174 59 131 174 59 131 174 59 131 174 59 131 174 59 131 174 59 131 174 59 131 174 59 131 174 59 131 174 59 131 174 59 131 174 59 131 174 59 131 174 59 131 174 59 131 174 59 131 174 59 131 174 59 131 174 59 131 174 59 131 174 59 131 174 59 131 174 59 131 174 59 131 174 59 131 174 59 131 174 59 131 174 59 131 174 59 131 174 59 131 174 59 131 174 59 131 174 59 131 174 59 131 174 59 131 174 59 131 174 59 131 174 59 131 174 59 131 174 59 131 174 59 131 174 59 131 174 59 131 174 59 131 174 59 131 174 59 131 174 59 131 174 59 131 174 59 131 174 59 131 174 59 131 174 59 131 174 59 131 174 59 131 174 59 131 174 59 131 174 59 131 174 59 131 174 59 131 174 59 131 174 59 131 174 59 131 174 59 131 174 59 131 174 59 131 174 59 131 174 59 131 174 59 131 174 59 131 174 59 131 174 59 131 174 59 131 174 59 131 174 59 131 174 59 131 174 59 131 174 59 131 174 59 131 174 59 131 174 59 131 174 59 131 174 59 131 174 59 131 174 59 131 174 59 131 174 59 131 174 59 131 174 59 131 174 59 131 174 59 131 174 59 131 174 59]",0x7A
358,9,"[245 246 247 248 249 250 251 252 253]",0x18
359,9,"[0 132 255 0 255 255 149 0 115]",0xA4
360,121,"[46 142 46 142 46 142 46 142 46 142 46 142 46 142 46 142 46 142 46 142 46 142 46 142 46 142 46 142 46 142 46 142 46 142 46 142 46 142 46 142 46 142 46 142 46 142 46 142 46 142 46 142 46 142 46 142 46 142 46 142 46 142 46 142 46 142 46 142 46 142 46 142 46 142 46 142 46 142 46 142 46 142 46 142 46 142 46 142 46 142 46 142 46 142 46 142 46 142 46 142 46 142 46 142 46 142 46 142 46 142 46 142 46 142 46 142 46 142 46 142 46]",0x9C
361,77,"[56 108 59 170 127 201 80 129 66 133 44 69 21 7 134 86 246 43 203 80 57 248 205 161 178 253 151 26 16 170 168 191 27 241 141 166 8 246 144 144 241 237 56 238 188 4 61 105 149 179 53 214 216 162 235 208 56 244 35 250 6 133 198 202 188 135 166 179 126 152 216 80 133 2 175 50 123]",0x60
362,13,"[108 108 108 108 108 108 108 108 108 108 108 108 108]",0xF9
363,96,"[228 188 44 120 253 164 32 117 119 205 234 21 80 76 254 143 225 109 185 73 233 116 205 65 177 103 8 105 140 38 47 119 87 112 117 35 46 217 41 170 107 247 16 212 125 1 67 104 80 92 234 92 107 194 203 21 180 123 34 67 11 92 65 97 148 187 154 173 221 223 220 39 64 128 91 33 73 249 88 107 1 184 105 26 247 199 185 245 104 183 52 178 3 32 108 3]",0x2D
364,58,"[19 20 21 22 23 24 25 26 27 28 29 30 31 32 33 34 35 36 37 38 39 40 41 42 43 44 45 46 47 48 49 50 51 52 53 54 55 56 57 58 59 60 61 62 63 64 65 66 67 68 69 70 71 72 73 74 75 76]",0xAC
365,7,"[12 11 10 9 8 7 6]",0x45
366,81,"[105 83 233 47 81 230 84 136 8 252 211 162 15 19 139 72 159 153 214 72 147 199 125 212 33 187 241 84 93 21 164 141 10 192 212 232 139 115 224 102 167 157 95 22 5 109 123 210 106 71 118 60 23 28 81 3 56 201 60 28 242 159 15 15 156 138 17 57 237 146 112 64 34 103 236 12 253 53 104 11 149]",0x89
367,71,"[74 75 76 77 78 79 80 81 82 83 84 85 86 87 88 89 90 91 92 93 94 95 96 97 98 99 100 101 102 103 104 105 106 107 108 109 110 111 112 113 114 115 116 117 118 119 120 121 122 123 124 125 126 127 128 129 130 131 132 133 134 135 136 137 138 139 140 141 142 143 144]",0xD3
368,123,"[15 16 17 18 19 20 21 22 23 24 25 26 27 28 29 30 31 32 33 34 35 36 37 38 39 40 41 42 43 44 45 46 47 48 49 50 51 52 53 54 55 56 57 58 59 60 61 62 63 64 65 66 67 68 69 70 71 72 73 74 75 76 77 78 79 80 81 82 83 84 85 86 87 88 89 90 91 92 93 94 95 96 97 98 99 100 101 102 103 104 105 106 107 108 109 110 111 112 113 114 115 116 117 118 119 120 121 122 123 124 125 126 127 128 129 130 131 132 133 134 135 136 137]",0xA8
369,82,"[239 240 241 242 243 244 245 246 247 248 249 250 251 252 253 254 255 0 1 2 3 4 5 6 7 8 9 10 11 12 13 14 15 16 17 18 19 20 21 22 23 24 25 26 27 28 29 30 31 32 33 34 35 36 37 38 39 40 41 42 43 44 45 46 47 48 49 50 51 52 53 54 55 56 57 58 59 60 61 62 63 64]",0x78
370,474,"[202 225 44 234 234 120 204 113 144 81 40 191 0 148 221 56 85 150 63 216 93 148 57 10 44 11 119 150 11 23 124 204 160 26 227 234 83 157 126 241 130 245 51 88 200 200 187 220 179 162 117 119 103 158 104 37 27 236 6 26 113 67 103 30 33 204 194 26 170 155 182 121 69 169 95 56 104 195 121 76 212 225 110 95 156 14 176 200 101 44 7 163 68 118 98 44 130 117 159 64 54 208 179 197 31 57 147 219 228 212 11 210 230 14 106 137 59 132 226 221 240 123 105 170 106 10 184 71 12 5 238 64 114 243 119 20 141 22 24 217 74 173 130 56 132 17 88 133 58 169 13 124 183 110 223 161 245 72 240 155 190 230 141 220 138 153 113 37 141 250 201 191 164 89 43 57 1 172 207 68 23 85 74 115 67 86 232 85 201 160 86 209 152 2 17 192 114 103 37 40 204 212 143 75 238 159 203 0 115 222 86 185 168 38 198 28 186 253 245 204 136 172 186 2 26 152 1 232 125 65 100 217 237 29 199 148 149 199 57 135 81 24 26 34 157 27 145 150 231 160 252 7 180 6 186 98 156 79 40 185 231 46 235 35 188 245 37 111 86 99 192 169 247 47 139 114 235 2 253 122 160 92 218 143 169 166 93 19 206 74 217 155 90 152 165 180 210 40 241 105 220 56 7 146 83 252 26 12 11 55 148 129 89 22 59 47 190 199 198 248 226 127 106 234 156 75 144 253 217 72 243 251 59 229 226 10 171 78 172 233 127 106 235 249 15 236 21 86 195 198 185 10 34 239 20 20 213 164 90 42 226 253 12 141 66 213 88 182 138 138 219 120 216 93 44 116 127 122 206 144 227 131 57 33 222 14 30 16 108 136 5 131 100 198 212 175 121 55 216 87 91 234 249 229 255 222 180 75 243 224 61 125 17 244 146 62 74 251 157 107 127 25 19 151 131 91 144 18 241 75 18 43 24 45 106 188 69 111 237 75 203 40 45 116 59 231 12 152 154 16 187 120 185 211 82 124 66 51 0 246 112 3 2 73 3 95 16 10 171 232 104 214 7 199]",0x6F
371,9,"[159 167 110 226 89 9 240 208 36]",0x85
372,69,"[177 191 177 191 177 191 177 191 177 191 177 191 177 191 177 191 177 191 177 191 177 191 177 191 177 191 177 191 177 191 177 191 177 191 177 191 177 191 177 191 177 191 177 191 177 191 177 191 177 191 177 191 177 191 177 191 177 191 177 191 177 191 177 191 177 191 177 191 177]",0xFC
373,553,"[255 0 0 106 41 255 255 255 255 255 0 255 33 139 255 255 0 255 50 255 0 255 214 78 170 69 255 211 99 205 173 255 255 255 23 255 0 148 0 255 255 0 255 255 89 255 0 255 57 0 0 255 0 195 255 0 0 255 0 0 0 255 131 255 0 0 0 255 0 255 0 255 0 48 0 0 0 0 203 255 255 255 60 255 0 0 255 255 0 255 255 0 0 131 255 0 65 209 0 0 60 255 255 178 57 0 112 196 125 255 255 205 0 0 199 255 255 0 255 255 255 169 0 0 255 0 255 0 10 255 0 42 255 255 234 0 255 0 131 0 255 0 255 12 255 0 255 0 54 255 255 0 55 255 137 255 209 255 176 0 255 0 255 0 183 19 255 0 255 0 0 81 0 255 92 0 255 255 64 216 255 152 153 0 31 255 255 0 168 70 255 255 255 255 0 0 0 255 123 0 0 255 0 0 255 0 255 162 255 0 0 255 255 248 255 230 255 0 255 0 27 202 0 255 79 0 87 255 0 149 255 255 157 255 0 255 0 1 0 0 0 0 0 163 0 255 21 255 125 0 199 0 216 0 0 0 212 255 0 153 120 0 255 153 0 93 255 191 0 232 130 11 0 0 255 0 190 255 255 94 34 255 0 0 236 0 0 0 255 189 78 242 9 255 255 0 0 112 255 255 121 148 255 0 255 120 255 0 226 0 0 0 0 204 65 0 0 255 0 0 41 0 255 255 255 216 255 0 255 255 0 139 255 135 0 168 201 255 0 255 0 0 255 0 151 58 122 0 255 0 255 255 0 136 0 6 0 0 5 255 0 255 0 0 255 255 255 124 255 0 110 255 0 0 238 255 255 255 0 0 247 59 0 0 0 176 255 0 255 255 0 255 255 0 0 0 160 255 99 255 0 0 48 255 0 144 39 118 0 0 255 211 255 255 0 255 255 41 255 255 26 255 108 255 255 166 255 0 0 221 0 0 133 166 0 0 0 37 0 0 0 255 255 188 255 182 0 224 255 0 4 255 0 36 255 220 0 144 0 0 0 86 0 255 215 235 0 0 0 0 0 153 213 0 255 0 0 160 0 181 255 0 122 0 0 0 156 0 0 0 0 255 255 0 31 255 0 0 255 255 255 255 0 221 255 0 133 0 0 0 136 0 0 199 3 49 0 0 0 255 199 0 0 102 180 255 0 141 0 3 4 255 0 168 29 0 255 255 0 239 209 255 244 255 0 255 255 0 255 255 0 255 0]",0x12
374,87,"[30 175 246 164 66 133 249 135 95 98 247 184 175 59 143 91 61 229 98 72 238 50 190 167 235 213 180 80 126 241 5 203 64 47 59 15 253 222 133 183 142 207 216 59 117 162 250 174 229 216 149 228 96 97 199 34 78 155 107 240 245 128 137 185 117 48 191 188 62 213 157 60 166 59 67 217 237 65 237 61 30 14 61 98 237 61 93]",0x32
375,372,"[110 109 108 107 106 105 104 103 102 101 100 99 98 97 96 95 94 93 92 91 90 89 88 87 86 85 84 83 82 81 80 79 78 77 76 75 74 73 72 71 70 69 68 67 66 65 64 63 62 61 60 59 58 57 56 55 54 53 52 51 50 49 48 47 46 45 44 43 42 41 40 39 38 37 36 35 34 33 32 31 30 29 28 27 26 25 24 23 22 21 20 19 18 17 16 15 14 13 12 11 10 9 8 7 6 5 4 3 2 1 0 255 254 253 252 251 250 249 248 247 246 245 244 243 242 241 240 239 238 237 236 235 234 233 232 231 230 229 228 227 226 225 224 223 222 221 220 219 218 217 216 215 214 213 212 211 210 209 208 207 206 205 204 203 202 201 200 199 198 197 196 195 194 193 192 191 190 189 188 187 186 185 184 183 182 181 180 179 178 177 176 175 174 173 172 171 170 169 168 167 166 165 164 163 162 161 160 159 158 157 156 155 154 153 152 151 150 149 148 147 146 145 144 143 142 141 140 139 138 137 136 135 134 133 132 131 130 129 128 127 126 125 124 123 122 121 120 119 118 117 116 115 114 113 112 111 110 109 108 107 106 105 104 103 102 101 100 99 98 97 96 95 94 93 92 91 90 89 88 87 86 85 84 83 82 81 80 79 78 77 76 75 74 73 72 71 70 69 68 67 66 65 64 63 62 61 60 59 58 57 56 55 54 53 52 51 50 49 48 47 46 45 44 43 42 41 40 39 38 37 36 35 34 33 32 31 30 29 28 27 26 25 24 23 22 21 20 19 18 17 16 15 14 13 12 11 10 9 8 7 6 5 4 3 2 1 0 255 254 253 252 251]",0x97
376,8,"[74 91 117 174 117 152 152 95]",0x86
377,961,"[18 19 20 21 22 23 24 25 26 27 28 29 30 31 32 33 34 35 36 37 38 39 40 41 42 43 44 45 46 47 48 49 50 51 52 53 54 55 56 57 58 59 60 61 62 63 64 65 66 67 68 69 70 71 72 73 74 75 76 77 78 79 80 81 82 83 84 85 86 87 88 89 90 91 92 93 94 95 96 97 98 99 100 101 102 103 104 105 106 107 108 109 110 111 112 113 114 115 116 117 118 119 120 121 122 123 124 125 126 127 128 129 130 131 132 133 134 135 136 137 138 139 140 141 142 143 144 145 146 147 148 149 150 151 152 153 154 155 156 157 158 159 160 161 162 163 164 165 166 167 168 169 170 171 172 173 174 175 176 177 178 179 180 181 182 183 184 185 186 187 188 189 190 191 192 193 194 195 196 197 198 199 200 201 202 203 204 205 206 207 208 209 210 211 212 213 214 215 216 217 218 219 220 221 222 223 224 225 226 227 228 229 230 231 232 233 234 235 236 237 238 239 240 241 242 243 244 245 246 247 248 249 250 251 252 253 254 255 0 1 2 3 4 5 6 7 8 9 10 11 12 13 14 15 16 17 18 19 20 21 22 23 24 25 26 27 28 29 30 31 32 33 34 35 36 37 38 39 40 41 42 43 44 45 46 47 48 49 50 51 52 53 54 55 56 57 58 59 60 61 62 63 64 65 66 67 68 69 70 71 72 73 74 75 76 77 78 79 80 81 82 83 84 85 86 87 88 89 90 91 92 93 94 95 96 97 98 99 100 101 102 103 104 105 106 107 108 109 110 111 112 113 114 115 116 117 118 119 120 121 122 123 124 125 126 127 128 129 130 131 132 133 134 135 136 137 138 139 140 141 142 143 144 145 146 147 148 149 150 151 152 153 154 155 156 157 158 159 160 161 162 163 164 165 166 167 168 169 170 171 172 173 174 175 176 177 178 179 180 181 182 183 184 185 186 187 188 189 190 191 192 193 194 195 196 197 198 199 200 201 202 203 204 205 206 207 208 209 210 211 212 213 214 215 216 217 218 219 220 221 222 223 224 225 226 227 228 229 230 231 232 233 234 235 236 237 238 239 240 241 242 243 244 245 246 247 248 249 250 251 252 253 254 255 0 1 2 3 4 5 6 7 8 9 10 11 12 13 14 15 16 17 18 19 20 21 22 23 24 25 26 27 28 29 30 31 32 33 34 35 36 37 38 39 40 41 42 43 44 45 46 47 48 49 50 51 52 53 54 55 56 57 58 59 60 61 62 63 64 65 66 67 68 69 70 71 72 73 74 75 76 77 78 79 80 81 82 83 84 85 86 87 88 89 90 91 92 93 94 95 96 97 98 99 100 101 102 103 104 105 106 107 108 109 110 111 112 113 114 115 116 117 118 119 120 121 122 123 124 125 126 127 128 129 130 131 132 133 134 135 136 137 138 139 140 141 142 143 144 145 146 147 148 149 150 151 152 153 154 155 156 157 158 159 160 161 162 163 164 165 166 167 168 169 170 171 172 173 174 175 176 177 178 179 180 181 182 183 184 185 186 187 188 189 190 191 192 193 194 195 196 197 198 199 200 201 202 203 204 205 206 207 208 209 210 211 212 213 214 215 216 217 218 219 220 221 222 223 224 225 226 227 228 229 230 231 232 233 234 235 236 237 238 239 240 241 242 243 244 245 246 247 248 249 250 251 252 253 254 255 0 1 2 3 4 5 6 7 8 9 10 11 12 13 14 15 16 17 18 19 20 21 22 23 24 25 26 27 28 29 30 31 32 33 34 35 36 37 38 39 40 41 42 43 44 45 46 47 48 49 50 51 52 53 54 55 56 57 58 59 60 61 62 63 64 65 66 67 68 69 70 71 72 73 74 75 76 77 78 79 80 81 82 83 84 85 86 87 88 89 90 91 92 93 94 95 96 97 98 99 100 101 102 103 104 105 106 107 108 109 110 111 112 113 114 115 116 117 118 119 120 121 122 123 124 125 126 127 128 129 130 131 132 133 134 135 136 137 138 139 140 141 142 143 144 145 146 147 148 149 150 151 152 153 154 155 156 157 158 159 160 161 162 163 164 165 166 167 168 169 170 171 172 173 174 175 176 177 178 179 180 181 182 183 184 185 186 187 188 189 190 191 192 193 194 195 196 197 198 199 200 201 202 203 204 205 206 207 208 209 210]",0xD8
378,27,"[48 180 48 180 48 180 48 180 48 180 48 180 48 180 48 180 48 180 48 180 48 180 48 180 48 180 48]",0x03
379,10,"[169 170 171 172 173 174 175 176 177 178]",0x06
380,324,"[21 22 23 24 25 26 27 28 29 30 31 32 33 34 35 36 37 38 39 40 41 42 43 44 45 46 47 48 49 50 51 52 53 54 55 56 57 58 59 60 61 62 63 64 65 66 67 68 69 70 71 72 73 74 75 76 77 78 79 80 81 82 83 84 85 86 87 88 89 90 91 92 93 94 95 96 97 98 99 100 101 102 103 104 105 106 107 108 109 110 111 112 113 114 115 116 117 118 119 161 162 163 164 165 166 167 168 169 170 171 172 173 174 175 176 177 178 179 180 181 182 183 184 185 186 187 188 189 190 191 192 193 194 195 196 197 198 199 200 201 202 203 204 205 206 207 208 209 210 211 212 213 214 215 216 217 218 219 220 221 222 223 224 225 226 227 228 229 230 231 232 233 234 235 236 237 238 239 240 241 242 243 244 245 246 247 248 249 250 251 252 253 254 255 0 1 2 3 4 202 84 247 12 16 179 227 203 125 69 3 130 121 88 147 186 179 67 149 31 32 33 34 35 36 37 38 39 40 41 42 43 44 45 46 47 48 49 50 51 52 53 54 55 56 57 58 59 60 61 62 63 64 65 66 67 68 69 70 71 72 73 74 75 76 77 78 79 80 81 82 83 84 85 86 87 88 89 90 91 92 93 94 95 96 97 98 99 100 101 102 103 104 105 106 107 108 109 110 111 112 113 114 115 116 177 196 39 234 34 222 90 26 73 46 125 243 83 156 228 161 92 253 47 133]",0x50
381,101,"[141 140 139 138 137 136 135 134 133 132 131 130 129 128 127 126 125 124 123 122 121 120 119 118 117 116 115 114 113 112 111 110 109 108 107 106 105 104 103 102 101 100 99 98 97 96 95 94 93 92 91 90 89 88 87 86 85 84 83 82 81 80 79 78 77 76 75 74 73 72 71 70 69 68 67 66 65 64 63 62 61 60 59 58 57 56 55 54 53 52 51 50 49 48 47 46 45 44 43 42 41]",0x2C
382,3,"[221 192 36]",0xFF
383,6,"[212 213 214 215 216 217]",0x1A
384,14,"[248 203 248 203 248 203 248 203 248 203 248 203 248 203]",0xCA
385,9,"[93 88 93 88 93 88 93 88 93]",0x76
386,58,"[171 170 169 168 167 166 165 164 163 162 161 160 159 158 157 156 155 154 153 152 151 150 149 148 147 146 145 144 143 142 141 140 139 138 137 136 135 134 133 132 131 130 129 128 127 126 125 124 123 122 121 120 119 118 117 116 115 114]",0x67
387,3,"[0 0 0]",0x00
388,84,"[180 32 165 38 180 32 165 38 180 32 165 38 180 32 165 38 180 32 165 38 180 32 165 38 180 32 165 38 180 32 165 38 180 32 165 38 180 32 165 38 180 32 165 38 180 32 165 38 180 32 165 38 180 32 165 38 180 32 165 38 180 32 165 38 180 32 165 38 180 32 165 38 180 32 165 38 180 32 165 38 180 32 165 38]",0x09
389,229,"[145 12 145 12 145 12 145 12 145 12 145 12 145 12 145 12 145 12 145 12 145 12 145 12 145 12 145 12 145 12 145 12 145 12 145 12 145 12 145 12 145 12 145 12 145 12 145 12 145 12 145 12 145 12 145 12 145 12 145 12 145 12 145 12 145 12 145 12 145 12 145 12 145 12 145 12 145 12 145 12 145 12 145 12 145 12 145 12 145 12 145 12 145 12 145 12 145 12 145 12 145 12 145 12 145 12 145 12 145 12 145 12 145 12 145 12 145 12 145 12 145 12 145 12 145 12 145 12 145 12 145 12 145 12 145 12 145 12 145 12 145 12 145 12 145 12 145 12 145 12 145 12 145 12 145 12 145 12 145 12 145 12 145 12 145 12 145 12 145 12 145 12 145 12 145 12 145 12 145 12 145 12 145 12 145 12 145 12 145 12 145 12 145 12 145 12 145 12 145 12 145 12 145 12 145 12 145 12 145 12 145 12 145 12 145 12 145 12 145 12 145 12 145 12 145 12 145 12 145]",0xF7
390,4,"[219 47 219 47]",0x47
391,53,"[65 197 129 65 197 129 65 197 129 65 197 129 65 197 129 65 197 129 65 197 129 65 197 129 65 197 129 65 197 129 65 197 129 65 197 129 65 197 129 65 197 129 65 197 129 65 197 129 65 197 129 65 197]",0x1E
392,7,"[84 85 86 87 88 89 90]",0x64
393,3,"[51 147 51]",0xF0
394,871,"[176 175 174 173 172 171 170 169 168 167 166 165 164 163 162 161 160 159 158 157 156 155 154 153 152 151 150 149 148 147 146 145 144 143 142 141 140 139 138 137 136 135 134 133 132 131 130 129 128 127 126 125 124 123 122 121 120 119 118 117 116 115 114 113 112 111 110 109 108 107 106 105 104 103 102 101 100 99 98 97 96 95 94 93 92 91 90 89 88 87 86 85 84 83 82 81 80 79 78 77 76 75 74 73 72 71 70 69 68 67 66 65 64 63 62 61 60 59 58 57 56 55 54 53 52 51 50 49 48 47 46 45 44 43 42 41 40 39 38 37 36 35 34 33 32 31 30 29 28 27 26 25 24 23 22 21 20 19 18 17 16 15 14 13 12 11 10 9 8 7 6 5 4 3 2 1 0 255 254 253 252 251 250 249 248 247 246 245 244 243 242 241 240 239 238 237 236 235 234 233 232 231 230 229 228 227 226 225 224 223 222 221 220 219 218 217 216 215 214 213 212 211 210 209 208 207 206 205 204 203 202 201 200 199 198 197 196 195 194 193 192 191 190 189 188 187 186 185 184 183 182 181 180 179 178 177 176 175 174 173 172 171 170 169 168 167 166 165 164 163 162 161 160 159 158 157 156 155 154 153 152 151 150 149 148 147 146 145 144 143 142 141 140 139 138 137 136 135 134 133 132 131 130 129 128 127 126 125 124 123 122 121 120 119 118 117 116 115 114 113 112 111 110 109 108 107 106 105 104 103 102 101 100 99 98 97 96 95 94 93 92 91 90 89 88 87 86 85 84 83 82 81 80 79 78 77 76 75 74 73 72 71 70 69 68 67 66 65 64 63 62 61 60 59 58 57 56 55 54 53 52 51 50 49 48 47 46 45 44 43 42 41 40 39 38 37 36 35 34 33 32 31 30 29 28 27 26 25 24 23 22 21 20 19 18 17 16 15 14 13 12 11 10 9 8 7 6 5 4 3 2 1 0 255 254 253 252 251 250 249 248 247 246 245 244 243 242 241 240 239 238 237 236 235 234 233 232 231 230 229 228 227 226 225 224 223 222 221 220 219 218 217 216 215 214 213 212 211 210 209 208 207 206 205 204 203 202 201 200 199 198 197 196 195 194 193 192 191 190 189 188 187 186 185 184 183 182 181 180 179 178 177 176 175 174 173 172 171 170 169 168 167 166 165 164 163 162 161 160 159 158 157 156 155 154 153 152 151 150 149 148 147 146 145 144 143 142 141 140 139 138 137 136 135 134 133 132 131 130 129 128 127 126 125 124 123 122 121 120 119 118 117 116 115 114 113 112 111 110 109 108 107 106 105 104 103 102 101 100 99 98 97 96 95 94 93 92 91 90 89 88 87 86 85 84 83 82 81 80 79 78 77 76 75 74 73 72 71 70 69 68 67 66 65 64 63 62 61 60 59 58 57 56 55 54 53 52 51 50 49 48 47 46 45 44 43 42 41 40 39 38 37 36 35 34 33 32 31 30 29 28 27 26 25 24 23 22 21 20 19 18 17 16 15 14 13 12 11 10 9 8 7 6 5 4 3 2 1 0 255 254 253 252 251 250 249 248 247 246 245 244 243 242 241 240 239 238 237 236 235 234 233 232 231 230 229 228 227 226 225 224 223 222 221 220 219 218 217 216 215 214 213 212 211 210 209 208 207 206 205 204 203 202 201 200 199 198 197 196 195 194 193 192 191 190 189 188 187 186 185 184 183 182 181 180 179 178 177 176 175 174 173 172 171 170 169 168 167 166 165 164 163 162 161 160 159 158 157 156 155 154 153 152 151 150 149 148 147 146 145 144 143 142 141 140 139 138 137 136 135 134 133 132 131 130 129 128 127 126 125 124 123 122 121 120 119 118 117 116 115 114 113 112 111 110 109 108 107 106 105 104 103 102 101 100 99 98 97 96 95 94 93 92 91 90 89 88 87 86 85 84 83 82 81 80 79 78 77 76 75 74]",0x4E
395,987,"[32 124 32 124 32 124 32 124 32 124 32 124 32 124 32 124 32 124 32 124 32 124 32 124 32 124 32 124 32 124 32 124 32 124 32 124 32 124 32 124 32 124 32 124 32 124 32 124 32 124 32 124 32 124 32 124 32 124 32 124 32 124 32 124 32 124 32 124 32 124 32 124 32 124 32 124 32 124 32 124 32 124 32 124 32 124 32 124 32 124 32 124 32 124 32 124 32 124 32 124 32 124 32 124 32 124 32 124 32 124 32 124 32 124 32 124 32 124 32 124 32 124 32 124 32 124 32 124 32 124 32 124 32 124 32 124 32 124 32 124 32 124 32 124 32 124 32 124 32 124 32 124 32 124 32 124 32 124 32 124 32 124 32 124 32 124 32 124 32 124 32 124 32 124 32 124 32 124 32 124 32 124 32 124 32 124 32 124 32 124 32 124 32 124 32 124 32 124 32 124 32 124 32 124 32 124 32 124 32 124 32 124 32 124 32 124 32 124 32 124 32 124 32 124 32 124 32 124 32 124 32 124 32 124 32 124 32 124 32 124 32 124 32 124 32 124 32 124 32 124 32 124 32 124 32 124 32 124 32 124 32 124 32 124 32 124 32 124 32 124 32 124 32 124 32 124 32 124 32 124 32 124 32 124 32 124 32 124 32 124 32 124 32 124 32 124 32 124 32 124 32 124 32 124 32 124 32 124 32 124 32 124 32 124 32 124 32 124 32 124 32 124 32 124 32 124 32 124 32 124 32 124 32 124 32 124 32 124 32 124 32 124 32 124 32 124 32 124 32 124 32 124 32 124 32 124 32 124 32 124 32 124 32 124 32 124 32 124 32 124 32 124 32 124 32 124 32 124 32 124 32 124 32 124 32 124 32 124 32 124 32 124 32 124 32 124 32 124 32 124 32 124 32 124 32 124 32 124 32 124 32 124 32 124 32 124 32 124 32 124 32 124 32 124 32 124 32 124 32 124 32 124 32 124 32 124 32 124 32 124 32 124 32 124 32 124 32 124 32 124 32 124 32 124 32 124 32 124 32 124 32 124 32 124 32 124 32 124 32 124 32 124 32 124 32 124 32 124 32 124 32 124 32 124 32 124 32 124 32 124 32 124 32 124 32 124 32 124 32 124 32 124 32 124 32 124 32 124 32 124 32 124 32 124 32 124 32 124 32 124 32 124 32 124 32 124 32 124 32 124 32 124 32 124 32 124 32 124 32 124 32 124 32 124 32 124 32 124 32 124 32 124 32 124 32 124 32 124 32 124 32 124 32 124 32 124 32 124 32 124 32 124 32 124 32 124 32 124 32 124 32 124 32 124 32 124 32 124 32 124 32 124 32 124 32 124 32 124 32 124 32 124 32 124 32 124 32 124 32 124 32 124 32 124 32 124 32 124 32 124 32 124 32 124 32 124 32 124 32 124 32 124 32 124 32 124 32 124 32 124 32 124 32 124 32 124 32 124 32 124 32 124 32 124 32 124 32 124 32 124 32 124 32 124 32 124 32 124 32 124 32 124 32 124 32 124 32 124 32 124 32 124 32 124 32 124 32 124 32 124 32 124 32 124 32 124 32 124 32 124 32 124 32 124 32 124 32 124 32 124 32 124 32 124 32 124 32 124 32 124 32 124 32 124 32 124 32 124 32 124 32 124 32 124 32 124 32 124 32 124 32 124 32 124 32 124 32 124 32 124 32 124 32 124 32 124 32 124 32 124 32 124 32 124 32 124 32 124 32 124 32 124 32 124 32 124 32 124 32 124 32 124 32 124 32 124 32 124 32 124 32 124 32 124 32 124 32 124 32 124 32 124 32 124 32 124 32 124 32 124 32 124 32 124 32 124 32 124 32 124 32 124 32 124 32 124 32 124 32 124 32 124 32 124 32 124 32 124 32 124 32 124 32 124 32 124 32 124 32 124 32 124 32 124 32 124 32 124 32 124 32 124 32 124 32 124 32 124 32 124 32 124 32 124 32 124 32 124 32 124 32 124 32 124 32 124 32 124 32 124 32 124 32 124 32 124 32 124 32 124 32 124 32 124 32 124 32 124 32 124 32 124 32 124 32 124 32 124 32 124 32 124 32 124 32 124 32 124 32 124 32 124 32 124 32 124 32 124 32 124 32 124 32 124 32 124 32 124 32 124 32 124 32 124 32 124 32 124 32 124 32 124 32 124 32 124 32 124 32 124 32 124 32 124 32 124 32 124 32 124 32 124 32 124 32 124 32]",0xDC
396,3,"[245 246 245]",0xC0
397,451,"[233 0 255 0 0 73 255 255 255 255 255 0 122 255 0 69 255 255 255 0 83 255 0 255 255 255 0 0 0 27 1 255 36 0 255 0 0 255 255 145 166 0 248 0 0 170 255 255 255 0 255 0 160 0 0 255 0 0 238 255 255 0 229 255 0 0 252 255 57 0 255 0 22 0 255 255 0 255 0 0 0 247 255 255 0 19 255 41 255 255 195 0 0 0 0 0 255 255 255 41 0 0 28 197 0 0 255 0 22 255 255 119 255 171 0 66 255 255 255 0 255 0 0 1 207 160 0 225 255 230 255 23 85 255 255 0 0 77 0 15 97 255 255 167 195 0 255 91 0 0 236 2 189 0 244 0 255 58 255 248 55 12 153 245 0 255 246 0 0 255 255 0 0 119 255 165 0 0 24 255 43 0 0 0 0 149 50 106 255 254 37 0 255 255 255 0 253 255 255 255 255 0 0 180 109 0 255 0 0 255 0 236 139 0 224 0 255 157 0 205 0 0 255 206 255 255 76 0 0 255 255 255 0 255 255 255 255 195 0 0 0 65 0 255 0 115 255 169 138 0 255 255 0 255 157 207 98 0 252 116 0 255 255 255 74 255 63 255 0 173 255 255 0 0 246 133 141 255 0 0 0 108 255 0 94 129 255 0 0 214 69 0 255 255 194 255 197 255 255 145 232 255 255 255 0 0 255 0 255 0 4 255 118 255 83 255 255 0 30 255 255 0 255 0 234 109 255 227 207 255 224 130 0 0 230 14 255 0 33 255 213 192 255 0 255 91 255 255 0 0 237 255 84 255 0 163 0 0 0 255 0 0 255 0 129 0 250 0 0 255 0 255 255 0 116 0 255 0 0 255 255 43 255 255 0 255 255 12 0 255 0 0 0 255 0 255 0 0 0 0 255 122 0 0 0 23 219 221 0 0 255 0 0 0 131 0 82 244 255 0 34 170 255 0 0 94 0 143 255 168 144 104 255 0 0 255 13 32 255 45 0 69 255 255 118 0 71 80 0 0 0]",0xCF
398,56,"[19 137 19 137 19 137 19 137 19 137 19 137 19 137 19 137 19 137 19 137 19 137 19 137 19 137 19 137 19 137 19 137 19 137 19 137 19 137 19 137 19 137 19 137 19 137 19 137 19 137 19 137 19 137 19 137]",0x87
399,617,"[132 83 83 161 11 150 185 91 55 54 20 22 42 4 68 78 254 253 47 54 125 38 129 102 83 210 211 252 57 227 137 151 229 241 186 89 125 157 212 168 93 106 12 236 22 148 223 107 204 205 15 105 176 108 139 152 38 105 7 38 131 146 37 193 95 235 99 38 194 145 98 91 38 87 7 128 229 203 7 225 115 48 192 82 64 41 124 23 201 120 114 0 209 126 112 194 16 93 147 117 46 76 76 253 83 52 210 107 113 140 152 151 8 209 49 74 44 196 149 193 167 26 77 129 78 53 222 191 88 195 160 0 97 74 55 64 241 124 217 54 44 227 126 229 16 234 106 39 174 204 12 252 178 82 38 100 56 126 200 168 111 30 245 69 71 165 197 251 248 233 111 42 149 4 50 0 46 121 100 94 212 172 239 114 69 31 172 215 47 224 134 36 164 133 7 102 200 142 72 237 60 64 90 229 129 174 249 200 44 201 191 59 83 181 61 53 180 225 19 114 155 173 255 174 158 253 15 19 143 91 24 78 172 225 24 138 75 170 140 237 9 120 49 137 218 233 101 207 71 1 218 30 4 90 97 19 208 103 125 67 130 196 231 248 109 253 75 1 196 45 13 236 202 26 198 216 231 139 180 195 176 165 140 122 255 86 22 195 54 136 24 158 241 185 54 248 78 111 127 253 17 178 92 20 239 151 192 61 194 212 110 146 248 216 113 170 200 6 150 252 242 213 27 254 156 57 172 219 28 234 235 3 230 242 9 75 95 89 194 91 244 254 81 130 142 148 95 42 13 27 230 71 19 159 19 17 159 151 10 117 111 139 188 72 110 202 236 228 122 133 135 222 215 79 41 97 73 243 68 46 230 66 112 152 83 127 50 147 104 217 106 113 151 31 40 202 69 175 24 210 252 95 129 113 228 2 167 167 97 56 61 204 16 144 78 67 129 229 158 201 153 178 110 237 128 141 134 80 59 18 183 74 99 235 145 24 204 65 141 130 60 29 54 24 70 255 102 221 140 170 40 70 130 225 10 129 13 116 160 190 35 42 120 255 91 109 110 20 198 64 180 121 156 13 227 62 171 204 138 86 250 71 242 39 99 35 0 66 22 252 194 0 57 171 102 212 129 167 152 163 58 95 12 150 117 194 52 111 46 157 217 195 241 248 197 73 56 114 254 105 50 241 98 176 201 215 210 214 170 103 170 214 89 75 87 141 13 199 35 34 50 147 73 94 238 216 218 147 221 199 244 16 7 44 237 155 109 131 212 237 186 194 82 119 226 201 175 16 10 33 148 137 241 177 75 41 217 117 167 144 27 14 96 92 172 161 248 219 127 128 172 29 255 132 232 247 148 26 146 152 202 12 119 236 253 48 222 37 215 70 245 178 102 71 60 174 229]",0xB0
400,852,"[193 255 255 0 255 255 0 0 0 0 255 0 255 255 10 0 0 255 0 39 255 255 255 61 0 180 255 255 255 255 0 209 255 0 0 0 255 255 41 255 255 255 255 0 0 25 0 255 213 255 255 255 231 0 186 71 148 255 255 255 0 0 79 103 0 255 255 255 255 0 255 255 119 0 37 0 255 0 0 255 0 255 255 0 255 189 0 216 0 184 255 0 255 127 255 255 64 255 0 89 255 0 255 255 255 255 255 207 255 207 255 0 0 0 0 0 181 0 255 0 0 255 105 254 186 86 255 255 101 255 0 0 0 223 0 5 0 0 0 0 255 255 0 255 129 0 255 0 0 0 255 255 0 177 255 202 0 255 255 255 255 160 0 226 0 255 0 255 100 255 0 222 121 255 0 255 34 255 171 0 255 255 0 255 0 255 14 255 0 32 6 0 0 91 255 158 31 0 131 0 0 0 0 255 255 0 86 255 0 3 0 255 255 22 32 255 0 0 255 0 0 255 191 255 0 255 255 255 84 0 121 0 255 122 255 0 255 212 255 0 255 198 166 126 255 87 70 174 255 228 13 255 78 0 255 0 39 92 0 0 144 255 255 0 255 0 255 162 255 255 255 255 75 153 0 80 0 255 255 0 2 255 255 65 0 0 197 255 255 0 119 0 255 10 255 255 255 255 255 255 255 255 222 178 0 255 255 228 144 0 0 255 255 255 0 255 255 0 255 255 255 255 255 130 255 229 0 60 166 0 255 0 20 255 0 0 255 255 0 0 51 255 247 0 0 255 0 255 255 254 106 120 0 0 255 147 0 255 102 255 0 175 0 0 7 0 203 112 218 255 249 198 107 54 201 217 255 0 255 0 255 0 67 0 20 138 0 255 255 0 255 0 0 0 114 98 255 0 255 255 0 255 175 0 255 93 17 255 0 115 255 0 0 255 0 255 0 255 0 0 222 255 255 0 220 187 0 0 255 0 0 255 0 255 255 0 255 0 255 93 0 255 255 51 243 0 179 0 0 176 145 255 255 255 163 255 255 0 203 22 152 255 0 255 71 204 0 255 255 255 0 195 255 0 0 255 81 0 110 255 0 255 255 0 0 0 255 0 0 209 164 255 0 20 255 233 145 0 255 0 0 0 0 255 255 0 238 0 0 170 0 0 1 42 10 255 0 0 255 0 255 143 206 0 0 255 0 111 255 0 255 255 108 255 0 151 0 0 255 255 15 0 0 0 0 0 255 255 255 255 255 0 255 109 186 255 0 121 213 33 0 60 0 0 0 178 116 232 25 57 0 255 255 0 255 0 223 255 255 0 0 255 241 3 69 208 0 0 227 0 255 141 255 255 0 255 255 197 255 0 255 39 179 118 132 0 0 255 248 255 0 255 255 255 175 242 211 28 64 0 0 196 255 101 255 89 78 0 255 0 255 185 151 0 255 214 255 255 0 250 0 255 255 255 88 0 25 255 255 255 255 255 255 0 0 255 16 255 255 255 0 255 255 0 0 0 255 41 0 0 0 0 0 0 0 255 255 255 221 0 255 45 255 255 0 220 255 0 0 88 0 0 255 255 0 0 0 0 255 0 142 145 255 120 0 17 255 255 89 255 255 0 136 255 0 18 0 255 255 255 255 21 255 197 255 0 0 0 255 94 255 0 0 157 0 164 191 0 0 255 0 0 178 0 130 255 149 255 136 0 0 255 255 0 255 0 160 182 51 121 173 255 0 0 1 162 0 255 86 0 255 127 46 255 0 0 255 0 255 255 89 136 255 0 0 0 0 0 102 0 122 0 255 0 0 100 247 244 255 255 0 53 172 0 255 187 21 0 0 255 0 255 0 36 255 255 0 0 89 0 164 255 0 0 0 0 255 255 0 147 255 255 255 108 0 0 0 0 0 199 255 255 0 0 155 0 0 117 255 0 255 0]",0x4F
401,810,"[222 223 224 225 226 227 228 229 230 231 232 233 234 235 236 237 238 239 240 241 242 243 244 245 246 247 248 249 250 251 252 253 254 255 0 1 2 3 4 5 6 7 8 9 10 11 12 13 14 15 16 17 18 19 20 21 22 23 24 25 26 27 28 29 30 31 32 33 34 35 36 37 38 39 40 41 42 43 44 45 46 47 48 49 50 51 52 53 54 55 56 57 58 59 60 61 62 63 64 65 66 67 68 69 70 71 72 73 74 75 76 77 78 79 80 81 82 83 84 85 86 87 88 89 90 91 92 93 94 95 96 97 98 99 100 101 102 103 104 105 106 107 108 109 110 111 112 113 114 115 116 117 118 119 120 121 122 123 124 125 126 127 128 129 130 131 132 133 134 135 136 137 138 139 140 141 142 143 144 145 146 147 148 149 150 151 152 153 154 155 156 157 158 159 160 161 162 163 164 165 166 167 168 169 170 171 172 173 174 175 176 177 178 179 180 181 182 183 184 185 186 187 188 189 190 191 192 193 194 195 196 197 198 199 200 201 202 203 204 205 206 207 208 209 210 211 212 213 214 215 216 217 218 219 220 221 222 223 224 225 226 227 228 229 230 231 232 233 234 235 236 237 238 239 240 241 242 243 244 245 246 247 248 249 250 251 252 253 254 255 0 1 2 3 4 5 6 7 8 9 10 11 12 13 14 15 16 17 18 19 20 21 22 23 24 25 26 27 28 29 30 31 32 33 34 35 36 37 38 39 40 41 42 43 44 45 46 47 48 49 50 51 52 53 54 55 56 57 58 59 60 61 62 63 64 65 66 67 68 69 70 71 72 73 74 75 76 77 78 79 80 81 82 83 84 85 86 87 88 89 90 91 92 93 94 95 96 97 98 99 100 101 102 103 104 105 106 107 108 109 110 111 112 113 114 115 116 117 118 119 120 121 122 123 124 125 126 127 128 129 130 131 132 133 134 135 136 137 138 139 140 141 142 143 144 145 146 147 148 149 150 151 152 153 154 155 156 157 158 159 160 161 162 163 164 165 166 167 168 169 170 171 172 173 174 175 176 177 178 179 180 181 182 183 184 185 186 187 188 189 190 191 192 193 194 195 196 197 198 199 200 201 202 203 204 205 206 207 208 209 210 211 212 213 214 215 216 217 218 219 220 221 222 223 224 225 226 227 228 229 230 231 232 233 234 235 236 237 238 239 240 241 242 243 244 245 246 247 248 249 250 251 252 253 254 255 0 1 2 3 4 5 6 7 8 9 10 11 12 13 14 15 16 17 18 19 20 21 22 23 24 25 26 27 28 29 30 31 32 33 34 35 36 37 38 39 40 41 42 43 44 45 46 47 48 49 50 51 52 53 54 55 56 57 58 59 60 61 62 63 64 65 66 67 68 69 70 71 72 73 74 75 76 77 78 79 80 81 82 83 84 85 86 87 88 89 90 91 92 93 94 95 96 97 98 99 100 101 102 103 104 105 106 107 108 109 110 111 112 113 114 115 116 117 118 119 120 121 122 123 124 125 126 127 128 129 130 131 132 133 134 135 136 137 138 139 140 141 142 143 144 145 146 147 148 149 150 151 152 153 154 155 156 157 158 159 160 161 162 163 164 165 166 167 168 169 170 171 172 173 174 175 176 177 178 179 180 181 182 183 184 185 186 187 188 189 190 191 192 193 194 195 196 197 198 199 200 201 202 203 204 205 206 207 208 209 210 211 212 213 214 215 216 217 218 219 220 221 222 223 224 225 226 227 228 229 230 231 232 233 234 235 236 237 238 239 240 241 242 243 244 245 246 247 248 249 250 251 252 253 254 255 0 1 2 3 4 5 6 7]",0xD6
402,28,"[70 69 68 67 66 65 64 63 62 61 60 59 58 57 56 55 54 53 52 51 50 49 48 47 46 45 44 43]",0x4D
403,1,"0",0x00
404,8,"[51 52 53 54 55 56 57 58]",0xAD
405,776,"[70 71 72 73 74 75 76 77 78 79 80 81 82 83 84 85 86 87 88 89 90 91 92 93 94 95 96 97 98 99 100 101 102 103 104 105 106 107 108 109 110 111 112 113 114 115 116 117 118 119 120 121 122 123 124 125 126 127 128 129 130 131 132 133 134 135 136 137 138 139 140 141 142 143 144 145 146 147 148 149 150 151 152 153 154 155 156 157 158 159 160 161 162 163 164 165 166 167 168 169 170 171 172 173 174 175 176 177 178 179 180 181 182 183 184 185 186 187 188 189 190 191 192 193 194 195 196 197 198 199 200 201 202 203 204 205 206 207 208 209 210 211 212 213 214 215 216 217 218 219 220 221 222 223 224 225 226 227 228 229 230 231 232 233 234 235 236 237 238 239 240 241 242 243 244 245 246 247 248 249 250 251 252 253 254 255 0 1 2 3 4 5 6 7 8 9 10 11 12 13 14 15 16 17 18 19 20 21 22 23 24 25 26 27 28 29 30 31 32 33 34 35 36 37 38 39 40 41 42 43 44 45 46 47 48 49 50 51 52 53 54 55 56 57 58 59 60 61 62 63 64 65 66 67 68 69 70 71 72 73 74 75 76 77 78 79 80 81 82 83 84 85 86 87 88 89 90 91 92 93 94 95 96 97 98 99 100 101 102 103 104 105 106 107 108 109 110 111 112 113 114 115 116 117 118 119 120 121 122 123 124 125 126 127 128 129 130 131 132 133 134 135 136 137 138 139 140 141 142 143 144 145 146 147 148 149 150 151 152 153 154 155 156 157 158 159 160 161 162 163 164 165 166 167 168 169 170 171 172 173 174 175 176 177 178 179 180 181 182 183 184 185 186 187 188 189 190 191 192 193 194 195 196 197 198 199 200 201 202 203 204 205 206 207 208 209 210 211 212 213 214 215 216 217 218 219 220 221 222 223 224 225 226 227 228 229 230 231 232 233 234 235 236 237 238 239 240 241 242 243 244 245 246 247 248 249 250 251 252 253 254 255 0 1 2 3 4 5 6 7 8 9 10 11 12 13 14 15 16 17 18 19 20 21 22 23 24 25 26 27 28 29 30 31 32 33 34 35 36 37 38 39 40 41 42 43 44 45 46 47 48 49 50 51 52 53 54 55 56 57 58 59 60 61 62 63 64 65 66 67 68 69 70 71 72 73 74 75 76 77 78 79 80 81 82 83 84 85 86 87 88 89 90 91 92 93 94 95 96 97 98 99 100 101 102 103 104 105 106 107 108 109 110 111 112 113 114 115 116 117 118 119 120 121 122 123 124 125 126 127 128 129 130 131 132 133 134 135 136 137 138 139 140 141 142 143 144 145 146 147 148 149 150 151 152 153 154 155 156 157 158 159 160 161 162 163 164 165 166 167 168 169 170 171 172 173 174 175 176 177 178 179 180 181 182 183 184 185 186 187 188 189 190 191 192 193 194 195 196 197 198 199 200 201 202 203 204 205 206 207 208 209 210 211 212 213 214 215 216 217 218 219 220 221 222 223 224 225 226 227 228 229 230 231 232 233 234 235 236 237 238 239 240 241 242 243 244 245 246 247 248 249 250 251 252 253 254 255 0 1 2 3 4 5 6 7 8 9 10 11 12 13 14 15 16 17 18 19 20 21 22 23 24 25 26 27 28 29 30 31 32 33 34 35 36 37 38 39 40 41 42 43 44 45 46 47 48 49 50 51 52 53 54 55 56 57 58 59 60 61 62 63 64 65 66 67 68 69 70 71 72 73 74 75 76 77]",0x28
406,95,"[68 72 161 166 52 55 237 193 239 212 102 31 161 90 108 109 239 17 49 155 226 234 143 8 92 235 127 186 68 6 148 213 253 216 141 155 210 5 243 135 243 195 38 42 90 67 112 154 111 14 249 108 217 18 207 44 173 169 232 82 27 221 84 59 124 37 76 98 70 115 98 198 235 25 210 238 175 255 85 212 172 82 180 130 48 44 182 182 135 128 46 109 223 218 169]",0x8F
407,904,"[102 103 104 105 106 107 108 109 110 111 112 113 114 115 116 117 118 119 120 121 122 123 124 125 126 127 128 129 130 131 132 133 134 135 136 137 138 139 140 141 142 143 144 145 146 147 148 149 150 151 152 153 154 155 156 157 158 159 160 161 162 163 164 165 166 167 168 169 170 171 172 173 174 175 176 177 178 179 180 181 182 183 184 185 186 187 188 189 190 191 192 193 194 195 196 197 198 199 200 201 202 203 204 205 206 207 208 209 210 211 212 213 214 215 216 217 218 219 220 221 222 223 224 225 226 227 228 229 230 231 232 233 234 235 236 237 238 239 240 241 242 243 244 245 246 247 248 249 250 251 252 253 254 255 0 1 2 3 4 5 6 7 8 9 10 11 12 13 14 15 16 17 18 19 20 21 22 23 24 25 26 27 28 29 30 31 32 33 34 35 36 37 38 39 40 41 42 43 44 45 46 47 48 49 50 51 52 53 54 55 56 57 58 59 60 61 62 63 64 65 66 67 68 69 70 71 72 73 74 75 76 77 78 79 80 81 82 83 84 85 86 87 88 89 90 91 92 93 94 95 96 97 98 99 100 101 102 103 104 105 106 107 108 109 110 111 112 113 114 115 116 117 118 119 120 121 122 123 124 125 126 127 128 129 130 131 132 133 134 135 136 137 138 139 140 141 142 143 144 145 146 147 148 149 150 151 152 153 154 155 156 157 158 159 160 161 162 163 164 165 166 167 168 169 170 171 172 173 174 175 176 177 178 179 180 181 182 183 184 185 186 187 188 189 190 191 192 193 194 195 196 197 198 199 200 201 202 203 204 205 206 207 208 209 210 211 212 213 214 215 216 217 218 219 220 221 222 223 224 225 226 227 228 229 230 231 232 233 234 235 236 237 238 239 240 241 242 243 244 245 246 247 248 249 250 251 252 253 254 255 0 1 2 3 4 5 6 7 8 9 10 11 12 13 14 15 16 17 18 19 20 21 22 23 24 25 26 27 28 29 30 31 32 33 34 35 36 37 38 39 40 41 42 43 44 45 46 47 48 49 50 51 52 53 54 55 56 57 58 59 60 61 62 63 64 65 66 67 68 69 70 71 72 73 74 75 76 77 78 79 80 81 82 83 84 85 86 87 88 89 90 91 92 93 94 95 96 97 98 99 100 101 102 103 104 105 106 107 108 109 110 111 112 113 114 115 116 117 118 119 120 121 122 123 124 125 126 127 128 129 130 131 132 133 134 135 136 137 138 139 140 141 142 143 144 145 146 147 148 149 150 151 152 153 154 155 156 157 158 159 160 161 162 163 164 165 166 167 168 169 170 171 172 173 174 175 176 177 178 179 180 181 182 183 184 185 186 187 188 189 190 191 192 193 194 195 196 197 198 199 200 201 202 203 204 205 206 207 208 209 210 211 212 213 214 215 216 217 218 219 220 221 222 223 224 225 226 227 228 229 230 231 232 233 234 235 236 237 238 239 240 241 242 243 244 245 246 247 248 249 250 251 252 253 254 255 0 1 2 3 4 5 6 7 8 9 10 11 12 13 14 15 16 17 18 19 20 21 22 23 24 25 26 27 28 29 30 31 32 33 34 35 36 37 38 39 40 41 42 43 44 45 46 47 48 49 50 51 52 53 54 55 56 57 58 59 60 61 62 63 64 65 66 67 68 69 70 71 72 73 74 75 76 77 78 79 80 81 82 83 84 85 86 87 88 89 90 91 92 93 94 95 96 97 98 99 100 101 102 103 104 105 106 107 108 109 110 111 112 113 114 115 116 117 118 119 120 121 122 123 124 125 126 127 128 129 130 131 132 133 134 135 136 137 138 139 140 141 142 143 144 145 146 147 148 149 150 151 152 153 154 155 156 157 158 159 160 161 162 163 164 165 166 167 168 169 170 171 172 173 174 175 176 177 178 179 180 181 182 183 184 185 186 187 188 189 190 191 192 193 194 195 196 197 198 199 200 201 202 203 204 205 206 207 208 209 210 211 212 213 214 215 216 217 218 219 220 221 222 223 224 225 226 227 228 229 230 231 232 233 234 235 236 237]",0x69
408,5,"[255 255 0 255 176]",0x91
409,28,"[241 220 221 104 27 255 37 131 67 130 78 229 104 17 169 96 252 22 30 179 194 70 79 86 57 217 16 104]",0xFF
410,104,"[196 196 18 3 210 98 70 48 88 248 250 84 246 76 218 54 211 90 50 239 54 253 27 222 150 107 20 147 100 123 161 163 245 167 84 84 84 84 84 84 84 84 84 84 84 84 84 84 84 66 96 215 220 160 149 109 162 206 188 9 187 184 25 38 201 143 210 47 7 115 116 117 118 119 120 121 122 123 124 125 126 127 128 129 130 131 132 133 134 219 183 253 20 33 21 137 68 175 26 27 28 29 30 31]",0x83
411,44,"[30 144 0 15 0 255 187 194 255 255 255 255 0 255 255 0 53 79 255 200 0 0 89 255 68 138 134 13 134 0 33 0 255 0 0 0 0 7 62 103 255 115 0 216]",0xEF
412,79,"[132 117 14 132 117 14 132 117 14 132 117 14 132 117 14 132 117 14 132 117 14 132 117 14 132 117 14 132 117 14 132 117 14 132 117 14 132 117 14 132 117 14 132 117 14 132 117 14 132 117 14 132 117 14 132 117 14 132 117 14 132 117 14 132 117 14 132 117 14 132 117 14 132 117 14 132 117 14 132]",0xBB
413,854,"[0 255 68 255 0 255 224 0 255 0 213 231 255 0 0 255 255 0 255 255 202 0 69 0 124 255 12 0 0 255 0 39 0 255 131 200 0 255 0 51 0 0 0 32 0 205 0 106 0 236 255 110 0 255 255 255 141 29 142 0 255 165 255 255 34 0 255 0 0 255 255 0 47 0 255 255 0 248 128 0 0 203 0 63 0 0 0 0 255 0 64 255 255 79 0 255 0 0 0 0 0 0 0 0 94 148 140 255 248 255 255 136 0 0 0 0 255 0 255 255 0 0 0 0 255 0 0 160 0 255 255 204 0 255 255 209 0 0 231 0 0 0 243 255 255 0 0 251 255 255 127 255 0 0 255 255 28 90 205 255 82 0 0 0 255 230 255 232 201 0 0 91 197 0 255 250 0 0 50 0 255 0 0 255 107 207 255 255 255 0 0 0 0 0 0 0 0 0 0 255 254 255 102 0 0 252 255 0 0 0 0 184 0 185 255 255 32 61 0 0 255 0 0 0 255 255 0 0 0 161 0 0 255 0 255 255 244 255 182 255 30 0 178 0 0 255 119 0 255 0 255 120 255 0 255 145 255 255 255 0 0 0 0 255 255 255 114 179 120 255 255 255 254 255 0 217 0 255 0 255 9 5 255 194 0 255 0 0 0 0 126 0 255 255 222 0 255 255 0 0 0 255 0 255 255 255 0 255 141 0 0 0 38 0 0 255 0 0 0 255 100 0 0 0 255 26 0 195 132 0 212 0 6 114 255 0 252 255 0 62 255 255 255 235 21 255 61 56 131 0 0 0 90 255 5 253 214 0 255 0 255 255 75 121 0 0 188 150 0 255 255 255 0 58 0 0 0 127 255 4 0 142 0 0 17 0 0 255 0 255 185 255 0 255 255 255 0 255 63 255 255 255 0 0 35 255 255 255 0 205 255 45 0 0 187 11 0 0 0 0 191 206 255 52 117 255 255 0 255 195 0 0 255 255 0 128 178 1 255 174 0 0 105 0 0 255 10 255 255 0 0 255 255 175 12 255 0 255 0 42 15 0 217 0 166 255 17 0 0 192 0 125 255 116 0 216 255 58 0 39 0 0 0 0 0 0 255 41 0 255 255 38 255 0 255 255 255 255 0 212 26 155 250 255 111 0 0 0 0 255 255 144 255 0 0 0 255 89 255 0 228 0 255 0 0 255 194 0 155 0 255 0 255 255 255 0 220 29 0 0 255 255 0 88 242 192 0 0 190 0 255 255 0 255 255 0 98 255 0 0 255 255 0 0 255 255 0 255 255 255 255 74 0 162 255 0 0 168 44 255 0 0 116 227 255 0 74 0 0 0 86 0 151 177 0 255 255 186 255 0 0 56 255 255 0 2 0 0 198 94 255 140 247 0 255 255 0 0 182 51 255 0 255 255 136 39 0 238 0 255 255 0 255 0 12 0 0 93 255 199 240 250 169 255 255 255 0 91 0 0 255 255 91 0 0 19 0 0 0 255 255 0 255 0 210 255 0 255 0 0 255 255 255 255 52 0 255 0 0 67 0 255 0 13 255 205 0 0 138 163 0 255 0 240 56 242 0 225 75 255 255 0 0 0 255 255 160 68 0 255 0 0 255 0 0 255 255 12 119 137 255 255 255 255 0 255 0 0 23 136 0 114 0 84 157 255 255 0 255 238 0 255 248 0 0 0 0 0 75 94 42 255 36 255 0 205 255 0 137 255 255 0 255 224 0 0 255 255 76 255 0 0 221 0 0 0 0 0 243 0 0 255 0 33 255 255 212 255 255 32 49 0 255 255 215 255 255 255 194 14 0 0 255 21 0 255 255 255 243 0 255 255 255 128 255 153 255 255 255 0 0 0 255 0 0 214 105 0 255 73 0 70 255 13 255 255 255 228 0 255 0 255 207 255 255 0 0 0 0 255 246 255 168 0]",0x51
414,86,"[162 161 160 159 158 157 156 155 154 153 152 151 150 149 148 147 146 145 144 143 142 141 140 139 138 137 136 135 134 133 132 131 130 129 128 127 126 125 124 123 122 121 120 119 118 117 116 115 114 113 112 111 110 109 108 107 106 105 104 103 102 101 100 99 98 97 96 95 94 93 92 91 90 89 88 87 86 85 84 83 82 81 80 79 78 77]",0xAB
415,3,"[132 131 130]",0xB6
416,39,"[210 211 212 213 214 215 216 217 218 219 220 221 222 223 224 225 226 227 228 229 230 231 232 233 234 235 236 237 238 239 240 241 242 243 244 245 246 247 248]",0xF0
417,128,"[84 130 84 130 84 130 84 130 84 130 84 130 84 130 84 130 84 130 84 130 84 130 84 130 84 130 84 130 84 130 84 130 84 130 84 130 84 130 84 130 84 130 84 130 84 130 84 130 84 130 84 130 84 130 84 130 84 130 84 130 84 130 84 130 84 130 84 130 84 130 84 130 84 130 84 130 84 130 84 130 84 130 84 130 84 130 84 130 84 130 84 130 84 130 84 130 84 130 84 130 84 130 84 130 84 130 84 130 84 130 84 130 84 130 84 130 84 130 84 130 84 130 84 130 84 130 84 130]",0x50
418,281,"[255 0 255 255 0 137 255 0 0 255 0 255 96 139 255 255 255 255 255 255 0 72 255 255 255 255 123 0 163 255 15 218 60 255 255 255 255 255 0 255 255 20 42 36 174 0 255 0 255 0 255 0 0 255 224 32 148 255 0 0 0 243 230 180 164 33 255 0 255 134 255 69 89 255 102 0 230 0 255 255 53 0 255 0 0 255 214 186 192 0 0 149 255 255 255 255 255 0 255 0 255 0 151 255 255 255 41 0 0 104 0 8 166 0 255 21 0 255 0 255 0 0 36 0 255 117 0 103 255 255 0 255 0 0 109 209 73 255 255 255 0 0 0 0 0 0 0 255 0 177 255 255 0 0 255 255 255 255 255 0 0 255 0 163 233 255 255 255 225 0 255 255 0 255 67 246 225 0 255 146 180 0 59 255 149 54 255 138 255 70 255 0 0 0 255 255 33 255 0 35 255 0 255 0 0 0 255 210 0 255 0 0 0 3 220 251 255 32 0 255 0 47 248 173 179 0 255 255 255 26 0 0 27 255 255 158 202 255 0 255 224 0 255 0 0 129 0 58 255 255 255 255 0 255 255 255 176 177 255 255 255 255 205 255 0 0 108 255 0 0 75 227 0 0 255 255 0 34 255 0 0]",0x2A
419,508,"[72 71 70 69 68 67 66 65 64 63 62 61 60 59 58 57 56 55 54 53 52 51 50 49 48 47 46 45 44 43 42 41 40 39 38 37 36 35 34 33 32 31 30 29 28 27 26 25 24 23 22 21 20 19 18 17 16 15 14 13 12 11 10 9 8 7 6 5 4 3 2 1 0 255 254 253 252 251 250 249 248 247 246 245 244 243 242 241 240 239 238 237 236 235 234 233 232 231 230 229 228 227 226 225 224 223 222 221 220 219 218 217 216 215 214 213 212 211 210 209 208 207 206 205 204 203 202 201 200 199 198 197 196 195 194 193 192 191 190 189 188 187 186 185 184 183 182 181 180 179 178 177 176 175 174 173 172 171 170 169 168 167 166 165 164 163 162 161 160 159 158 157 156 155 154 153 152 151 150 149 148 147 146 145 144 143 142 141 140 139 138 137 136 135 134 133 132 131 130 129 128 127 126 125 124 123 122 121 120 119 118 117 116 115 114 113 112 111 110 109 108 107 106 105 104 103 102 101 100 99 98 97 96 95 94 93 92 91 90 89 88 87 86 85 84 83 82 81 80 79 78 77 76 75 74 73 72 71 70 69 68 67 66 65 64 63 62 61 60 59 58 57 56 55 54 53 52 51 50 49 48 47 46 45 44 43 42 41 40 39 38 37 36 35 34 33 32 31 30 29 28 27 26 25 24 23 22 21 20 19 18 17 16 15 14 13 12 11 10 9 8 7 6 5 4 3 2 1 0 255 254 253 252 251 250 249 248 247 246 245 244 243 242 241 240 239 238 237 236 235 234 233 232 231 230 229 228 227 226 225 224 223 222 221 220 219 218 217 216 215 214 213 212 211 210 209 208 207 206 205 204 203 202 201 200 199 198 197 196 195 194 193 192 191 190 189 188 187 186 185 184 183 182 181 180 179 178 177 176 175 174 173 172 171 170 169 168 167 166 165 164 163 162 161 160 159 158 157 156 155 154 153 152 151 150 149 148 147 146 145 144 143 142 141 140 139 138 137 136 135 134 133 132 131 130 129 128 127 126 125 124 123 122 121 120 119 118 117 116 115 114 113 112 111 110 109 108 107 106 105 104 103 102 101 100 99 98 97 96 95 94 93 92 91 90 89 88 87 86 85 84 83 82 81 80 79 78 77]",0x4A
420,344,"[241 240 239 238 237 236 235 234 233 232 231 230 229 228 227 226 225 224 223 222 221 220 219 218 217 216 215 214 213 212 211 210 209 208 207 206 205 204 203 202 201 200 199 198 197 196 195 194 193 192 191 190 189 188 187 186 185 184 183 182 181 180 179 178 177 176 175 174 173 172 171 170 169 168 167 166 165 164 163 162 161 160 159 158 157 156 155 154 153 152 151 150 149 148 147 146 145 144 143 142 141 140 139 138 137 136 135 134 133 132 131 130 129 128 127 126 125 124 123 122 121 120 119 118 117 116 115 114 113 112 111 110 109 108 107 106 105 104 103 102 101 100 99 98 97 96 95 94 93 92 91 90 89 88 87 86 85 84 83 82 81 80 79 78 77 76 75 74 73 72 71 70 69 68 67 66 65 64 63 62 61 60 59 58 57 56 55 54 53 52 51 50 49 48 47 46 45 44 43 42 41 40 39 38 37 36 35 34 33 32 31 30 29 28 27 26 25 24 23 22 21 20 19 18 17 16 15 14 13 12 11 10 9 8 7 6 5 4 3 2 1 0 255 254 253 252 251 250 249 248 247 246 245 244 243 242 241 240 239 238 237 236 235 234 233 232 231 230 229 228 227 226 225 224 223 222 221 220 219 218 217 216 215 214 213 212 211 210 209 208 207 206 205 204 203 202 201 200 199 198 197 196 195 194 193 192 191 190 189 188 187 186 185 184 183 182 181 180 179 178 177 176 175 174 173 172 171 170 169 168 167 166 165 164 163 162 161 160 159 158 157 156 155 154]",0xF5
421,25,"[246 195 235 178 87 31 237 125 101 147 27 79 163 25 34 130 159 47 8 245 7 0 82 56 146]",0x41
422,533,"[48 255 255 107 0 0 85 0 227 124 0 255 255 145 0 255 105 0 0 125 0 0 0 0 109 255 255 208 255 0 255 255 0 255 255 228 95 206 238 61 255 0 0 0 255 169 0 255 0 246 0 0 237 255 0 255 20 0 128 255 0 28 0 255 0 0 255 0 0 255 0 255 0 176 0 255 0 255 0 0 255 177 255 122 255 0 0 99 255 255 0 0 255 255 0 0 255 115 0 242 255 0 255 255 255 0 255 0 255 255 141 255 0 255 11 0 88 0 0 255 255 255 212 255 157 22 67 255 0 0 0 0 29 255 13 255 255 255 0 255 0 255 0 255 215 247 0 255 255 0 255 255 255 0 57 255 251 143 255 0 0 0 255 0 0 255 0 255 255 31 0 0 167 0 0 145 0 185 0 255 0 0 0 0 0 69 255 126 255 255 139 0 195 0 255 21 0 84 21 255 51 255 160 255 222 255 0 36 90 0 255 0 15 70 0 255 78 0 207 0 255 247 255 255 255 0 238 255 92 255 113 255 2 255 0 0 0 255 0 0 255 0 94 255 225 255 106 0 0 0 0 0 133 0 159 40 0 0 142 255 0 255 0 255 79 0 255 255 255 255 121 255 0 0 255 255 0 239 0 0 61 0 0 244 0 255 255 0 0 0 120 0 255 0 0 240 255 42 0 0 0 0 237 49 0 209 0 208 156 255 160 255 145 255 0 104 248 255 255 0 228 0 255 0 239 255 0 186 255 49 0 0 0 0 179 255 157 0 2 255 97 255 0 0 255 245 0 216 0 45 255 0 255 72 255 53 0 255 255 0 168 255 255 255 0 148 0 243 0 0 0 45 78 255 186 0 185 68 91 0 0 0 245 0 0 0 255 198 255 0 179 0 203 0 0 0 215 0 0 0 234 160 131 255 5 0 0 255 242 0 255 255 0 255 0 255 255 0 0 239 99 255 255 147 255 0 0 255 223 255 255 65 0 178 73 155 0 0 0 220 209 0 194 0 0 255 0 255 255 0 255 0 255 20 255 212 255 255 44 255 255 0 255 54 0 0 255 20 255 255 0 255 0 55 178 255 255 50 0 0 0 215 0 255 255 227 0 38 0 255 255 255 248 202 0 0 0 0 0 85 255 255 0 255 0 201 227 73 255 0 0 255 38 160 0 255 0 255 121 75 0 255 75 0 25 255 255 255 113 255 255 0 255]",0xFB
423,72,"[5 122 138 70 141 132 89 166 245 125 201 63 195 166 163 228 59 94 21 185 216 103 91 168 19 75 93 132 122 53 138 237 6 174 159 236 165 159 197 68 152 132 112 20 74 71 185 235 59 19 255 176 226 36 204 208 38 41 75 55 249 92 194 206 98 174 27 101 247 43 98 202]",0x7A
424,669,"[255 4 0 0 255 255 0 227 255 0 188 0 255 255 54 129 0 123 122 255 18 255 255 255 0 0 255 255 0 255 255 0 0 117 255 0 39 85 255 19 0 255 0 0 0 255 255 0 225 255 0 255 255 255 189 255 255 255 255 165 0 0 0 21 113 32 8 0 0 72 198 38 0 0 0 0 0 255 231 60 255 200 68 36 0 0 255 0 255 255 0 0 255 255 87 245 208 0 93 0 98 255 255 0 255 187 255 0 62 2 255 0 0 209 0 255 0 103 0 25 27 93 255 0 99 35 0 82 0 0 255 255 147 255 255 0 255 60 35 168 97 255 0 164 0 255 209 194 0 25 224 0 255 18 164 0 0 0 14 0 181 157 0 0 0 129 255 122 0 0 255 55 0 255 255 0 3 0 0 239 102 188 0 255 255 83 255 255 100 0 255 255 255 186 61 153 130 0 0 255 0 86 68 0 227 40 237 255 104 255 255 0 255 0 255 159 0 255 219 255 31 255 97 105 255 129 255 0 0 0 255 35 255 0 255 215 255 255 255 0 85 0 0 255 255 0 194 0 255 255 255 0 255 11 0 0 140 209 0 137 255 0 255 0 255 102 0 255 255 30 41 255 53 239 255 0 100 255 255 0 244 0 255 0 106 0 125 255 5 0 0 255 0 255 255 255 0 0 0 255 0 0 0 255 255 25 0 255 255 255 255 0 145 104 234 0 255 255 255 0 255 255 204 0 255 255 255 255 0 84 11 0 253 0 227 255 255 48 241 62 0 255 255 255 0 255 7 255 60 0 0 255 255 255 218 255 0 187 255 0 255 0 243 0 255 132 180 0 0 0 0 255 180 106 0 255 255 0 26 0 255 0 179 0 187 0 0 255 199 0 255 0 255 0 193 0 84 11 0 255 0 255 59 159 255 255 255 172 255 255 255 243 0 0 255 0 189 237 62 83 255 255 0 255 255 255 130 0 255 255 255 255 255 255 0 57 255 0 255 255 255 216 0 255 149 112 209 252 0 255 86 255 0 72 0 189 255 255 201 0 0 106 0 244 0 0 184 223 178 175 255 255 0 255 186 0 255 238 255 0 55 168 0 255 0 0 0 255 1 110 255 0 255 255 0 187 0 255 147 3 177 85 255 85 255 112 255 0 255 0 0 0 70 0 255 168 0 0 0 226 0 15 0 0 0 92 0 255 255 255 0 186 237 0 178 255 255 0 221 0 0 0 0 255 0 238 0 0 0 60 73 255 0 0 0 0 255 0 255 0 255 255 118 255 0 0 255 98 255 255 255 0 0 232 56 98 54 255 210 255 255 255 0 255 0 0 255 0 0 255 0 255 255 255 211 255 255 0 84 0 255 255 100 0 204 0 137 255 240 239 11 255 255 106 0 255 255 255 255 0 255 0 223 0 0 0 0 0 0 0 51 121 255 0 0 255 255 0 1 9 0 255 0 0 99 48 255 230 0 255 255 255 255 255 255 255 160 255 255 255 255 255 255 255 0 208 255 0 0]",0x38
425,73,"[146 49 146 49 146 49 146 49 146 49 146 49 146 49 146 49 146 49 146 49 146 49 146 49 146 49 146 49 146 49 146 49 146 49 146 49 146 49 146 49 146 49 146 49 146 49 146 49 146 49 146 49 146 49 146 49 146 49 146 49 146 49 146 49 146 49 146 49 146 49 146 49 146]",0x37
426,16,"[247 46 29 99 100 206 120 235 95 171 170 14 22 244 33 157]",0xEE
427,101,"[182 47 182 47 182 47 182 47 182 47 182 47 182 47 182 47 182 47 182 47 182 47 182 47 182 47 182 47 182 47 182 47 182 47 182 47 182 47 182 47 182 47 182 47 182 47 182 47 182 47 182 47 182 47 182 47 182 47 182 47 182 47 182 47 182 47 182 47 182 47 182 47 182 47 182 47 182 47 182 47 182 47 182 47 182 47 182 47 182 47 182 47 182 47 182 47 182 47 182 47 182]",0xE5
428,695,"[218 4 227 85 178 201 72 91 130 149 74 254 188 70 163 111 220 84 48 11 251 91 56 125 74 59 157 19 130 99 136 82 146 20 96 60 112 101 161 160 105 46 148 247 47 17 67 105 78 213 126 63 243 32 31 62 19 192 80 186 195 60 132 133 223 6 81 225 60 35 147 78 119 209 133 132 71 202 189 59 81 201 91 103 93 41 87 205 125 117 40 45 10 3 124 104 70 253 101 201 53 63 145 1 4 36 57 135 175 79 61 210 41 173 238 59 22 250 69 70 123 59 254 10 115 140 119 133 252 224 78 141 0 104 41 182 56 191 80 237 114 214 160 250 190 186 67 129 74 4 181 60 101 72 51 17 86 20 138 5 240 247 77 66 26 231 150 156 229 233 212 198 224 224 94 249 181 94 113 175 92 211 37 232 77 39 219 61 215 75 239 56 17 239 42 241 210 20 113 18 84 89 153 249 43 84 150 43 181 103 243 161 92 184 214 204 67 106 115 99 79 192 3 75 36 32 70 195 248 131 86 212 17 23 88 114 204 236 136 126 54 115 236 100 53 86 131 153 110 194 149 170 220 221 52 159 183 37 215 46 204 41 189 37 96 36 69 252 27 104 173 24 27 36 165 232 211 251 148 246 78 107 101 12 212 6 186 104 1 74 88 246 169 139 32 100 9 194 41 152 179 93 161 195 47 153 187 91 41 73 238 91 27 21 46 32 126 88 215 225 121 227 115 164 41 13 40 64 192 44 33 237 176 121 24 218 27 156 170 102 233 12 209 141 156 252 149 204 39 207 194 247 239 54 119 233 164 118 27 90 170 198 114 14 162 235 127 237 90 226 201 246 202 82 230 171 41 11 93 201 158 134 0 111 40 116 253 225 79 151 128 33 253 108 129 165 49 56 49 98 51 237 182 229 217 180 62 157 47 33 161 159 40 90 16 183 252 189 216 121 24 186 65 99 179 231 124 246 133 31 132 220 137 191 140 139 72 51 71 112 207 212 41 141 106 146 165 71 235 239 26 179 8 11 245 177 83 171 216 222 5 209 218 152 122 28 61 125 221 205 126 201 196 148 56 89 42 1 20 194 8 102 252 203 192 70 164 127 159 111 135 253 84 55 114 134 21 206 108 105 168 197 252 44 88 43 225 140 218 252 140 30 92 9 217 4 151 27 1 65 141 19 157 172 248 230 145 203 93 149 103 86 186 75 97 93 222 43 97 227 3 242 230 106 167 253 142 24 218 34 65 223 65 190 114 194 59 107 81 63 80 82 244 136 118 128 255 167 180 80 120 47 175 88 191 54 103 120 42 17 81 139 167 108 128 139 131 23 103 52 136 194 148 56 53 9 109 110 60 195 98 171 163 154 232 4 17 184 90 252 55 46 150 71 87 235 6 136 85 88 63 34 8 252 169 198 16 3 153 185 101 99 98 39 193 55 83 171 0 196 230 13 151 104 20 174 156 164 208 73 173 190 43 245 87 182 193 129 32 70 59 132 66 139 73 0 92 155 198 7 66 252 67 198 130 31 164 247 227 176 131 81 91 88 236 54 96 110 104 1 69 127 194 145 98]",0xCB
429,700,"[26 27 28 29 30 31 32 33 34 35 36 37 38 39 40 41 42 43 44 45 46 47 48 49 50 51 52 53 54 55 56 57 58 59 60 61 62 63 64 65 66 67 68 69 70 71 72 73 74 75 76 77 78 79 80 81 82 83 84 85 86 87 88 89 90 91 92 93 94 95 96 97 98 99 100 101 102 103 104 105 106 107 108 109 110 111 112 113 114 115 116 117 118 119 120 121 122 123 124 125 126 127 128 129 130 131 132 133 134 135 136 137 138 139 140 141 142 143 144 145 146 147 148 149 150 151 152 153 154 155 156 157 158 159 160 161 162 163 164 165 166 167 168 169 170 171 172 173 174 175 176 177 178 179 180 181 182 183 184 185 186 187 188 189 190 191 192 193 194 195 196 197 198 199 200 201 202 203 204 205 206 207 208 209 210 211 212 213 214 215 216 217 218 219 220 221 222 223 224 225 226 227 228 229 230 231 232 233 234 235 236 237 238 239 240 241 242 243 244 245 246 247 248 249 250 251 252 253 254 255 0 1 2 3 4 5 6 7 8 9 10 11 12 13 14 15 16 17 18 19 20 21 22 23 24 25 26 27 28 29 30 31 32 33 34 35 36 37 38 39 40 41 42 43 44 45 46 47 48 49 50 51 52 53 54 55 56 57 58 59 60 61 62 63 64 65 66 67 68 69 70 71 72 73 74 75 76 77 78 79 80 81 82 83 84 85 86 87 88 89 90 91 92 93 94 95 96 97 98 99 100 101 102 103 104 105 106 107 108 109 110 111 112 113 114 115 116 117 118 119 120 121 122 123 124 125 126 127 128 129 130 131 132 133 134 135 136 137 138 139 140 141 142 143 144 145 146 147 148 149 150 151 152 153 154 155 156 157 158 159 160 161 162 163 164 165 166 167 168 169 170 171 172 173 174 175 176 177 178 179 180 181 182 183 184 185 186 187 188 189 190 191 192 193 194 195 196 197 198 199 200 201 202 203 204 205 206 207 208 209 210 211 212 213 214 215 216 217 218 219 220 221 222 223 224 225 226 227 228 229 230 231 232 233 234 235 236 237 238 239 240 241 242 243 244 245 246 247 248 249 250 251 252 253 254 255 0 1 2 3 4 5 6 7 8 9 10 11 12 13 14 15 16 17 18 19 20 21 22 23 24 25 26 27 28 29 30 31 32 33 34 35 36 37 38 39 40 41 42 43 44 45 46 47 48 49 50 51 52 53 54 55 56 57 58 59 60 61 62 63 64 65 66 67 68 69 70 71 72 73 74 75 76 77 78 79 80 81 82 83 84 85 86 87 88 89 90 91 92 93 94 95 96 97 98 99 100 101 102 103 104 105 106 107 108 109 110 111 112 113 114 115 116 117 118 119 120 121 122 123 124 125 126 127 128 129 130 131 132 133 134 135 136 137 138 139 140 141 142 143 144 145 146 147 148 149 150 151 152 153 154 155 156 157 158 159 160 161 162 163 164 165 166 167 168 169 170 171 172 173 174 175 176 177 178 179 180 181 182 183 184 185 186 187 188 189 190 191 192 193 194 195 196 197 198 199 200 201 202 203 204 205 206 207 208 209 210 211 212 213]",0x7E
430,577,"[67 68 69 70 71 72 73 74 75 76 77 78 79 80 81 82 83 84 85 86 87 88 89 90 91 92 93 94 95 96 97 98 99 100 101 102 103 104 105 106 107 108 109 110 111 112 113 114 115 116 117 118 119 120 121 122 123 124 125 126 127 128 129 130 131 132 133 134 135 136 137 138 139 140 141 142 143 144 145 146 147 148 149 150 151 152 153 154 155 156 157 158 159 160 161 162 163 164 165 166 167 168 169 170 171 172 173 174 175 176 177 178 179 180 181 182 183 184 185 186 187 188 189 190 191 192 193 194 195 196 197 198 199 200 201 202 203 204 205 206 207 208 209 210 211 212 213 214 215 216 217 218 219 220 221 222 223 224 225 226 227 228 229 230 231 232 233 234 235 236 237 238 239 240 241 242 243 244 245 246 247 248 249 250 251 252 253 254 255 0 1 2 3 4 5 6 7 8 9 10 11 12 13 14 15 16 17 18 19 20 21 22 23 24 25 26 27 28 29 30 31 32 33 34 35 36 37 38 39 40 41 42 43 44 45 46 47 48 49 50 51 52 53 54 55 56 57 58 59 60 61 62 63 64 65 66 67 68 69 70 71 72 73 74 75 76 77 78 79 80 81 82 83 84 85 86 87 88 89 90 91 92 93 94 95 96 97 98 99 100 101 102 103 104 105 106 107 108 109 110 111 112 113 114 115 116 117 118 119 120 121 122 123 124 125 126 127 128 129 130 131 132 133 134 135 136 137 138 139 140 141 142 143 144 145 146 147 148 149 150 151 152 153 154 155 156 157 158 159 160 161 162 163 164 165 166 167 168 169 170 171 172 173 174 175 176 177 178 179 180 181 182 183 184 185 186 187 188 189 190 191 192 193 194 195 196 197 198 199 200 201 202 203 204 205 206 207 208 209 210 211 212 213 214 215 216 217 218 219 220 221 222 223 224 225 226 227 228 229 230 231 232 233 234 235 236 237 238 239 240 241 242 243 244 245 246 247 248 249 250 251 252 253 254 255 0 1 2 3 4 5 6 7 8 9 10 11 12 13 14 15 16 17 18 19 20 21 22 23 24 25 26 27 28 29 30 31 32 33 34 35 36 37 38 39 40 41 42 43 44 45 46 47 48 49 50 51 52 53 54 55 56 57 58 59 60 61 62 63 64 65 66 67 68 69 70 71 72 73 74 75 76 77 78 79 80 81 82 83 84 85 86 87 88 89 90 91 92 93 94 95 96 97 98 99 100 101 102 103 104 105 106 107 108 109 110 111 112 113 114 115 116 117 118 119 120 121 122 123 124 125 126 127 128 129 130 131]",0x34
431,688,"[147 27 150 162 226 220 16 221 13 39 28 46 205 175 175 236 100 0 163 222 93 210 217 36 161 44 114 225 202 146 207 39 49 53 198 228 144 245 186 144 156 217 23 43 68 229 241 91 236 139 121 213 139 116 4 3 160 18 188 159 117 181 254 63 142 215 4 52 133 141 22 104 133 108 179 197 117 108 180 142 222 123 147 32 214 108 184 109 0 102 37 102 82 51 31 186 193 67 126 118 90 71 47 223 213 106 184 127 21 210 56 180 135 176 120 179 8 10 229 191 212 116 117 136 62 187 212 232 132 106 212 192 222 167 226 22 173 22 191 160 4 153 37 36 38 123 29 32 65 0 70 158 154 248 30 221 100 99 89 31 122 201 224 246 201 159 127 223 189 41 174 110 152 229 167 240 221 32 2 98 221 58 176 121 190 42 61 62 140 74 207 88 169 242 155 61 212 3 65 99 50 154 142 104 75 111 74 56 89 154 165 76 242 67 182 20 170 117 145 47 110 196 196 60 90 0 23 32 75 194 130 202 193 150 127 238 145 123 222 18 167 28 209 202 128 169 197 123 231 111 228 149 109 1 75 222 109 107 125 73 125 96 232 144 213 175 54 222 22 114 61 137 76 185 239 181 90 153 227 69 30 33 187 168 116 186 162 160 51 80 88 206 198 64 14 196 104 56 29 3 109 86 178 250 52 62 86 119 178 90 26 186 203 63 35 135 53 95 199 56 206 172 56 134 157 51 37 135 177 119 17 236 177 159 164 102 252 33 189 107 225 183 143 240 233 13 49 173 235 110 9 164 49 141 98 142 238 124 8 148 83 199 120 189 232 92 253 38 164 8 54 162 11 26 74 147 4 123 103 17 156 155 129 177 53 173 41 100 17 209 137 248 241 255 25 155 104 136 79 12 181 247 136 84 240 93 234 219 135 173 179 164 41 177 0 181 142 66 205 103 124 7 102 42 70 64 11 117 133 146 118 222 9 157 221 10 127 150 48 64 201 145 80 195 191 88 125 170 87 161 64 74 79 239 213 144 144 14 166 83 156 215 11 155 144 52 165 142 196 28 113 255 176 175 81 24 243 27 254 32 43 78 131 202 248 91 5 157 181 101 46 78 167 126 190 55 215 39 84 188 68 242 180 55 185 178 192 234 182 90 202 178 147 90 235 131 160 106 199 87 207 27 181 122 178 136 34 122 246 193 76 241 199 93 154 109 24 206 48 117 179 238 16 100 157 199 235 0 160 1 201 38 229 39 195 74 142 155 52 76 27 1 61 132 182 203 17 69 197 123 46 100 69 195 74 241 227 183 83 71 121 90 230 31 185 156 206 138 161 246 23 26 100 121 51 21 5 195 124 215 92 180 125 156 94 20 242 214 79 245 76 113 193 79 83 104 119 31 4 235 90 26 194 75 46 246 235 27 230 228 162 135 55 31 155 210 176 46 74 139 159 18 157 188 46 63 66 240 104 135 185 95 27 167 170 66 9 170 180 6 177 240 45 133 178 58 192 222 208 66 205 105 68 43 232 109 221 40 196 28 4 254 18 118 224 209 120 156]",0x9E
432,199,"[96 70 96 70 96 70 96 70 96 70 96 70 96 70 96 70 96 70 96 70 96 70 96 70 96 70 96 70 96 70 96 70 96 70 96 70 96 70 96 70 96 70 96 70 96 70 96 70 96 70 96 70 96 70 96 70 96 70 96 70 96 70 96 70 96 70 96 70 96 70 96 70 96 70 96 70 96 70 96 70 96 70 96 70 96 70 96 70 96 70 96 70 96 70 96 70 96 70 96 70 96 70 96 70 96 70 96 70 96 70 96 70 96 70 96 70 96 70 96 70 96 70 96 70 96 70 96 70 96 70 96 70 96 70 96 70 96 70 96 70 96 70 96 70 96 70 96 70 96 70 96 70 96 70 96 70 96 70 96 70 96 70 96 70 96 70 96 70 96 70 96 70 96 70 96 70 96 70 96 70 96 70 96 70 96 70 96 70 96 70 96 70 96 70 96 70 96 70 96]",0x7F
433,42,"[124 44 124 44 124 44 124 44 124 44 124 44 124 44 124 44 124 44 124 44 124 44 124 44 124 44 124 44 124 44 124 44 124 44 124 44 124 44 124 44 124 44]",0x4D
434,875,"[31 32 33 34 35 36 37 38 39 40 41 42 43 44 45 46 47 48 49 50 51 52 53 54 55 56 57 58 59 60 61 62 63 64 65 66 67 68 69 70 71 72 73 74 75 76 77 78 79 80 81 82 83 84 85 86 87 88 89 90 91 92 93 94 95 96 97 98 99 100 101 102 103 104 105 106 107 108 109 110 111 112 113 114 115 116 117 118 119 120 121 122 123 124 125 126 127 128 129 130 131 132 133 134 135 136 137 138 139 140 141 142 143 144 145 146 147 148 149 150 151 152 153 154 155 156 157 158 159 160 161 162 163 164 165 166 167 168 169 170 171 172 173 174 175 176 177 178 179 180 181 182 183 184 185 186 187 188 189 190 191 192 193 194 195 196 197 198 199 200 201 202 203 204 205 206 207 208 209 210 211 212 213 214 215 216 217 218 219 220 221 222 223 224 225 226 227 228 229 230 231 232 233 234 235 236 237 238 239 240 241 242 243 244 245 246 247 248 249 250 251 252 253 254 255 0 1 2 3 4 5 6 7 8 9 10 11 12 13 14 15 16 17 18 19 20 21 22 23 24 25 26 27 28 29 30 31 32 33 34 35 36 37 38 39 40 41 42 43 44 45 46 47 48 49 50 51 52 53 54 55 56 57 58 59 60 61 62 63 64 65 66 67 68 69 70 71 72 73 74 75 76 77 78 79 80 81 82 83 84 85 86 87 88 89 90 91 92 93 94 95 96 97 98 99 100 101 102 103 104 105 106 107 108 109 110 111 112 113 114 115 116 117 118 119 120 121 122 123 124 125 126 127 128 129 130 131 132 133 134 135 136 137 138 139 140 141 142 143 144 145 146 147 148 149 150 151 152 153 154 155 156 157 158 159 160 161 162 163 164 165 166 167 168 169 170 171 172 173 174 175 176 177 178 179 180 181 182 183 184 185 186 187 188 189 190 191 192 193 194 195 196 197 198 199 200 201 202 203 204 205 206 207 208 209 210 211 212 213 214 215 216 217 218 219 220 221 222 223 224 225 226 227 228 229 230 231 232 233 234 235 236 237 238 239 240 241 242 243 244 245 246 247 248 249 250 251 252 253 254 255 0 1 2 3 4 5 6 7 8 9 10 11 12 13 14 15 16 17 18 19 20 21 22 23 24 25 26 27 28 29 30 31 32 33 34 35 36 37 38 39 40 41 42 43 44 45 46 47 48 49 50 51 52 53 54 55 56 57 58 59 60 61 62 63 64 65 66 67 68 69 70 71 72 73 74 75 76 77 78 79 80 81 82 83 84 85 86 87 88 89 90 91 92 93 94 95 96 97 98 99 100 101 102 103 104 105 106 107 108 109 110 111 112 113 114 115 116 117 118 119 120 121 122 123 124 125 126 127 128 129 130 131 132 133 134 135 136 137 138 139 140 141 142 143 144 145 146 147 148 149 150 151 152 153 154 155 156 157 158 159 160 161 162 163 164 165 166 167 168 169 170 171 172 173 174 175 176 177 178 179 180 181 182 183 184 185 186 187 188 189 190 191 192 193 194 195 196 197 198 199 200 201 202 203 204 205 206 207 208 209 210 211 212 213 214 215 216 217 218 219 220 221 222 223 224 225 226 227 228 229 230 231 232 233 234 235 236 237 238 239 240 241 242 243 244 245 246 247 248 249 250 251 252 253 254 255 0 1 2 3 4 5 6 7 8 9 10 11 12 13 14 15 16 17 18 19 20 21 22 23 24 25 26 27 28 29 30 31 32 33 34 35 36 37 38 39 40 41 42 43 44 45 46 47 48 49 50 51 52 53 54 55 56 57 58 59 60 61 62 63 64 65 66 67 68 69 70 71 72 73 74 75 76 77 78 79 80 81 82 83 84 85 86 87 88 89 90 91 92 93 94 95 96 97 98 99 100 101 102 103 104 105 106 107 108 109 110 111 112 113 114 115 116 117 118 119 120 121 122 123 124 125 126 127 128 129 130 131 132 133 134 135 136 137]",0xEE
435,932,"[3 46 175 246 192 146 179 59 176 82 56 60 170 196 148 16 9 55 73 103 19 185 182 88 144 25 106 219 169 26 216 174 115 177 44 140 158 237 17 95 239 55 208 0 6 83 196 26 98 33 57 128 81 54 100 179 30 122 70 96 210 238 62 161 173 215 230 119 251 248 129 138 170 95 169 131 9 218 240 6 202 98 149 127 141 126 218 174 105 176 247 20 99 222 189 239 10 220 202 208 152 13 138 104 134 189 152 74 153 21 1 102 193 210 140 222 32 246 235 153 15 116 45 160 48 123 52 46 63 7 183 78 178 167 16 79 145 235 102 129 192 205 236 127 49 195 32 107 160 177 187 49 251 45 24 169 232 143 152 137 10 174 91 239 47 77 129 122 102 80 37 210 114 146 139 147 180 161 70 141 62 150 110 10 187 70 235 71 255 118 6 19 21 14 68 83 28 112 93 162 50 233 132 159 10 143 94 236 226 163 196 165 4 180 45 174 2 79 132 85 177 133 245 91 184 213 64 193 100 32 0 190 47 13 127 88 177 27 33 103 133 210 149 231 55 152 167 185 253 119 94 218 45 9 113 63 101 252 89 181 64 77 62 146 57 183 174 107 6 5 136 214 153 111 225 50 92 144 74 255 115 13 45 136 140 251 153 170 54 27 154 221 150 113 148 120 36 189 136 102 143 61 109 159 57 191 133 220 216 126 50 188 107 152 27 161 95 85 250 110 173 160 26 191 82 204 155 81 91 187 140 171 40 201 82 158 29 82 166 70 225 169 222 101 8 147 86 114 174 179 7 196 126 142 76 107 181 198 99 176 66 212 156 198 122 58 109 97 85 54 194 22 227 44 250 253 101 252 222 21 242 10 46 149 20 41 244 254 204 131 230 28 241 89 220 171 245 221 227 161 213 193 41 166 37 222 16 252 102 43 239 11 120 197 81 135 179 243 26 40 130 107 105 76 143 226 41 55 171 14 172 80 91 103 89 215 242 140 148 18 182 149 12 50 51 43 168 237 195 122 103 98 153 91 57 154 100 3 5 70 131 90 6 57 24 242 80 3 169 59 145 38 251 248 167 181 109 246 108 61 29 53 146 62 167 97 227 142 159 142 226 16 17 179 196 110 90 71 60 233 75 165 201 5 8 85 178 66 0 73 23 56 85 32 180 65 169 153 229 22 54 221 210 49 27 219 45 223 246 56 215 108 201 104 18 182 38 237 106 20 58 220 82 219 44 119 224 12 77 232 152 183 215 134 216 163 175 39 240 203 65 148 96 169 254 11 243 18 117 123 68 145 213 75 18 161 192 244 40 230 123 60 246 61 187 200 110 176 146 49 194 237 125 254 109 122 172 47 230 205 223 156 226 174 130 238 112 128 43 242 56 51 25 116 70 189 78 184 50 58 206 94 28 246 45 38 91 24 39 216 43 28 225 113 40 148 10 109 151 245 83 195 33 110 57 126 106 250 234 149 45 142 202 9 111 10 62 23 245 43 38 248 132 194 83 136 1 104 142 131 103 201 128 162 47 220 92 123 90 228 230 57 192 26 7 214 33 39 155 209 48 29 19 6 29 241 24 152 235 160 8 152 231 82 80 63 129 60 185 165 102 184 25 191 154 161 16 158 126 124 82 1 108 102 108 156 76 68 127 151 145 225 196 13 144 106 92 245 116 184 247 38 13 80 11 29 253 245 176 192 35 152 39 96 88 157 20 26 156 162 87 37 226 13 183 35 163 169 205 101 5 207 113 216 198 127 255 118 178 171 132 149 204 146 115 169 9 27 32 108 223 164 248 10 184 80 5 211 41 54 87 201 159 67 43 28 38 222 236 247 213 227 208 245 216 118 82 149 155 147 180 178 22 73 227 151 84 217 63 104 70 223 186 117 238 237 182 228 184 160 107 70 15 205 31 105 60 116 80 212 250 241 159 250 102 133 65 229 46 156 204 152 20 156 196 48 188 224 252 104 6 107 169 228 240 232 168 174 0 93 232 176 119 26 63 142 229 24 39 167 75 43 45 126 149 231 135 176 46 182 166 55 171 54 151 171 177 232 242 207 224 4 92 10 57 97 222 131 166 92 154 208 77 238 54 235 7 138 252 156 142 174]",0xD0
436,15,"[236 236 236 236 236 236 236 236 236 236 236 236 236 236 236]",0x45
437,386,"[0 83 255 144 0 255 232 166 255 0 0 82 96 56 45 0 255 12 255 0 255 255 0 255 0 18 241 110 255 0 255 255 255 255 255 133 118 255 165 0 0 255 0 255 221 228 255 0 0 255 255 254 183 255 229 187 255 122 255 255 0 255 0 77 255 255 255 255 0 188 75 0 255 54 0 130 255 0 0 0 0 0 0 255 255 170 161 255 0 255 255 0 255 89 0 255 229 0 0 0 255 255 255 0 183 0 255 168 156 255 0 255 228 29 255 0 0 37 0 40 0 0 3 0 43 206 255 255 255 255 79 36 173 255 88 12 255 0 0 255 0 255 181 0 108 125 9 255 156 255 0 255 255 255 255 0 0 0 0 109 0 255 0 243 30 0 0 255 186 255 17 255 255 255 71 0 0 216 3 128 0 111 157 0 255 255 255 255 0 188 255 203 255 255 0 203 90 94 255 0 163 149 0 9 0 0 255 255 179 255 156 221 90 7 62 255 0 255 0 0 0 255 150 255 129 255 255 0 255 0 255 118 45 0 0 0 255 0 0 0 0 0 25 255 255 255 102 255 0 136 0 0 252 0 224 160 255 255 184 255 0 159 87 128 255 165 255 26 255 0 255 255 219 0 255 0 0 145 0 137 114 0 0 0 0 0 0 0 255 255 169 255 0 0 255 98 0 0 0 255 179 255 255 0 0 0 85 255 255 253 0 14 0 29 0 0 0 0 255 255 138 255 255 255 194 0 197 0 0 0 84 255 0 180 255 214 0 0 0 0 255 0 116 0 255 69 0 0 79 255 0 255 255 0 148 255 255 0 117 0 98 255 255 255 255 0 0 255 171 0 34 0 73 255 255 255 255 249 196 0 0 255 0 240 255 255]",0x6C
438,90,"[213 54 109 157 170 85 177 151 145 169 154 42 223 61 190 45 229 2 250 7 2 219 181 27 239 28 220 123 71 211 189 159 230 220 58 224 95 110 248 194 82 165 138 227 210 199 143 56 226 90 5 251 220 159 3 58 115 181 201 142 167 207 184 223 242 243 244 245 246 247 248 249 250 251 253 254 255 0 1 2 3 4 5 6 7 8 9 10 11 12]",0x60
439,665,"[32 32 32 32 32 32 32 32 32 32 32 32 32 32 32 32 32 32 32 32 32 32 32 32 32 32 32 32 32 32 32 32 32 32 32 32 32 32 32 32 32 32 32 32 32 32 32 32 32 32 32 32 32 32 32 32 32 32 32 32 32 32 32 32 32 32 32 32 32 32 32 32 32 32 32 32 32 32 32 32 32 32 32 32 32 32 32 32 32 32 32 32 32 32 32 32 32 32 32 32 32 32 32 32 32 32 32 32 32 32 32 32 32 32 32 32 32 32 32 32 32 32 32 32 32 32 32 32 32 32 32 32 32 32 32 32 32 32 32 32 32 32 32 32 32 32 32 32 32 32 32 32 32 32 32 32 32 32 32 32 32 32 32 32 32 32 32 32 32 32 32 32 32 32 32 32 32 32 32 32 32 32 32 32 32 32 32 32 32 32 32 32 32 32 32 32 32 32 32 32 32 32 32 32 32 32 32 32 32 32 32 32 32 32 32 32 32 32 32 32 32 32 32 32 32 32 32 32 32 32 32 32 32 32 32 32 32 32 32 32 32 32 32 32 32 32 32 32 32 32 32 32 32 32 32 32 32 32 32 32 32 32 32 32 32 32 32 32 32 32 32 32 32 32 32 32 32 32 32 32 32 32 32 32 32 32 32 32 32 32 32 32 32 32 32 32 32 32 32 32 32 32 32 32 32 32 32 32 32 32 32 32 32 32 32 32 32 32 32 32 32 32 32 32 32 32 32 32 32 32 32 32 32 32 32 32 32 32 32 32 32 32 32 32 32 32 32 32 32 32 32 32 32 32 32 32 32 32 32 32 32 32 32 32 32 32 32 32 32 32 32 32 32 32 32 32 32 32 32 32 32 32 32 32 32 32 32 32 32 32 32 32 32 32 32 32 32 32 32 32 32 32 32 32 32 32 32 32 32 32 32 32 32 32 32 32 32 32 32 32 32 32 32 32 32 32 32 32 32 32 32 32 32 32 32 32 32 32 32 32 32 32 32 32 32 32 32 32 32 32 32 32 32 32 32 32 32 32 32 32 32 32 32 32 32 32 32 32 32 32 32 32 32 32 32 32 32 32 32 32 32 32 32 32 32 32 32 32 32 32 32 32 32 32 32 32 32 32 32 32 32 32 32 32 32 32 32 32 32 32 32 32 32 32 32 32 32 32 32 32 32 32 32 32 32 32 32 32 32 32 32 32 32 32 32 32 32 32 32 32 32 32 32 32 32 32 32 32 32 32 32 32 32 32 32 32 32 32 32 32 32 32 32 32 32 32 32 32 32 32 32 32 32 32 32 32 32 32 32 32 32 32 32 32 32 32 32 32 32 32 32 32 32 32 32 32 32 32 32 32 32 32 32 32 32 32 32 32 32 32 32 32 32 32 32 32 32 32 32 32 32 32 32 32 32 32 32 32 32 32 32 32 32 32 32 32 32 32 32 32 32 32 32 32 32 32 32 32 32 32 32 32 32 32 32 32 32 32 32 32 32 32 32 32 32]",0x34
440,490,"[238 239 240 241 242 243 244 245 246 247 248 249 250 251 252 253 254 255 0 1 2 3 4 5 6 7 8 9 10 11 12 13 14 15 16 17 18 19 20 21 22 23 24 25 26 27 28 29 30 31 32 33 34 35 36 37 38 39 40 41 42 43 44 45 46 47 48 49 50 51 52 53 54 55 56 57 58 59 60 61 62 63 64 65 66 67 68 69 70 71 72 73 74 75 76 77 78 79 80 81 82 83 84 85 86 87 88 89 90 91 92 93 94 95 96 97 98 99 100 101 102 103 104 105 106 107 108 109 110 111 112 113 114 115 116 117 118 119 120 121 122 123 124 125 126 127 128 129 130 131 132 133 134 135 136 137 138 139 140 141 142 143 144 145 146 147 148 149 150 151 152 153 154 155 156 157 158 159 160 161 162 163 164 165 166 167 168 169 170 171 172 173 174 175 176 177 178 179 180 181 182 183 184 185 186 187 188 189 190 191 192 193 194 195 196 197 198 199 200 201 202 203 204 205 206 207 208 209 210 211 212 213 214 215 216 217 218 219 220 221 222 223 224 225 226 227 228 229 230 231 232 233 234 235 236 237 238 239 240 241 242 243 244 245 246 247 248 249 250 251 252 253 254 255 0 1 2 3 4 5 6 7 8 9 10 11 12 13 14 15 16 17 18 19 20 21 22 23 24 25 26 27 28 29 30 31 32 33 34 35 36 37 38 39 40 41 42 43 44 45 46 47 48 49 50 51 52 53 54 55 56 57 58 59 60 61 62 63 64 65 66 67 68 69 70 71 72 73 74 75 76 77 78 79 80 81 82 83 84 85 86 87 88 89 90 91 92 93 94 95 96 97 98 99 100 101 102 103 104 105 106 107 108 109 110 111 112 113 114 115 116 117 118 119 120 121 122 123 124 125 126 127 128 129 130 131 132 133 134 135 136 137 138 139 140 141 142 143 144 145 146 147 148 149 150 151 152 153 154 155 156 157 158 159 160 161 162 163 164 165 166 167 168 169 170 171 172 173 174 175 176 177 178 179 180 181 182 183 184 185 186 187 188 189 190 191 192 193 194 195 196 197 198 199 200 201 202 203 204 205 206 207 208 209 210 211 212 213 214 215]",0x76
441,79,"[54 218 54 218 54 218 54 218 54 218 54 218 54 218 54 218 54 218 54 218 54 218 54 218 54 218 54 218 54 218 54 218 54 218 54 218 54 218 54 218 54 218 54 218 54 218 54 218 54 218 54 218 54 218 54 218 54 218 54 218 54 218 54 218 54 218 54 218 54 218 54 218 54 218 54 218 54 218 54]",0x7F
442,186,"[60 61 62 63 64 65 66 67 68 69 70 71 72 73 74 75 76 77 78 79 80 81 82 83 84 85 86 87 88 89 90 91 92 93 94 95 96 97 98 99 100 101 102 103 104 105 106 107 108 109 110 111 112 113 114 115 116 117 118 119 120 121 122 123 124 125 126 127 128 129 130 131 132 133 134 135 136 137 138 139 140 141 142 143 144 145 146 147 148 149 150 151 152 153 154 155 156 157 158 159 160 161 162 163 164 165 166 167 168 169 170 171 172 173 174 175 176 177 178 179 180 181 182 183 184 185 186 187 188 189 190 191 192 193 194 195 196 197 198 199 200 201 202 203 204 205 206 207 208 209 210 211 212 213 214 215 216 217 218 219 220 221 222 223 224 225 226 227 228 229 230 231 232 233 234 235 236 237 238 239 240 241 242 243 244 245]",0x31
443,5,"[198 255 39 255 28]",0x04
444,59,"[202 201 200 199 198 197 196 195 194 193 192 191 190 189 188 187 186 185 184 183 182 181 180 179 178 177 176 175 174 173 172 171 170 169 168 167 166 165 164 163 162 161 160 159 158 157 156 155 154 153 152 151 150 149 148 147 146 145 144]",0xB0
445,12,"[233 232 231 230 229 228 227 226 225 224 223 222]",0xCA
446,661,"[92 0 83 243 39 139 47 200 143 51 221 200 243 0 117 255 207 212 159 182 206 23 177 208 10 76 82 218 199 168 206 116 223 59 180 61 10 72 126 215 130 45 254 69 252 239 138 23 178 216 113 61 205 139 50 243 242 93 16 161 81 16 228 255 89 190 16 94 27 14 150 205 115 134 69 188 92 17 42 32 111 16 206 232 63 124 132 252 16 170 88 128 55 41 62 18 71 176 166 141 0 32 215 69 233 223 39 229 160 161 218 103 188 170 197 169 20 74 240 57 120 91 22 46 73 118 223 131 166 109 222 169 23 122 211 187 231 58 250 72 12 28 174 230 235 137 254 148 237 234 74 3 112 220 214 154 40 27 244 107 165 231 222 145 124 188 89 160 5 211 255 244 92 135 60 77 117 191 4 100 142 55 20 138 163 164 91 60 56 10 47 209 0 11 32 107 85 45 28 240 233 197 64 82 170 74 135 166 132 105 89 199 189 178 95 198 245 176 104 203 155 224 182 197 170 23 124 14 114 183 107 0 94 17 199 200 206 7 8 231 31 171 203 114 139 58 236 77 55 134 48 175 131 37 17 35 34 80 213 14 32 77 141 195 235 105 27 54 73 201 175 53 214 219 225 70 34 26 102 109 222 68 160 201 68 68 171 185 245 217 210 177 30 207 239 100 80 133 244 13 181 208 201 145 235 34 62 78 2 94 41 185 106 180 75 33 33 52 29 56 148 65 87 13 228 35 89 97 197 123 98 178 152 20 80 250 123 108 38 214 34 26 112 111 251 32 123 51 179 100 166 86 144 120 95 137 98 206 126 231 57 28 97 47 100 53 222 145 127 201 33 219 123 34 209 117 154 228 228 228 106 191 59 212 87 118 228 206 243 93 38 233 126 227 187 223 167 207 30 46 6 135 182 183 86 192 215 156 98 157 220 230 8 31 1 126 111 139 175 93 53 101 2 212 98 159 83 157 138 53 160 28 123 184 140 191 69 12 14 68 104 137 193 214 177 118 67 109 69 159 209 132 11 240 75 234 208 105 14 242 168 63 136 162 58 23 68 12 17 40 40 63 239 147 108 144 1 229 136 115 241 186 86 239 218 244 24 244 138 172 54 35 20 108 56 20 244 187 132 190 156 45 162 174 60 81 98 154 32 190 88 177 238 222 188 49 187 162 197 222 79 164 70 88 133 111 153 194 154 248 188 252 190 130 105 188 175 171 184 223 58 144 154 74 252 201 82 91 183 2 118 87 218 202 85 221 141 40 197 81 134 11 128 97 175 10 159 197 3 191 33 178 116 141 86 62 18 221 156 251 217 222 153 20 233 30 132 219 120 42 95 253 255 181 227 11 70 94 3 96 23 132 1 69 221 54 16 63 211 150 150 0 120 67 86 153 223 46 196 12 83 56 234 45 148 42 121 105 10 211 199 71 157 92 196 177 23 216 45 44 187 46 31 85 214 45 86 73 91 182 103 194 163 92 110 180 136 222 238 183 253]",0x8F
447,14,"[55 56 57 58 59 60 61 62 63 64 65 66 67 68]",0xB0
448,55,"[102 73 102 73 102 73 102 73 102 73 102 73 102 73 102 73 102 73 102 73 102 73 102 73 102 73 102 73 102 73 102 73 102 73 102 73 102 73 102 73 102 73 102 73 102 73 102 73 102 73 102 73 102 73 102]",0x1A
449,8,"[212 225 212 225 212 225 212 225]",0xA0
450,458,"[39 38 37 36 35 34 33 32 31 30 29 28 27 26 25 24 23 22 21 20 19 18 17 16 15 14 13 12 11 10 9 8 7 6 5 4 3 2 1 0 255 254 253 252 251 250 249 248 247 246 245 244 243 242 241 240 239 238 237 236 235 234 233 232 231 230 229 228 227 226 225 224 223 222 221 220 219 218 217 216 215 214 213 212 211 210 209 208 207 206 205 204 203 202 201 200 199 198 197 196 195 194 193 192 191 190 189 188 187 186 185 184 183 182 181 180 179 178 177 176 175 174 173 172 171 170 169 168 167 166 165 164 163 162 161 160 159 158 157 156 155 154 153 152 151 150 149 148 147 146 145 144 143 142 141 140 139 138 137 136 135 134 133 132 131 130 129 128 127 126 125 124 123 122 121 120 119 118 117 116 115 114 113 112 111 110 109 108 107 106 105 104 103 102 101 100 99 98 97 96 95 94 93 92 91 90 89 88 87 86 85 84 83 82 81 80 79 78 77 76 75 74 73 72 71 70 69 68 67 66 65 64 63 62 61 60 59 58 57 56 55 54 53 52 51 50 49 48 47 46 45 44 43 42 41 40 39 38 37 36 35 34 33 32 31 30 29 28 27 26 25 24 23 22 21 20 19 18 17 16 15 14 13 12 11 10 9 8 7 6 5 4 3 2 1 0 255 254 253 252 251 250 249 248 247 246 245 244 243 242 241 240 239 238 237 236 235 234 233 232 231 230 229 228 227 226 225 224 223 222 221 220 219 218 217 216 215 214 213 212 211 210 209 208 207 206 205 204 203 202 201 200 199 198 197 196 195 194 193 192 191 190 189 188 187 186 185 184 183 182 181 180 179 178 177 176 175 174 173 172 171 170 169 168 167 166 165 164 163 162 161 160 159 158 157 156 155 154 153 152 151 150 149 148 147 146 145 144 143 142 141 140 139 138 137 136 135 134 133 132 131 130 129 128 127 126 125 124 123 122 121 120 119 118 117 116 115 114 113 112 111 110 109 108 107 106 105 104 103 102 101 100 99 98 97 96 95 94]",0x20
451,466,"[193 192 191 190 189 188 187 186 185 184 183 182 181 180 179 178 177 176 175 174 173 172 171 170 169 168 167 166 165 164 163 162 161 160 159 158 157 156 155 154 153 152 151 150 149 148 147 146 145 144 143 142 141 140 139 138 137 136 135 134 133 132 131 130 129 128 127 126 125 124 123 122 121 120 119 118 117 116 115 114 113 112 111 110 109 108 107 106 105 104 103 102 101 100 99 98 97 96 95 94 93 92 91 90 89 88 87 86 85 84 83 82 81 80 79 78 77 76 75 74 73 72 71 70 69 68 67 66 65 64 63 62 61 60 59 58 57 56 55 54 53 52 51 50 49 48 47 46 45 44 43 42 41 40 39 38 37 36 35 34 33 32 31 30 29 28 27 26 25 24 23 22 21 20 19 18 17 16 15 14 13 12 11 10 9 8 7 6 5 4 3 2 1 0 255 254 253 252 251 250 249 248 247 246 245 244 243 242 241 240 239 238 237 236 235 234 233 232 231 230 229 228 227 226 225 224 223 222 221 220 219 218 217 216 215 214 213 212 211 210 209 208 207 206 205 204 203 202 201 200 199 198 197 196 195 194 193 192 191 190 189 188 187 186 185 184 183 182 181 180 179 178 177 176 175 174 173 172 171 170 169 168 167 166 165 164 163 162 161 160 159 158 157 156 155 154 153 152 151 150 149 148 147 146 145 144 143 142 141 140 139 138 137 136 135 134 133 132 131 130 129 128 127 126 125 124 123 122 121 120 119 118 117 116 115 114 113 112 111 110 109 108 107 106 105 104 103 102 101 100 99 98 97 96 95 94 93 92 91 90 89 88 87 86 85 84 83 82 81 80 79 78 77 76 75 74 73 72 71 70 69 68 67 66 65 64 63 62 61 60 59 58 57 56 55 54 53 52 51 50 49 48 47 46 45 44 43 42 41 40 39 38 37 36 35 34 33 32 31 30 29 28 27 26 25 24 23 22 21 20 19 18 17 16 15 14 13 12 11 10 9 8 7 6 5 4 3 2 1 0 255 254 253 252 251 250 249 248 247 246 245 244 243 242 241 240]",0xF7
452,68,"[151 152 153 154 155 156 157 158 159 160 161 162 163 164 165 166 167 168 169 170 171 172 173 174 175 176 177 178 179 180 181 182 183 184 185 186 187 188 189 190 191 192 193 194 195 196 197 198 199 200 201 202 203 204 205 206 207 208 209 210 211 212 213 214 215 216 217 218]",0x49
453,49,"[79 78 79 78 79 78 79 78 79 78 79 78 79 78 79 78 79 78 79 78 79 78 79 78 79 78 79 78 79 78 79 78 79 78 79 78 79 78 79 78 79 78 79 78 79 78 79 78 79]",0xAB
454,603,"[12 145 216 11 129 217 1 70 235 20 155 129 38 10 128 188 45 176 139 91 170 49 116 140 117 101 189 167 163 228 254 145 89 199 36 131 134 251 253 204 121 140 81 212 191 197 35 102 137 31 94 22 245 192 158 52 85 36 137 210 4 26 58 182 228 192 134 26 193 27 89 78 91 84 196 43 216 219 125 27 147 210 74 214 173 252 211 51 114 26 17 180 233 249 69 51 143 51 75 214 207 229 123 144 197 61 210 4 204 198 77 186 54 147 179 182 251 46 123 225 143 224 111 203 222 216 223 56 112 44 46 124 245 151 218 239 22 41 74 157 15 201 16 40 97 142 225 246 226 27 161 113 32 142 91 88 24 250 185 71 234 242 207 168 96 111 116 242 194 74 159 152 207 24 179 84 33 187 84 186 41 252 205 74 189 34 167 15 85 250 30 152 18 171 71 79 86 52 241 231 222 27 59 156 248 154 83 209 34 225 249 247 37 140 149 49 139 165 84 80 15 244 205 194 5 159 46 169 159 218 65 7 234 232 116 19 127 134 210 183 18 180 34 22 102 19 212 118 150 147 250 234 217 98 37 151 112 57 25 111 166 160 198 119 82 137 249 11 135 84 26 111 164 135 7 148 59 87 79 219 12 89 101 158 201 186 192 49 233 106 2 171 154 32 245 143 120 101 53 243 179 145 161 215 162 29 178 144 247 187 88 34 123 173 45 166 211 40 180 17 2 8 161 249 197 65 18 157 0 202 62 76 88 195 68 72 138 118 244 67 23 138 47 105 47 225 83 198 242 240 134 251 167 32 227 119 39 202 159 225 211 81 65 187 146 17 46 38 150 21 53 139 34 63 232 178 78 224 64 150 94 192 95 63 155 190 137 183 108 203 149 50 228 214 246 145 172 221 13 233 69 14 60 150 12 0 163 116 216 65 71 19 137 93 86 117 217 26 134 50 54 65 117 126 223 228 150 72 209 202 204 4 192 218 154 192 198 129 208 202 234 235 135 8 4 240 86 96 120 68 151 200 65 190 172 134 83 223 103 95 164 235 130 185 116 56 31 34 5 141 33 221 251 126 115 89 163 155 87 87 165 141 183 240 199 77 194 115 199 226 63 61 110 13 175 191 88 119 151 18 182 134 159 185 172 24 200 156 183 66 56 211 99 147 141 149 17 77 17 122 230 99 200 73 219 107 90 178 131 86 14 42 197 235 43 145 8 74 114 188 11 199 51 194 160 86 185 60 56 15 100 25 107 2 39 238 203 60 183 171 45 94 233 189 194 144 170 130 189 187 7 161 161 17 105 230 244 200 38 95 46 166 197 226 220 25 32 232 216 117 110 141 152 65 103 158 52 255 72 141 141 115 61]",0xDE
455,19,"[57 31 57 31 57 31 57 31 57 31 57 31 57 31 57 31 57 31 57]",0xA8
456,730,"[243 244 245 246 247 248 249 250 251 252 253 254 255 0 1 2 3 4 5 6 7 8 9 10 11 12 13 14 15 16 17 18 19 20 21 22 23 24 25 26 27 28 29 30 31 32 33 34 35 36 37 38 39 40 41 42 43 44 45 46 47 48 49 50 51 52 53 54 55 56 57 58 59 60 61 62 63 64 65 66 67 68 69 70 71 72 73 74 75 76 77 78 79 80 81 82 83 84 85 86 87 88 89 90 91 92 93 94 95 96 97 98 99 100 101 102 103 104 105 106 107 108 109 110 111 112 113 114 115 116 117 118 119 120 121 122 123 124 125 126 127 128 129 130 131 132 133 134 135 136 137 138 139 140 141 142 143 144 145 146 147 148 149 150 151 152 153 154 155 156 157 158 159 160 161 162 163 164 165 166 167 168 169 170 171 172 173 174 175 176 177 178 179 180 181 182 183 184 185 186 187 188 189 190 191 192 193 194 195 196 197 198 199 200 201 202 203 204 205 206 207 208 209 210 211 212 213 214 215 216 217 218 219 220 221 222 223 224 225 226 227 228 229 230 231 232 233 234 235 236 237 238 239 240 241 242 243 244 245 246 247 248 249 250 251 252 253 254 255 0 1 2 3 4 5 6 7 8 9 10 11 12 13 14 15 16 17 18 19 20 21 22 23 24 25 26 27 28 29 30 31 32 33 34 35 36 37 38 39 40 41 42 43 44 45 46 47 48 49 50 51 52 53 54 55 56 57 58 59 60 61 62 63 64 65 66 67 68 69 70 71 72 73 74 75 76 77 78 79 80 81 82 83 84 85 86 87 88 89 90 91 92 93 94 95 96 97 98 99 100 101 102 103 104 105 106 107 108 109 110 111 112 113 114 115 116 117 118 119 120 121 122 123 124 125 126 127 128 129 130 131 132 133 134 135 136 137 138 139 140 141 142 143 144 145 146 147 148 149 150 151 152 153 154 155 156 157 158 159 160 161 162 163 164 165 166 167 168 169 170 171 172 173 174 175 176 177 178 179 180 181 182 183 184 185 186 187 188 189 190 191 192 193 194 195 196 197 198 199 200 201 202 203 204 205 206 207 208 209 210 211 212 213 214 215 216 217 218 219 220 221 222 223 224 225 226 227 228 229 230 231 232 233 234 235 236 237 238 239 240 241 242 243 244 245 246 247 248 249 250 251 252 253 254 255 0 1 2 3 4 5 6 7 8 9 10 11 12 13 14 15 16 17 18 19 20 21 22 23 24 25 26 27 28 29 30 31 32 33 34 35 36 37 38 39 40 41 42 43 44 45 46 47 48 49 50 51 52 53 54 55 56 57 58 59 60 61 62 63 64 65 66 67 68 69 70 71 72 73 74 75 76 77 78 79 80 81 82 83 84 85 86 87 88 89 90 91 92 93 94 95 96 97 98 99 100 101 102 103 104 105 106 107 108 109 110 111 112 113 114 115 116 117 118 119 120 121 122 123 124 125 126 127 128 129 130 131 132 133 134 135 136 137 138 139 140 141 142 143 144 145 146 147 148 149 150 151 152 153 154 155 156 157 158 159 160 161 162 163 164 165 166 167 168 169 170 171 172 173 174 175 176 177 178 179 180 181 182 183 184 185 186 187 188 189 190 191 192 193 194 195 196 197 198 199 200 201 202 203 204]",0x1E
457,32,"[186 187 188 189 190 191 192 193 194 195 196 197 198 199 200 201 202 203 204 205 206 207 208 209 210 211 212 213 214 215 216 217]",0x65
458,16,"[136 166 210 122 173 187 156 90 33 165 196 48 126 101 52 62]",0x89
459,48,"[141 23 141 23 141 23 141 23 141 23 141 23 141 23 141 23 141 23 141 23 141 23 141 23 141 23 141 23 141 23 141 23 141 23 141 23 141 23 141 23 141 23 141 23 141 23 141 23]",0x77
460,12,"[175 197 9 175 197 9 175 197 9 175 197 9]",0x4D
461,42,"[102 101 100 99 98 97 96 95 94 93 92 91 90 89 88 87 86 85 84 83 82 81 80 79 78 77 76 75 74 73 72 71 70 69 68 67 66 65 64 63 62 61]",0xE9
462,643,"[232 255 0 255 78 0 0 0 141 0 244 0 0 255 255 107 255 255 255 0 0 0 255 65 0 0 255 25 0 255 0 255 255 255 255 23 0 255 255 255 0 255 186 0 0 0 255 255 255 0 74 47 0 255 255 255 0 0 255 0 0 0 255 255 255 128 0 100 0 255 0 255 0 87 49 19 189 255 0 255 0 0 218 255 2 255 255 0 0 61 103 255 0 138 0 153 255 255 255 0 0 0 9 255 255 244 210 255 0 0 255 255 103 0 241 73 255 0 255 255 255 0 0 255 0 255 119 53 255 110 0 255 0 158 230 255 0 178 206 255 215 255 255 255 255 255 49 255 193 89 255 73 255 52 34 0 178 0 153 195 255 255 0 0 0 0 129 37 255 0 137 255 255 0 255 255 0 0 233 0 250 0 0 255 0 0 255 255 0 32 114 255 238 255 255 0 0 59 0 0 253 0 255 0 255 255 255 255 0 0 231 0 255 41 159 0 0 0 146 255 44 0 105 51 0 0 255 72 226 255 0 0 0 255 0 255 0 0 255 0 0 255 0 0 111 162 255 0 48 255 0 255 255 246 0 68 0 94 34 255 0 151 0 0 255 255 186 0 0 255 255 255 0 235 255 0 255 255 255 92 23 0 0 255 0 255 139 97 0 0 0 251 255 0 10 0 49 95 252 159 255 73 0 0 255 255 127 219 0 255 255 4 255 0 176 255 255 0 82 0 255 0 255 0 200 216 255 0 0 0 216 0 0 255 0 30 0 255 0 255 0 209 159 255 0 0 0 0 0 0 0 0 255 255 0 255 255 93 0 0 0 167 0 255 0 77 255 255 16 106 78 165 255 0 0 255 0 74 0 255 0 0 255 255 255 255 0 255 0 255 0 0 0 255 255 255 0 255 0 6 0 255 255 255 0 20 255 0 0 86 219 16 0 0 140 255 0 0 0 207 255 0 253 255 255 0 0 255 0 0 255 0 140 255 255 25 0 210 114 184 0 255 0 255 241 255 255 255 255 0 0 0 255 64 0 255 255 255 123 8 255 48 255 215 255 255 0 0 0 0 0 255 0 0 0 255 0 0 0 255 255 255 255 255 255 255 255 62 0 255 0 255 0 0 0 9 158 255 255 73 79 0 0 255 218 255 10 63 255 130 11 0 0 20 255 255 0 0 255 64 255 255 255 0 0 255 0 255 255 146 255 0 0 0 255 0 170 255 255 185 255 0 255 255 255 109 51 231 255 0 0 0 87 0 255 0 0 0 255 149 0 233 255 83 143 0 255 84 0 255 0 255 255 255 255 255 255 0 69 255 255 255 255 255 255 0 255 255 187 255 54 255 255 0 186 0 70 0 196 255 246 217 0 194 34 255 6 83 255 255 82 80 111 255 0 158 255 47 0 0 0 183 0 197 82 183 0 0 193 255 0 164 0 255 255 0 0 255 0 0 0 0 0]",0xCF
463,340,"[25 24 23 22 21 20 19 18 17 16 15 14 13 12 11 10 9 8 7 6 5 4 3 2 1 0 255 254 253 252 251 250 249 248 247 246 245 244 243 242 241 240 239 238 237 236 235 234 233 232 231 230 229 228 227 226 225 224 223 222 221 220 219 218 217 216 215 214 213 212 211 210 209 208 207 206 205 204 203 202 201 200 199 198 197 196 195 194 193 192 191 190 189 188 187 186 185 184 183 182 181 180 179 178 177 176 175 174 173 172 171 170 169 168 167 166 165 164 163 162 161 160 159 158 157 156 155 154 153 152 151 150 149 148 147 146 145 144 143 142 141 140 139 138 137 136 135 134 133 132 131 130 129 128 127 126 125 124 123 122 121 120 119 118 117 116 115 114 113 112 111 110 109 108 107 106 105 104 103 102 101 100 99 98 97 96 95 94 93 92 91 90 89 88 87 86 85 84 83 82 81 80 79 78 77 76 75 74 73 72 71 70 69 68 67 66 65 64 63 62 61 60 59 58 57 56 55 54 53 52 51 50 49 48 47 46 45 44 43 42 41 40 39 38 37 36 35 34 33 32 31 30 29 28 27 26 25 24 23 22 21 20 19 18 17 16 15 14 13 12 11 10 9 8 7 6 5 4 3 2 1 0 255 254 253 252 251 250 249 248 247 246 245 244 243 242 241 240 239 238 237 236 235 234 233 232 231 230 229 228 227 226 225 224 223 222 221 220 219 218 217 216 215 214 213 212 211 210 209 208 207 206 205 204 203 202 201 200 199 198]",0xAC
464,5,"[49 73 49 73 49]",0x86
465,8,"[205 205 205 205 205 205 205 205]",0x39
466,3,"[2 2 2]",0x62
467,878,"[114 134 114 134 114 134 114 134 114 134 114 134 114 134 114 134 114 134 114 134 114 134 114 134 114 134 114 134 114 134 114 134 114 134 114 134 114 134 114 134 114 134 114 134 114 134 114 134 114 134 114 134 114 134 114 134 114 134 114 134 114 134 114 134 114 134 114 134 114 134 114 134 114 134 114 134 114 134 114 134 114 134 114 134 114 134 114 134 114 134 114 134 114 134 114 134 114 134 114 134 114 134 114 134 114 134 114 134 114 134 114 134 114 134 114 134 114 134 114 134 114 134 114 134 114 134 114 134 114 134 114 134 114 134 114 134 114 134 114 134 114 134 114 134 114 134 114 134 114 134 114 134 114 134 114 134 114 134 114 134 114 134 114 134 114 134 114 134 114 134 114 134 114 134 114 134 114 134 114 134 114 134 114 134 114 134 114 134 114 134 114 134 114 134 114 134 114 134 114 134 114 134 114 134 114 134 114 134 114 134 114 134 114 134 114 134 114 134 114 134 114 134 114 134 114 134 114 134 114 134 114 134 114 134 114 134 114 134 114 134 114 134 114 134 114 134 114 134 114 134 114 134 114 134 114 134 114 134 114 134 114 134 114 134 114 134 114 134 114 134 114 134 114 134 114 134 114 134 114 134 114 134 114 134 114 134 114 134 114 134 114 134 114 134 114 134 114 134 114 134 114 134 114 134 114 134 114 134 114 134 114 134 114 134 114 134 114 134 114 134 114 134 114 134 114 134 114 134 114 134 114 134 114 134 114 134 114 134 114 134 114 134 114 134 114 134 114 134 114 134 114 134 114 134 114 134 114 134 114 134 114 134 114 134 114 134 114 134 114 134 114 134 114 134 114 134 114 134 114 134 114 134 114 134 114 134 114 134 114 134 114 134 114 134 114 134 114 134 114 134 114 134 114 134 114 134 114 134 114 134 114 134 114 134 114 134 114 134 114 134 114 134 114 134 114 134 114 134 114 134 114 134 114 134 114 134 114 134 114 134 114 134 114 134 114 134 114 134 114 134 114 134 114 134 114 134 114 134 114 134 114 134 114 134 114 134 114 134 114 134 114 134 114 134 114 134 114 134 114 134 114 134 114 134 114 134 114 134 114 134 114 134 114 134 114 134 114 134 114 134 114 134 114 134 114 134 114 134 114 134 114 134 114 134 114 134 114 134 114 134 114 134 114 134 114 134 114 134 114 134 114 134 114 134 114 134 114 134 114 134 114 134 114 134 114 134 114 134 114 134 114 134 114 134 114 134 114 134 114 134 114 134 114 134 114 134 114 134 114 134 114 134 114 134 114 134 114 134 114 134 114 134 114 134 114 134 114 134 114 134 114 134 114 134 114 134 114 134 114 134 114 134 114 134 114 134 114 134 114 134 114 134 114 134 114 134 114 134 114 134 114 134 114 134 114 134 114 134 114 134 114 134 114 134 114 134 114 134 114 134 114 134 114 134 114 134 114 134 114 134 114 134 114 134 114 134 114 134 114 134 114 134 114 134 114 134 114 134 114 134 114 134 114 134 114 134 114 134 114 134 114 134 114 134 114 134 114 134 114 134 114 134 114 134 114 134 114 134 114 134 114 134 114 134 114 134 114 134 114 134 114 134 114 134 114 134 114 134 114 134 114 134 114 134 114 134 114 134 114 134 114 134 114 134 114 134 114 134 114 134 114 134 114 134 114 134 114 134 114 134 114 134 114 134 114 134 114 134 114 134 114 134 114 134 114 134 114 134 114 134 114 134 114 134 114 134 114 134 114 134 114 134 114 134 114 134 114 134 114 134 114 134 114 134 114 134 114 134 114 134 114 134 114 134 114 134 114 134 114 134 114 134 114 134 114 134 114 134 114 134 114 134 114 134 114 134 114 134 114 134 114 134 114 134 114 134 114 134 114 134 114 134 114 134 114 134 114 134 114 134 114 134 114 134 114 134 114 134 114 134 114 134 114 134 114 134 114 134 114 134 114 134 114 134 114 134 114 134]",0x43
468,81,"[48 29 48 29 48 29 48 29 48 29 48 29 48 29 48 29 48 29 48 29 48 29 48 29 48 29 48 29 48 29 48 29 48 29 48 29 48 29 48 29 48 29 48 29 48 29 48 29 48 29 48 29 48 29 48 29 48 29 48 29 48 29 48 29 48 29 48 29 48 29 48 29 48 29 48 29 48 29 48 29 48]",0x33
469,144,"[236 234 141 20 18 103 187 127 160 215 10 236 84 11 213 239 205 223 133 174 73 63 155 101 102 244 132 252 220 163 2 75 106 167 101 169 88 200 77 16 44 0 213 160 146 169 167 144 215 112 206 201 51 116 213 212 57 108 12 66 66 54 101 208 62 149 142 209 100 57 228 213 159 23 4 46 50 34 67 86 193 181 250 192 41 31 22 187 60 18 107 181 77 123 49 109 91 111 119 23 23 66 29 64 6 89 54 228 219 76 244 134 217 211 240 78 11 26 146 135 76 63 181 87 154 182 110 49 23 212 214 146 161 91 215 67 143 0 240 242 181 108 45 126]",0x7C
470,645,"[217 218 219 220 221 222 223 224 225 226 227 228 229 230 231 232 233 234 235 236 237 238 239 240 241 242 243 244 245 246 247 248 249 250 251 252 253 254 255 0 1 2 3 4 5 6 7 8 9 10 11 12 13 14 15 16 17 18 19 20 21 22 23 24 25 26 27 28 29 30 31 32 33 34 35 36 37 38 39 40 41 42 43 44 45 46 47 48 49 50 51 52 53 54 55 56 57 58 59 60 61 62 63 64 65 66 67 68 69 70 71 72 73 74 75 76 77 78 79 80 81 82 83 84 85 86 87 88 89 90 91 92 93 94 95 96 97 98 99 100 101 102 103 104 105 106 107 108 109 110 111 112 113 114 115 116 117 118 119 120 121 122 123 124 125 126 127 128 129 130 131 132 133 134 135 136 137 138 139 140 141 142 143 144 145 146 147 148 149 150 151 152 153 154 155 156 157 158 159 160 161 162 163 164 165 166 167 168 169 170 171 172 173 174 175 176 177 178 179 180 181 182 183 184 185 186 187 188 189 190 191 192 193 194 195 196 197 198 199 200 201 202 203 204 205 206 207 208 209 210 211 212 213 214 215 216 217 218 219 220 221 222 223 224 225 226 227 228 229 230 231 232 233 234 235 236 237 238 239 240 241 242 243 244 245 246 247 248 249 250 251 252 253 254 255 0 1 2 3 4 5 6 7 8 9 10 11 12 13 14 15 16 17 18 19 20 21 22 23 24 25 26 27 28 29 30 31 32 33 34 35 36 37 38 39 40 41 42 43 44 45 46 47 48 49 50 51 52 53 54 55 56 57 58 59 60 61 62 63 64 65 66 67 68 69 70 71 72 73 74 75 76 77 78 79 80 81 82 83 84 85 86 87 88 89 90 91 92 93 94 95 96 97 98 99 100 101 102 103 104 105 106 107 108 109 110 111 112 113 114 115 116 117 118 119 120 121 122 123 124 125 126 127 128 129 130 131 132 133 134 135 136 137 138 139 140 141 142 143 144 145 146 147 148 149 150 151 152 153 154 155 156 157 158 159 160 161 162 163 164 165 166 167 168 169 170 171 172 173 174 175 176 177 178 179 180 181 182 183 184 185 186 187 188 189 190 191 192 193 194 195 196 197 198 199 200 201 202 203 204 205 206 207 208 209 210 211 212 213 214 215 216 217 218 219 220 221 222 223 224 225 226 227 228 229 230 231 232 233 234 235 236 237 238 239 240 241 242 243 244 245 246 247 248 249 250 251 252 253 254 255 0 1 2 3 4 5 6 7 8 9 10 11 12 13 14 15 16 17 18 19 20 21 22 23 24 25 26 27 28 29 30 31 32 33 34 35 36 37 38 39 40 41 42 43 44 45 46 47 48 49 50 51 52 53 54 55 56 57 58 59 60 61 62 63 64 65 66 67 68 69 70 71 72 73 74 75 76 77 78 79 80 81 82 83 84 85 86 87 88 89 90 91 92 93]",0xD6
471,88,"[0 187 0 187 0 187 0 187 0 187 0 187 0 187 0 187 0 187 0 187 0 187 0 187 0 187 0 187 0 187 0 187 0 187 0 187 0 187 0 187 0 187 0 187 0 187 0 187 0 187 0 187 0 187 0 187 0 187 0 187 0 187 0 187 0 187 0 187 0 187 0 187 0 187 0 187 0 187 0 187 0 187 0 187 0 187 0 187]",0x93
472,536,"[206 226 206 226 206 226 206 226 206 226 206 226 206 226 206 226 206 226 206 226 206 226 206 226 206 226 206 226 206 226 206 226 206 226 206 226 206 226 206 226 206 226 206 226 206 226 206 226 206 226 206 226 206 226 206 226 206 226 206 226 206 226 206 226 206 226 206 226 206 226 206 226 206 226 206 226 206 226 206 226 206 226 206 226 206 226 206 226 206 226 206 226 206 226 206 226 206 226 206 226 206 226 206 226 206 226 206 226 206 226 206 226 206 226 206 226 206 226 206 226 206 226 206 226 206 226 206 226 206 226 206 226 206 226 206 226 206 226 206 226 206 226 206 226 206 226 206 226 206 226 206 226 206 226 206 226 206 226 206 226 206 226 206 226 206 226 206 226 206 226 206 226 206 226 206 226 206 226 206 226 206 226 206 226 206 226 206 226 206 226 206 226 206 226 206 226 206 226 206 226 206 226 206 226 206 226 206 226 206 226 206 226 206 226 206 226 206 226 206 226 206 226 206 226 206 226 206 226 206 226 206 226 206 226 206 226 206 226 206 226 206 226 206 226 206 226 206 226 206 226 206 226 206 226 206 226 206 226 206 226 206 226 206 226 206 226 206 226 206 226 206 226 206 226 206 226 206 226 206 226 206 226 206 226 206 226 206 226 206 226 206 226 206 226 206 226 206 226 206 226 206 226 206 226 206 226 206 226 206 226 206 226 206 226 206 226 206 226 206 226 206 226 206 226 206 226 206 226 206 226 206 226 206 226 206 226 206 226 206 226 206 226 206 226 206 226 206 226 206 226 206 226 206 226 206 226 206 226 206 226 206 226 206 226 206 226 206 226 206 226 206 226 206 226 206 226 206 226 206 226 206 226 206 226 206 226 206 226 206 226 206 226 206 226 206 226 206 226 206 226 206 226 206 226 206 226 206 226 206 226 206 226 206 226 206 226 206 226 206 226 206 226 206 226 206 226 206 226 206 226 206 226 206 226 206 226 206 226 206 226 206 226 206 226 206 226 206 226 206 226 206 226 206 226 206 226 206 226 206 226 206 226 206 226 206 226 206 226 206 226 206 226 206 226 206 226 206 226 206 226 206 226 206 226 206 226 206 226 206 226 206 226 206 226 206 226 206 226 206 226 206 226 206 226 206 226 206 226 206 226 206 226 206 226 206 226 206 226 206 226 206 226 206 226 206 226 206 226 206 226 206 226 206 226 206 226]",0x55
473,412,"[210 211 212 213 214 215 216 217 218 219 220 221 222 223 224 225 226 227 228 229 230 231 232 233 234 235 236 237 238 239 240 241 242 243 244 245 246 247 248 249 250 251 252 253 254 255 0 1 2 3 4 5 6 7 8 9 10 11 12 13 14 15 16 17 18 19 20 21 22 23 24 25 26 27 28 29 30 31 32 33 34 35 36 37 38 39 40 41 42 43 44 45 46 47 48 49 50 51 52 53 54 55 56 57 58 59 60 61 62 63 64 65 66 67 68 69 70 71 72 73 74 75 76 77 78 79 80 81 82 83 84 85 86 87 88 89 90 91 92 93 94 95 96 97 98 99 100 101 102 103 104 105 106 107 108 109 110 111 112 113 114 115 116 117 118 119 120 121 122 123 124 125 126 127 128 129 130 131 132 133 134 135 136 137 138 139 140 141 142 143 144 145 146 147 148 149 150 151 152 153 154 155 156 157 158 159 160 161 162 163 164 165 166 167 168 169 170 171 172 173 174 175 176 177 178 179 180 181 182 183 184 185 186 187 188 189 190 191 192 193 194 195 196 197 198 199 200 201 202 203 204 205 206 207 208 209 210 211 212 213 214 215 216 217 218 219 220 221 222 223 224 225 226 227 228 229 230 231 232 233 234 235 236 237 238 239 240 241 242 243 244 245 246 247 248 249 250 251 252 253 254 255 0 1 2 3 4 5 6 7 8 9 10 11 12 13 14 15 16 17 18 19 20 21 22 23 24 25 26 27 28 29 30 31 32 33 34 35 36 37 38 39 40 41 42 43 44 45 46 47 48 49 50 51 52 53 54 55 56 57 58 59 60 61 62 63 64 65 66 67 68 69 70 71 72 73 74 75 76 77 78 79 80 81 82 83 84 85 86 87 88 89 90 91 92 93 94 95 96 97 98 99 100 101 102 103 104 105 106 107 108 109]",0xBB
474,52,"[73 74 75 76 77 78 79 80 81 82 83 84 85 86 87 88 89 90 91 92 93 94 95 96 97 98 99 100 101 102 103 104 105 106 107 108 109 110 111 112 113 114 115 116 117 118 119 120 121 122 123 124]",0xE0
475,1,"97",0x3B
476,301,"[142 88 220 190 142 88 220 190 142 88 220 190 142 88 220 190 142 88 220 190 142 88 220 190 142 88 220 190 142 88 220 190 142 88 220 190 142 88 220 190 142 88 220 190 142 88 220 190 142 88 220 190 142 88 220 190 142 88 220 190 142 88 220 190 142 88 220 190 142 88 220 190 142 88 220 190 142 88 220 190 142 88 220 190 142 88 220 190 142 88 220 190 142 88 220 190 142 88 220 190 142 88 220 190 142 88 220 190 142 88 220 190 142 88 220 190 142 88 220 190 142 88 220 190 142 88 220 190 142 88 220 190 142 88 220 190 142 88 220 190 142 88 220 190 142 88 220 190 142 88 220 190 142 88 220 190 142 88 220 190 142 88 220 190 142 88 220 190 142 88 220 190 142 88 220 190 142 88 220 190 142 88 220 190 142 88 220 190 142 88 220 190 142 88 220 190 142 88 220 190 142 88 220 190 142 88 220 190 142 88 220 190 142 88 220 190 142 88 220 190 142 88 220 190 142 88 220 190 142 88 220 190 142 88 220 190 142 88 220 190 142 88 220 190 142 88 220 190 142 88 220 190 142 88 220 190 142 88 220 190 142 88 220 190 142 88 220 190 142 88 220 190 142 88 220 190 142 88 220 190 142 88 220 190 142 88 220 190 142 88 220 190 142 88 220 190 142 88 220 190 142]",0xFC
477,91,"[100 207 98 237 39 86 108 175 50 2 249 230 76 123 125 222 152 211 233 144 73 127 217 149 229 229 95 114 173 28 119 38 217 241 36 170 162 194 178 55 74 42 235 133 249 115 141 202 204 59 73 25 206 203 20 65 115 138 133 251 195 28 75 88 80 201 92 126 136 69 82 199 221 9 154 162 188 177 224 20 99 200 216 67 149 46 217 186 56 159 130]",0x1E
478,91,"[119 120 121 122 123 124 125 126 127 128 129 130 131 132 133 134 135 136 137 138 139 140 141 142 143 144 145 146 147 148 149 150 151 152 153 154 155 156 157 158 159 160 161 162 163 164 165 166 167 168 169 170 171 172 173 174 175 176 177 178 179 180 181 182 183 184 185 186 187 188 189 190 191 192 193 194 195 196 197 198 199 200 201 202 203 204 205 206 207 208 209]",0xDC
479,85,"[155 156 157 158 159 160 161 162 163 164 165 166 167 168 169 170 171 172 173 174 175 176 177 178 179 180 181 182 183 184 185 186 187 188 189 190 191 192 193 194 195 196 197 198 199 200 201 202 203 204 205 206 207 208 209 210 211 212 213 214 215 216 217 218 219 220 221 222 223 224 225 226 227 228 229 230 231 232 233 234 235 236 237 238 239]",0x89
480,9,"[184 185 186 187 188 189 190 191 192]",0x2D
481,146,"[68 69 70 71 72 73 74 75 76 77 78 79 80 81 82 83 84 85 86 87 88 89 90 91 92 93 94 95 96 97 98 99 100 101 102 103 104 105 106 107 108 109 110 111 112 113 114 115 116 117 118 119 120 121 122 123 124 125 126 127 128 129 130 131 132 133 134 135 136 137 138 139 140 141 142 143 144 145 146 147 148 149 150 151 152 153 154 155 156 157 158 159 160 161 162 163 164 165 166 167 168 169 170 171 172 173 174 175 176 177 178 179 180 181 182 183 184 185 186 187 188 189 190 191 192 193 194 195 196 197 198 199 200 201 202 203 204 205 206 207 208 209 210 211 212 213]",0x57
482,533,"[200 234 252 25 48 49 50 51 52 53 54 55 56 57 58 59 60 61 62 63 64 65 66 67 68 69 70 71 72 73 74 75 76 77 78 79 80 81 82 83 84 85 86 87 88 89 90 91 92 93 94 95 96 97 98 99 100 101 102 103 104 105 106 107 108 109 110 111 112 113 114 115 116 117 118 119 120 121 122 123 124 125 126 127 128 129 130 131 132 133 134 135 136 137 138 139 140 141 142 143 144 145 146 147 148 149 150 151 152 153 154 155 156 157 158 159 160 161 162 163 164 165 166 167 168 169 170 171 172 173 174 175 176 177 178 179 180 181 182 183 184 185 186 187 188 189 190 191 192 193 194 195 196 197 198 199 200 201 202 203 204 205 206 207 208 209 210 211 212 213 214 215 216 217 218 219 220 221 222 223 224 225 226 227 228 229 230 231 232 233 234 235 236 237 238 239 240 241 242 243 244 245 246 247 248 249 250 251 252 253 254 255 0 1 2 3 4 5 6 7 8 9 10 11 12 13 14 15 16 17 18 19 20 21 22 23 24 25 26 27 28 29 30 31 32 33 34 35 36 37 38 39 40 41 42 43 44 45 46 47 48 49 50 51 52 53 54 55 56 57 58 59 60 61 62 63 64 65 66 67 68 69 70 71 72 73 74 75 76 77 78 79 80 81 82 83 84 85 86 87 88 89 90 91 92 93 94 95 96 97 98 99 100 101 102 103 104 105 106 107 108 109 110 111 112 113 114 115 116 117 118 119 120 121 122 123 124 125 126 127 128 129 130 131 132 133 134 135 136 137 138 139 140 141 142 143 144 145 146 147 148 149 150 151 152 153 154 155 156 157 158 159 160 161 162 163 164 165 166 167 168 169 170 171 172 173 174 175 176 177 178 179 180 181 182 183 184 185 186 187 188 189 190 191 192 193 194 195 196 197 198 199 200 201 202 203 204 205 206 207 208 209 210 211 212 213 214 215 216 217 218 219 220 221 222 223 224 225 226 227 228 229 230 231 232 233 234 235 236 237 238 239 240 241 242 243 244 245 246 247 248 249 250 251 252 253 254 255 0 1 2 3 4 5 6 7 8 9 10 11 12 13 14 15 16 17 18 19 20 21 22 23 24 25 26 27 28 29 30 31 32 33 34 35 36 37 38 39 40 41 42 43 44 45 46 47 48 49 50 51 52 53 54 55 56 57 58 59 60 61 62 63 64]",0x12
483,420,"[218 219 220 221 222 223 224 225 226 227 228 229 230 231 232 233 234 235 236 237 238 239 240 241 242 243 244 245 246 247 248 249 250 251 252 253 254 255 0 1 2 3 4 5 6 7 8 9 10 11 12 13 14 15 16 17 18 19 20 21 22 23 24 25 26 27 28 29 30 31 32 33 34 35 36 37 38 39 40 41 42 43 44 45 46 47 48 49 50 51 52 53 54 55 56 57 58 59 60 61 62 63 64 65 66 67 68 69 70 71 72 73 74 75 76 77 78 79 80 81 82 83 84 85 86 87 88 89 90 91 92 93 94 95 96 97 98 99 100 101 102 103 104 105 106 107 108 109 110 111 112 113 114 115 116 117 118 119 120 121 122 123 124 125 126 127 128 129 130 131 132 133 134 135 136 137 138 139 140 141 142 143 144 145 146 147 148 149 150 151 152 153 154 155 156 157 158 159 160 161 162 163 164 165 166 167 168 169 170 171 172 173 174 175 176 177 178 179 180 181 182 183 184 185 186 187 188 189 190 191 192 193 194 195 196 197 198 199 200 201 202 203 204 205 206 207 208 209 210 211 212 213 214 215 216 217 218 219 220 221 222 223 224 225 226 227 228 229 230 231 232 233 234 235 236 237 238 239 240 241 242 243 244 245 246 247 248 249 250 251 252 253 254 255 0 1 2 3 4 5 6 7 8 9 10 11 12 13 14 15 16 17 18 19 20 21 22 23 24 25 26 27 28 29 30 31 32 33 34 35 36 37 38 39 40 41 42 43 44 45 46 47 48 49 50 51 52 53 54 55 56 57 58 59 60 61 62 63 64 65 66 67 68 69 70 71 72 73 74 75 76 77 78 79 80 81 82 83 84 85 86 87 88 89 90 91 92 93 94 95 96 97 98 99 100 101 102 103 104 105 106 107 108 109 110 111 112 113 114 115 116 117 118 119 120 121 122 123 124 125]",0xB8
484,159,"[17 122 17 122 17 122 17 122 17 122 17 122 17 122 17 122 17 122 17 122 17 122 17 122 17 122 17 122 17 122 17 122 17 122 17 122 17 122 17 122 17 122 17 122 17 122 17 122 17 122 17 122 17 122 17 122 17 122 17 122 17 122 17 122 17 122 17 122 17 122 17 122 17 122 17 122 17 122 17 122 17 122 17 122 17 122 17 122 17 122 17 122 17 122 17 122 17 122 17 122 17 122 17 122 17 122 17 122 17 122 17 122 17 122 17 122 17 122 17 122 17 122 17 122 17 122 17 122 17 122 17 122 17 122 17 122 17 122 17 122 17 122 17 122 17 122 17 122 17 122 17 122 17 122 17 122 17 122 17]",0x3B
485,11,"[246 255 255 250 255 73 0 225 255 255 0]",0xA2
486,657,"[18 17 16 15 14 13 12 11 10 9 8 7 6 5 4 3 2 1 0 255 254 253 252 251 250 249 248 247 246 245 244 243 242 241 240 239 238 237 236 235 234 233 232 231 230 229 228 227 226 225 224 223 222 221 220 219 218 217 216 215 214 213 212 211 210 209 208 207 206 205 204 203 202 201 200 199 198 197 196 195 194 193 192 191 190 189 188 187 186 185 184 183 182 181 180 179 178 177 176 175 174 173 172 171 170 169 168 167 166 165 164 163 162 161 160 159 158 157 156 155 154 153 152 151 150 149 148 147 146 145 144 143 142 141 140 139 138 137 136 135 134 133 132 131 130 129 128 127 126 125 124 123 122 121 120 119 118 117 116 115 114 113 112 111 110 109 108 107 106 105 104 103 102 101 100 99 98 97 96 95 94 93 92 91 90 89 88 87 86 85 84 83 82 81 80 79 78 77 76 75 74 73 72 71 70 69 68 67 66 65 64 63 62 61 60 59 58 57 56 55 54 53 52 51 50 49 48 47 46 45 44 43 42 41 40 39 38 37 36 35 34 33 32 31 30 29 28 27 26 25 24 23 22 21 20 19 18 17 16 15 14 13 12 11 10 9 8 7 6 5 4 3 2 1 0 255 254 253 252 251 250 249 248 247 246 245 244 243 242 241 240 239 238 237 236 235 234 233 232 231 230 229 228 227 226 225 224 223 222 221 220 219 218 217 216 215 214 213 212 211 210 209 208 207 206 205 204 203 202 201 200 199 198 197 196 195 194 193 192 191 190 189 188 187 186 185 184 183 182 181 180 179 178 177 176 175 174 173 172 171 170 169 168 167 166 165 164 163 162 161 160 159 158 157 156 155 154 153 152 151 150 149 148 147 146 145 144 143 142 141 140 139 138 137 136 135 134 133 132 131 130 129 128 127 126 125 124 123 122 121 120 119 118 117 116 115 114 113 112 111 110 109 108 107 106 105 104 103 102 101 100 99 98 97 96 95 94 93 92 91 90 89 88 87 86 85 84 83 82 81 80 79 78 77 76 75 74 73 72 71 70 69 68 67 66 65 64 63 62 61 60 59 58 57 56 55 54 53 52 51 50 49 48 47 46 45 44 43 42 41 40 39 38 37 36 35 34 33 32 31 30 29 28 27 26 25 24 23 22 21 20 19 18 17 16 15 14 13 12 11 10 9 8 7 6 5 4 3 2 1 0 255 254 253 252 251 250 249 248 247 246 245 244 243 242 241 240 239 238 237 236 235 234 233 232 231 230 229 228 227 226 225 224 223 222 221 220 219 218 217 216 215 214 213 212 211 210 209 208 207 206 205 204 203 202 201 200 199 198 197 196 195 194 193 192 191 190 189 188 187 186 185 184 183 182 181 180 179 178 177 176 175 174 173 172 171 170 169 168 167 166 165 164 163 162 161 160 159 158 157 156 155 154 153 152 151 150 149 148 147 146 145 144 143 142 141 140 139 138 137 136 135 134 133 132 131 130]",0xF9
487,71,"[84 90 127 92 116 140 32 46 213 117 90 111 44 61 131 91 121 38 40 98 96 226 8 254 244 138 184 239 64 80 28 144 40 238 110 235 52 177 165 102 229 111 50 250 113 53 93 157 131 162 169 31 80 191 166 22 80 238 220 171 18 155 3 169 187 127 0 170 209 149 181]",0x55
488,8,"[82 83 84 85 86 87 88 89]",0xC3
489,682,"[46 47 48 49 50 51 52 53 54 55 56 57 58 59 60 61 62 63 64 65 66 67 68 69 70 71 72 73 74 75 76 77 78 79 80 81 82 83 84 85 86 87 88 89 90 91 92 93 94 95 96 97 98 99 100 101 102 103 104 105 106 107 108 109 110 111 112 113 114 115 116 117 118 119 120 121 122 123 124 125 126 127 128 129 130 131 132 133 134 135 136 137 138 139 140 141 142 143 144 145 146 147 148 149 150 151 152 153 154 155 156 157 158 159 160 161 162 163 164 165 166 167 168 169 170 171 172 173 174 175 176 177 178 179 180 181 182 183 184 185 186 187 188 189 190 191 192 193 194 195 196 197 198 199 200 201 202 203 204 205 206 207 208 209 210 211 212 213 214 215 216 217 218 219 220 221 222 223 224 225 226 227 228 229 230 231 232 233 234 235 236 237 238 239 240 241 242 243 244 245 246 247 248 249 250 251 252 253 254 255 0 1 2 3 4 5 6 7 8 9 10 11 12 13 14 15 16 17 18 19 20 21 22 23 24 25 26 27 28 29 30 31 32 33 34 35 36 37 38 39 40 41 42 43 44 45 46 47 48 49 50 51 52 53 54 55 56 57 58 59 60 61 62 63 64 65 66 67 68 69 70 71 72 73 74 75 76 77 78 79 80 81 82 83 84 85 86 87 88 89 90 91 92 93 94 95 96 97 98 99 100 101 102 103 104 105 106 107 108 109 110 111 112 113 114 115 116 117 118 119 120 121 122 123 124 125 126 127 128 129 130 131 132 133 134 135 136 137 138 139 140 141 142 143 144 145 146 147 148 149 150 151 152 153 154 155 156 157 158 159 160 161 162 163 164 165 166 167 168 169 170 171 172 173 174 175 176 177 178 179 180 181 182 183 184 185 186 187 188 189 190 191 192 193 194 195 196 197 198 199 200 201 202 203 204 205 206 207 208 209 210 211 212 213 214 215 216 217 218 219 220 221 222 223 224 225 226 227 228 229 230 231 232 233 234 235 236 237 238 239 240 241 242 243 244 245 246 247 248 249 250 251 252 253 254 255 0 1 2 3 4 5 6 7 8 9 10 11 12 13 14 15 16 17 18 19 20 21 22 23 24 25 26 27 28 29 30 31 32 33 34 35 36 37 38 39 40 41 42 43 44 45 46 47 48 49 50 51 52 53 54 55 56 57 58 59 60 61 62 63 64 65 66 67 68 69 70 71 72 73 74 75 76 77 78 79 80 81 82 83 84 85 86 87 88 89 90 91 92 93 94 95 96 97 98 99 100 101 102 103 104 105 106 107 108 109 110 111 112 113 114 115 116 117 118 119 120 121 122 123 124 125 126 127 128 129 130 131 132 133 134 135 136 137 138 139 140 141 142 143 144 145 146 147 148 149 150 151 152 153 154 155 156 157 158 159 160 161 162 163 164 165 166 167 168 169 170 171 172 173 174 175 176 177 178 179 180 181 182 183 184 185 186 187 188 189 190 191 192 193 194 195 196 197 198 199 200 201 202 203 204 205 206 207 208 209 210 211 212 213 214 215]",0x0D
490,100,"[15 230 15 230 15 230 15 230 15 230 15 230 15 230 15 230 15 230 15 230 15 230 15 230 15 230 15 230 15 230 15 230 15 230 15 230 15 230 15 230 15 230 15 230 15 230 15 230 15 230 15 230 15 230 15 230 15 230 15 230 15 230 15 230 15 230 15 230 15 230 15 230 15 230 15 230 15 230 15 230 15 230 15 230 15 230 15 230 15 230 15 230 15 230 15 230 15 230 15 230]",0xCF
491,5,"[96 181 153 11 96]",0xE1
492,46,"[156 136 160 225 139 41 111 236 51 182 65 120 120 120 7 198 216 135 44 32 33 34 35 36 37 224 225 226 227 228 229 230 28 65 243 130 132 134 28 21 179 14 113 230 196 85]",0xE1
493,738,"[61 201 61 201 61 201 61 201 61 201 61 201 61 201 61 201 61 201 61 201 61 201 61 201 61 201 61 201 61 201 61 201 61 201 61 201 61 201 61 201 61 201 61 201 61 201 61 201 61 201 61 201 61 201 61 201 61 201 61 201 61 201 61 201 61 201 61 201 61 201 61 201 61 201 61 201 61 201 61 201 61 201 61 201 61 201 61 201 61 201 61 201 61 201 61 201 61 201 61 201 61 201 61 201 61 201 61 201 61 201 61 201 61 201 61 201 61 201 61 201 61 201 61 201 61 201 61 201 61 201 61 201 61 201 61 201 61 201 61 201 61 201 61 201 61 201 61 201 61 201 61 201 61 201 61 201 61 201 61 201 61 201 61 201 61 201 61 201 61 201 61 201 61 201 61 201 61 201 61 201 61 201 61 201 61 201 61 201 61 201 61 201 61 201 61 201 61 201 61 201 61 201 61 201 61 201 61 201 61 201 61 201 61 201 61 201 61 201 61 201 61 201 61 201 61 201 61 201 61 201 61 201 61 201 61 201 61 201 61 201 61 201 61 201 61 201 61 201 61 201 61 201 61 201 61 201 61 201 61 201 61 201 61 201 61 201 61 201 61 201 61 201 61 201 61 201 61 201 61 201 61 201 61 201 61 201 61 201 61 201 61 201 61 201 61 201 61 201 61 201 61 201 61 201 61 201 61 201 61 201 61 201 61 201 61 201 61 201 61 201 61 201 61 201 61 201 61 201 61 201 61 201 61 201 61 201 61 201 61 201 61 201 61 201 61 201 61 201 61 201 61 201 61 201 61 201 61 201 61 201 61 201 61 201 61 201 61 201 61 201 61 201 61 201 61 201 61 201 61 201 61 201 61 201 61 201 61 201 61 201 61 201 61 201 61 201 61 201 61 201 61 201 61 201 61 201 61 201 61 201 61 201 61 201 61 201 61 201 61 201 61 201 61 201 61 201 61 201 61 201 61 201 61 201 61 201 61 201 61 201 61 201 61 201 61 201 61 201 61 201 61 201 61 201 61 201 61 201 61 201 61 201 61 201 61 201 61 201 61 201 61 201 61 201 61 201 61 201 61 201 61 201 61 201 61 201 61 201 61 201 61 201 61 201 61 201 61 201 61 201 61 201 61 201 61 201 61 201 61 201 61 201 61 201 61 201 61 201 61 201 61 201 61 201 61 201 61 201 61 201 61 201 61 201 61 201 61 201 61 201 61 201 61 201 61 201 61 201 61 201 61 201 61 201 61 201 61 201 61 201 61 201 61 201 61 201 61 201 61 201 61 201 61 201 61 201 61 201 61 201 61 201 61 201 61 201 61 201 61 201 61 201 61 201 61 201 61 201 61 201 61 201 61 201 61 201 61 201 61 201 61 201 61 201 61 201 61 201 61 201 61 201 61 201 61 201 61 201 61 201 61 201 61 201 61 201 61 201 61 201 61 201 61 201 61 201 61 201 61 201 61 201 61 201 61 201 61 201 61 201 61 201 61 201 61 201 61 201 61 201 61 201 61 201 61 201 61 201 61 201 61 201 61 201 61 201 61 201 61 201 61 201 61 201 61 201 61 201 61 201 61 201 61 201 61 201 61 201 61 201 61 201 61 201 61 201 61 201 61 201 61 201 61 201 61 201 61 201 61 201 61 201 61 201 61 201 61 201]",0x68
494,40,"[153 14 36 50 18 31 61 88 202 55 171 14 203 154 51 84 206 110 65 238 163 206 6 86 117 150 48 127 88 177 99 120 34 166 57 212 141 143 233 42]",0x57
495,45,"[235 236 237 238 239 240 241 242 24 214 240 118 237 157 96 0 16 219 125 137 204 122 219 119 172 35 217 80 85 151 21 196 158 218 137 106 1 1 1 1 1 1 1 1 1]",0x51
496,2,"[65 133]",0xEC
497,557,"[156 157 158 159 160 161 162 163 164 165 166 167 168 169 170 171 172 173 174 175 176 177 178 179 180 181 182 183 184 185 186 187 188 189 190 191 192 193 194 195 196 197 198 199 200 201 202 203 204 205 206 207 208 209 210 211 212 213 214 215 216 217 218 219 220 221 222 223 224 225 226 227 228 229 230 231 232 233 234 235 236 237 238 239 240 241 242 243 244 245 246 247 248 249 250 251 252 253 254 255 0 1 2 3 4 5 6 7 8 9 10 11 12 13 14 15 16 17 18 19 20 21 22 23 24 25 26 27 28 29 30 31 32 33 34 35 36 37 38 39 40 41 42 43 44 45 46 47 48 49 50 51 52 53 54 55 56 57 58 59 60 61 62 63 64 65 66 67 68 69 70 71 72 73 74 75 76 77 78 79 80 81 82 83 84 85 86 87 88 89 90 91 92 93 94 95 96 97 98 99 100 101 102 103 104 105 106 107 108 109 110 111 112 113 114 115 116 117 118 119 120 121 122 123 124 125 126 127 128 129 130 131 132 133 134 135 136 137 138 139 140 141 142 143 144 145 146 147 148 149 150 151 152 153 154 155 156 157 158 159 160 161 162 163 164 165 166 167 168 169 170 171 172 173 174 175 176 177 178 179 180 181 182 183 184 185 186 187 188 189 190 191 192 193 194 195 196 197 198 199 200 201 202 203 204 205 206 207 208 209 210 211 212 213 214 215 216 217 218 219 220 221 222 223 224 225 226 227 228 229 230 231 232 233 234 235 236 237 238 239 240 241 242 243 244 245 246 247 248 249 250 251 252 253 254 255 0 1 2 3 4 5 6 7 8 9 10 11 12 13 14 15 16 17 18 19 20 21 22 23 24 25 26 27 28 29 30 31 32 33 34 35 36 37 38 39 40 41 42 43 44 45 46 47 48 49 50 51 52 53 54 55 56 57 58 59 60 61 62 63 64 65 66 67 68 69 70 71 72 73 74 75 76 77 78 79 80 81 82 83 84 85 86 87 88 89 90 91 92 93 94 95 96 97 98 99 100 101 102 103 104 105 106 107 108 109 110 111 112 113 114 115 116 117 118 119 120 121 122 123 124 125 126 127 128 129 130 131 132 133 134 135 136 137 138 139 140 141 142 143 144 145 146 147 148 149 150 151 152 153 154 155 156 157 158 159 160 161 162 163 164 165 166 167 168 169 170 171 172 173 174 175 176 177 178 179 180 181 182 183 184 185 186 187 188 189 190 191 192 193 194 195 196 197 198 199 200]",0x70
498,5,"[0 0 0 8 0]",0x76
499,7,"[2 241 22 189 243 99 5]",0x8A
500,812,"[141 152 72 174 181 50 113 108 191 170 121 167 67 59 61 7 176 252 79 238 155 57 3 185 178 58 85 229 40 213 43 123 127 120 73 64 187 70 156 216 214 42 167 154 72 100 72 137 205 224 185 123 245 144 122 219 47 40 200 222 18 195 108 180 34 249 225 103 228 229 118 242 250 55 17 84 125 23 36 248 188 223 248 96 176 47 141 53 41 25 148 243 31 128 175 126 233 42 6 98 142 65 43 206 48 113 244 156 127 92 133 187 210 166 202 22 3 188 66 224 137 122 197 189 180 176 131 237 228 84 206 228 158 142 172 41 22 209 146 31 106 76 224 129 147 60 204 238 202 126 213 48 29 112 46 66 149 103 221 57 255 92 131 33 148 246 191 62 113 108 25 226 97 126 74 39 230 9 102 187 79 114 144 254 194 247 177 68 73 210 109 94 241 3 134 198 188 94 137 1 136 151 223 53 211 183 170 100 94 180 253 103 235 222 55 195 213 213 200 77 133 76 87 77 72 177 166 52 177 74 51 191 92 145 51 157 53 42 98 202 45 29 8 106 72 74 251 49 117 252 7 178 94 231 233 99 56 109 247 72 251 209 68 202 12 140 91 109 121 128 168 178 249 195 176 100 30 15 122 171 166 243 97 160 227 103 122 236 140 204 239 146 27 210 209 29 140 124 216 70 109 154 132 244 245 20 76 1 106 169 120 17 50 44 130 173 80 33 204 219 70 107 20 58 196 93 154 242 185 116 93 48 193 28 15 26 62 160 220 254 187 37 71 33 29 145 232 175 204 130 121 239 184 117 85 23 210 43 131 163 190 21 2 180 116 46 251 202 148 179 39 246 255 166 171 180 170 112 138 72 114 111 73 201 104 141 39 121 194 113 142 179 99 90 21 149 180 148 72 67 40 12 109 41 176 246 18 228 168 220 39 232 245 232 201 23 56 233 58 89 12 160 144 246 228 129 155 105 33 222 140 108 17 170 102 64 224 47 131 203 217 209 229 36 240 2 65 21 242 108 80 42 157 158 159 160 161 162 163 164 165 166 167 168 169 170 171 172 173 174 175 176 177 178 179 180 181 182 183 184 185 186 187 188 189 190 191 192 193 194 195 196 197 198 199 200 201 202 203 204 205 206 207 208 209 210 211 212 213 214 215 216 217 218 219 220 221 222 223 224 225 226 227 228 229 230 231 232 233 234 235 236 237 238 239 240 241 242 243 244 245 246 247 248 249 250 251 252 253 254 255 0 1 2 3 4 5 6 7 8 9 10 11 12 13 14 15 16 17 18 19 20 21 22 23 24 25 26 27 28 29 30 31 32 33 34 35 36 37 38 39 40 41 42 43 44 45 46 47 48 49 50 51 52 53 54 55 56 57 58 59 60 61 62 63 64 65 66 67 68 69 70 71 72 73 74 75 76 77 78 79 80 81 82 83 84 85 86 87 88 89 90 91 92 93 94 95 96 97 98 99 100 101 102 103 104 105 106 107 108 109 110 111 112 113 114 115 116 117 118 119 120 121 122 123 124 125 126 127 128 129 130 131 132 133 134 135 136 137 138 139 140 141 152 198 153 211 67 19 184 212 128 210 117 50 121 55 120 37 47 226 29 57 254 147 149 216 134 56 108 193 223 69 67 83 152 71 228 250 173 248 73 208 173 67 81 125 202 223 162 184 67 189 154 57 243 131 203 134 238 36 139 6 50 71 120 209 119 143 236 193 12 45 9 17 86 186 62 100 100 151 228 251 154 129 174 171 134 188 125 255 12 113 101 197 48 111 178 154 139 111 192 165 223 187 35 158 11 99 105 218 46 164 49 242 135 181 165 77 230 160 130]",0x07
501,91,"[99 215 9 163 103 52 156 212 119 37 78 251 28 41 253 225 181 38 61 46 161 102 12 74 220 203 164 21 225 136 126 239 2 142 202 16 91 250 54 135 190 99 104 16 48 225 209 77 97 112 88 167 3 225 76 223 116 198 211 77 163 155 121 120 78 79 140 8 239 166 113 15 161 4 174 18 167 103 169 35 30 63 105 64 20 83 180 149 246 111 85]",0x06
502,471,"[242 243 244 245 246 247 248 249 250 251 252 253 254 255 0 1 2 3 4 5 6 7 8 9 10 11 12 13 14 15 16 17 18 19 20 21 22 23 24 25 26 27 28 29 30 31 32 33 34 35 36 37 38 39 40 41 42 43 44 45 46 47 48 49 50 51 52 53 54 55 56 57 58 59 60 61 62 63 64 65 66 67 68 69 70 71 72 73 74 75 76 77 78 79 80 81 82 83 84 85 86 87 88 89 90 91 92 93 94 95 96 97 98 99 100 101 102 103 104 105 106 107 108 109 110 111 112 113 114 115 116 117 118 119 120 121 122 123 124 125 126 127 128 129 130 131 132 133 134 135 136 137 138 139 140 141 142 143 144 145 146 147 148 149 150 151 152 153 154 155 156 157 158 159 160 161 162 163 164 165 166 167 168 169 170 171 172 173 174 175 176 177 178 179 180 181 182 183 184 185 186 187 188 189 190 191 192 193 194 195 196 197 198 199 200 201 202 203 204 205 206 207 208 209 210 211 212 213 214 215 216 217 218 219 220 221 222 223 224 225 226 227 228 229 230 231 232 233 234 235 236 237 238 239 240 241 242 243 244 245 246 247 248 249 250 251 252 253 254 255 0 1 2 3 4 5 6 7 8 9 10 11 12 13 14 15 16 17 18 19 20 21 22 23 24 25 26 27 28 29 30 31 32 33 34 35 36 37 38 39 40 41 42 43 44 45 46 47 48 49 50 51 52 53 54 55 56 57 58 59 60 61 62 63 64 65 66 67 68 69 70 71 72 73 74 75 76 77 78 79 80 81 82 83 84 85 86 87 88 89 90 91 92 93 94 95 96 97 98 99 100 101 102 103 104 105 106 107 108 109 110 111 112 113 114 115 116 117 118 119 120 121 122 123 124 125 126 127 128 129 130 131 132 133 134 135 136 137 138 139 140 141 142 143 144 145 146 147 148 149 150 151 152 153 154 155 156 157 158 159 160 161 162 163 164 165 166 167 168 169 170 171 172 173 174 175 176 177 178 179 180 181 182 183 184 185 186 187 188 189 190 191 192 193 194 195 196 197 198 199 200]",0x2B
503,55,"[132 255 0 223 0 85 255 255 193 128 203 182 24 0 0 255 0 30 0 255 225 39 186 56 0 255 0 0 255 173 3 0 255 0 118 58 255 78 0 255 0 0 198 255 255 255 0 0 255 0 0 0 255 0 255]",0xDA
504,963,"[106 88 106 88 106 88 106 88 106 88 106 88 106 88 106 88 106 88 106 88 106 88 106 88 106 88 106 88 106 88 106 88 106 88 106 88 106 88 106 88 106 88 106 88 106 88 106 88 106 88 106 88 106 88 106 88 106 88 106 88 106 88 106 88 106 88 106 88 106 88 106 88 106 88 106 88 106 88 106 88 106 88 106 88 106 88 106 88 106 88 106 88 106 88 106 88 106 88 106 88 106 88 106 88 106 88 106 88 106 88 106 88 106 88 106 88 106 88 106 88 106 88 106 88 106 88 106 88 106 88 106 88 106 88 106 88 106 88 106 88 106 88 106 88 106 88 106 88 106 88 106 88 106 88 106 88 106 88 106 88 106 88 106 88 106 88 106 88 106 88 106 88 106 88 106 88 106 88 106 88 106 88 106 88 106 88 106 88 106 88 106 88 106 88 106 88 106 88 106 88 106 88 106 88 106 88 106 88 106 88 106 88 106 88 106 88 106 88 106 88 106 88 106 88 106 88 106 88 106 88 106 88 106 88 106 88 106 88 106 88 106 88 106 88 106 88 106 88 106 88 106 88 106 88 106 88 106 88 106 88 106 88 106 88 106 88 106 88 106 88 106 88 106 88 106 88 106 88 106 88 106 88 106 88 106 88 106 88 106 88 106 88 106 88 106 88 106 88 106 88 106 88 106 88 106 88 106 88 106 88 106 88 106 88 106 88 106 88 106 88 106 88 106 88 106 88 106 88 106 88 106 88 106 88 106 88 106 88 106 88 106 88 106 88 106 88 106 88 106 88 106 88 106 88 106 88 106 88 106 88 106 88 106 88 106 88 106 88 106 88 106 88 106 88 106 88 106 88 106 88 106 88 106 88 106 88 106 88 106 88 106 88 106 88 106 88 106 88 106 88 106 88 106 88 106 88 106 88 106 88 106 88 106 88 106 88 106 88 106 88 106 88 106 88 106 88 106 88 106 88 106 88 106 88 106 88 106 88 106 88 106 88 106 88 106 88 106 88 106 88 106 88 106 88 106 88 106 88 106 88 106 88 106 88 106 88 106 88 106 88 106 88 106 88 106 88 106 88 106 88 106 88 106 88 106 88 106 88 106 88 106 88 106 88 106 88 106 88 106 88 106 88 106 88 106 88 106 88 106 88 106 88 106 88 106 88 106 88 106 88 106 88 106 88 106 88 106 88 106 88 106 88 106 88 106 88 106 88 106 88 106 88 106 88 106 88 106 88 106 88 106 88 106 88 106 88 106 88 106 88 106 88 106 88 106 88 106 88 106 88 106 88 106 88 106 88 106 88 106 88 106 88 106 88 106 88 106 88 106 88 106 88 106 88 106 88 106 88 106 88 106 88 106 88 106 88 106 88 106 88 106 88 106 88 106 88 106 88 106 88 106 88 106 88 106 88 106 88 106 88 106 88 106 88 106 88 106 88 106 88 106 88 106 88 106 88 106 88 106 88 106 88 106 88 106 88 106 88 106 88 106 88 106 88 106 88 106 88 106 88 106 88 106 88 106 88 106 88 106 88 106 88 106 88 106 88 106 88 106 88 106 88 106 88 106 88 106 88 106 88 106 88 106 88 106 88 106 88 106 88 106 88 106 88 106 88 106 88 106 88 106 88 106 88 106 88 106 88 106 88 106 88 106 88 106 88 106 88 106 88 106 88 106 88 106 88 106 88 106 88 106 88 106 88 106 88 106 88 106 88 106 88 106 88 106 88 106 88 106 88 106 88 106 88 106 88 106 88 106 88 106 88 106 88 106 88 106 88 106 88 106 88 106 88 106 88 106 88 106 88 106 88 106 88 106 88 106 88 106 88 106 88 106 88 106 88 106 88 106 88 106 88 106 88 106 88 106 88 106 88 106 88 106 88 106 88 106 88 106 88 106 88 106 88 106 88 106 88 106 88 106 88 106 88 106 88 106 88 106 88 106 88 106 88 106 88 106 88 106 88 106 88 106 88 106 88 106 88 106 88 106 88 106 88 106 88 106 88 106 88 106 88 106 88 106 88 106 88 106 88 106 88 106 88 106 88 106 88 106 88 106 88 106 88 106 88 106 88 106 88 106 88 106 88 106 88 106 88 106 88 106 88 106 88 106 88 106 88 106 88 106 88 106 88 106 88 106 88 106 88 106 88 106 88 106 88 106 88 106 88 106 88 106]",0x15
505,4,"[130 216 82 24]",0x5B
506,217,"[32 33 34 35 36 37 38 39 40 41 42 43 44 45 46 47 48 49 50 51 52 53 54 55 56 57 58 59 60 61 62 63 64 65 66 67 68 69 70 71 72 73 74 75 76 77 78 79 80 81 82 83 84 85 86 87 88 89 90 91 92 93 94 95 96 97 98 99 100 101 102 103 104 105 106 107 108 109 110 111 112 113 114 115 116 117 118 119 120 121 122 123 124 125 126 127 128 129 130 131 132 133 134 135 136 137 138 139 140 141 142 143 144 145 146 147 148 149 150 151 152 153 154 155 156 157 158 159 160 161 162 163 164 165 166 167 168 169 170 171 172 173 174 175 176 177 178 179 180 181 182 183 184 185 186 187 188 189 190 191 192 193 194 195 196 197 198 199 200 201 202 203 204 205 206 207 208 209 210 211 212 213 214 215 216 217 218 219 220 221 222 223 224 225 226 227 228 229 230 231 232 233 234 235 236 237 238 239 240 241 242 243 244 245 246 247 248]",0x34
507,86,"[56 57 58 59 60 61 62 63 64 65 66 67 68 69 70 71 72 73 74 75 76 77 78 79 80 81 82 83 84 85 86 87 88 89 90 91 92 93 94 95 96 97 98 99 100 101 102 103 104 105 106 107 108 109 110 111 112 113 114 115 116 117 118 119 120 121 122 123 124 125 126 127 128 129 130 131 132 133 134 135 136 137 138 139 140 141]",0xC7
508,660,"[129 130 131 132 133 134 135 136 137 138 139 140 141 142 143 144 145 146 147 148 149 150 151 152 153 154 155 156 157 158 159 160 161 162 163 164 165 166 167 168 169 170 171 172 173 174 175 176 177 178 179 180 181 182 183 184 185 186 187 188 189 190 191 192 193 194 195 196 197 198 199 200 201 202 203 204 205 206 207 208 209 210 211 212 213 214 215 216 217 218 219 220 221 222 223 224 225 226 227 228 229 230 231 232 233 234 235 236 237 238 239 240 241 242 243 244 245 246 247 248 249 250 251 252 253 254 255 0 1 2 3 4 5 6 7 8 9 10 11 12 13 14 15 16 17 18 19 20 21 22 23 24 25 26 27 28 29 30 31 32 33 34 35 36 37 38 39 40 41 42 43 44 45 46 47 48 49 50 51 52 53 54 55 56 57 58 59 60 61 62 63 64 65 66 67 68 69 70 71 72 73 74 75 76 77 78 79 80 81 82 83 84 85 86 87 88 89 90 91 92 93 94 95 96 97 98 99 100 101 102 103 104 105 106 107 108 109 110 111 112 113 114 115 116 117 118 119 120 121 122 123 124 125 126 127 128 129 130 131 132 133 134 135 136 137 138 139 140 141 142 143 144 145 146 147 148 149 150 151 152 153 154 155 156 157 158 159 160 161 162 163 164 165 166 167 168 169 170 171 172 173 174 175 176 177 178 179 180 181 182 183 184 185 186 187 188 189 190 191 192 193 194 195 196 197 198 199 200 201 202 203 204 205 206 207 208 209 210 211 212 213 214 215 216 217 218 219 220 221 222 223 224 225 226 227 228 229 230 231 232 233 234 235 236 237 238 239 240 241 242 243 244 245 246 247 248 249 250 251 252 253 254 255 0 1 2 3 4 5 6 7 8 9 10 11 12 13 14 15 16 17 18 19 20 21 22 23 24 25 26 27 28 29 30 31 32 33 34 35 36 37 38 39 40 41 42 43 44 45 46 47 48 49 50 51 52 53 54 55 56 57 58 59 60 61 62 63 64 65 66 67 68 69 70 71 72 73 74 75 76 77 78 79 80 81 82 83 84 85 86 87 88 89 90 91 92 93 94 95 96 97 98 99 100 101 102 103 104 105 106 107 108 109 110 111 112 113 114 115 116 117 118 119 120 121 122 123 124 125 126 127 128 129 130 131 132 133 134 135 136 137 138 139 140 141 142 143 144 145 146 147 148 149 150 151 152 153 154 155 156 157 158 159 160 161 162 163 164 165 166 167 168 169 170 171 172 173 174 175 176 177 178 179 180 181 182 183 184 185 186 187 188 189 190 191 192 193 194 195 196 197 198 199 200 201 202 203 204 205 206 207 208 209 210 211 212 213 214 215 216 217 218 219 220 221 222 223 224 225 226 227 228 229 230 231 232 233 234 235 236 237 238 239 240 241 242 243 244 245 246 247 248 249 250 251 252 253 254 255 0 1 2 3 4 5 6 7 8 9 10 11 12 13 14 15 16 17 18 19 20]",0xC1
509,38,"[62 71 15 28 69 173 47 133 130 213 155 234 160 6 97 178 121 107 171 73 232 105 161 251 201 136 220 143 113 223 6 104 87 182 3 169 88 25]",0x60
510,292,"[169 169 169 169 169 169 169 169 169 169 169 169 169 169 169 169 169 169 169 169 169 169 169 169 169 169 169 169 169 169 169 169 169 169 169 169 169 169 169 169 169 169 169 169 169 169 169 169 169 169 169 169 169 169 169 169 169 169 169 169 169 169 169 169 169 169 169 169 169 169 169 169 169 169 169 169 169 169 169 169 169 169 169 169 169 169 169 169 169 169 169 169 169 169 169 169 169 169 169 169 169 169 169 169 169 169 169 169 169 169 169 169 169 169 169 169 169 169 169 169 169 169 169 169 169 169 169 169 169 169 169 169 169 169 169 169 169 169 169 169 169 169 169 169 169 169 169 169 169 169 169 169 169 169 169 169 169 169 169 169 169 169 169 169 169 169 169 169 169 169 169 169 169 169 169 169 169 169 169 169 169 169 169 169 169 169 169 169 169 169 169 169 169 169 169 169 169 169 169 169 169 169 169 169 169 169 169 169 169 169 169 169 169 169 169 169 169 169 169 169 169 169 169 169 169 169 169 169 169 169 169 169 169 169 169 169 169 169 169 169 169 169 169 169 169 169 169 169 169 169 169 169 169 169 169 169 169 169 169 169 169 169 169 169 169 169 169 169 169 169 169 169 169 169 169 169 169 169 169 169 169 169 169 169 169 169 169 169 169 169 169 169]",0x59
511,875,"[169 161 183 169 161 183 169 161 183 169 161 183 169 161 183 169 161 183 169 161 183 169 161 183 169 161 183 169 161 183 169 161 183 169 161 183 169 161 183 169 161 183 169 161 183 169 161 183 169 161 183 169 161 183 169 161 183 169 161 183 169 161 183 169 161 183 169 161 183 169 161 183 169 161 183 169 161 183 169 161 183 169 161 183 169 161 183 169 161 183 169 161 183 169 161 183 169 161 183 169 161 183 169 161 183 169 161 183 169 161 183 169 161 183 169 161 183 169 161 183 169 161 183 169 161 183 169 161 183 169 161 183 169 161 183 169 161 183 169 161 183 169 161 183 169 161 183 169 161 183 169 161 183 169 161 183 169 161 183 169 161 183 169 161 183 169 161 183 169 161 183 169 161 183 169 161 183 169 161 183 169 161 183 169 161 183 169 161 183 169 161 183 169 161 183 169 161 183 169 161 183 169 161 183 169 161 183 169 161 183 169 161 183 169 161 183 169 161 183 169 161 183 169 161 183 169 161 183 169 161 183 169 161 183 169 161 183 169 161 183 169 161 183 169 161 183 169 161 183 169 161 183 169 161 183 169 161 183 169 161 183 169 161 183 169 161 183 169 161 183 169 161 183 169 161 183 169 161 183 169 161 183 169 161 183 169 161 183 169 161 183 169 161 183 169 161 183 169 161 183 169 161 183 169 161 183 169 161 183 169 161 183 169 161 183 169 161 183 169 161 183 169 161 183 169 161 183 169 161 183 169 161 183 169 161 183 169 161 183 169 161 183 169 161 183 169 161 183 169 161 183 169 161 183 169 161 183 169 161 183 169 161 183 169 161 183 169 161 183 169 161 183 169 161 183 169 161 183 169 161 183 169 161 183 169 161 183 169 161 183 169 161 183 169 161 183 169 161 183 169 161 183 169 161 183 169 161 183 169 161 183 169 161 183 169 161 183 169 161 183 169 161 183 169 161 183 169 161 183 169 161 183 169 161 183 169 161 183 169 161 183 169 161 183 169 161 183 169 161 183 169 161 183 169 161 183 169 161 183 169 161 183 169 161 183 169 161 183 169 161 183 169 161 183 169 161 183 169 161 183 169 161 183 169 161 183 169 161 183 169 161 183 169 161 183 169 161 183 169 161 183 169 161 183 169 161 183 169 161 183 169 161 183 169 161 183 169 161 183 169 161 183 169 161 183 169 161 183 169 161 183 169 161 183 169 161 183 169 161 183 169 161 183 169 161 183 169 161 183 169 161 183 169 161 183 169 161 183 169 161 183 169 161 183 169 161 183 169 161 183 169 161 183 169 161 183 169 161 183 169 161 183 169 161 183 169 161 183 169 161 183 169 161 183 169 161 183 169 161 183 169 161 183 169 161 183 169 161 183 169 161 183 169 161 183 169 161 183 169 161 183 169 161 183 169 161 183 169 161 183 169 161 183 169 161 183 169 161 183 169 161 183 169 161 183 169 161 183 169 161 183 169 161 183 169 161 183 169 161 183 169 161 183 169 161 183 169 161 183 169 161 183 169 161 183 169 161 183 169 161 183 169 161 183 169 161 183 169 161 183 169 161 183 169 161 183 169 161 183 169 161 183 169 161 183 169 161 183 169 161 183 169 161 183 169 161 183 169 161 183 169 161 183 169 161 183 169 161 183 169 161 183 169 161 183 169 161 183 169 161 183 169 161 183 169 161 183 169 161 183 169 161 183 169 161 183 169 161 183 169 161 183 169 161 183 169 161 183 169 161 183 169 161 183 169 161 183 169 161 183 169 161 183 169 161 183 169 161 183 169 161 183 169 161 183 169 161 183 169 161 183 169 161 183 169 161 183 169 161 183 169 161 183 169 161 183 169 161 183 169 161 183 169 161 183 169 161 183 169 161 183 169 161 183 169 161 183 169 161 183 169 161 183 169 161 183 169 161 183 169 161 183 169 161 183 169 161 183 169 161 183 169 161 183 169 161 183 169 161 183 169 161 183 169 161]",0x50
512,188,"[187 188 189 190 191 192 193 194 195 196 197 198 199 200 201 202 203 204 205 206 207 208 209 210 211 212 213 214 215 216 217 218 219 220 221 222 223 224 225 226 227 228 229 230 231 232 233 234 235 236 237 238 239 240 241 242 243 244 245 246 247 248 249 250 251 252 253 254 255 0 1 2 3 4 5 6 7 8 9 10 11 12 13 14 15 16 17 18 19 20 21 22 23 24 25 26 27 28 29 30 31 32 33 34 35 36 37 38 39 40 41 42 43 44 45 46 47 48 49 50 51 52 53 54 55 56 57 58 59 60 61 62 63 64 65 66 67 68 69 70 71 72 73 74 75 76 77 78 79 80 81 82 83 84 85 86 87 88 89 90 91 92 93 94 95 96 97 98 99 100 101 102 103 104 105 106 107 108 109 110 111 112 113 114 115 116 117 118]",0xC3
513,49,"[95 151 95 151 95 151 95 151 95 151 95 151 95 151 95 151 95 151 95 151 95 151 95 151 95 151 95 151 95 151 95 151 95 151 95 151 95 151 95 151 95 151 95 151 95 151 95 151 95]",0x93
514,68,"[193 194 195 196 197 198 199 200 201 202 203 204 205 206 207 208 209 210 211 212 213 214 215 216 217 218 219 220 221 222 223 224 225 226 227 228 229 230 231 232 233 234 235 236 237 238 239 240 241 242 243 244 245 246 247 248 249 250 251 252 253 254 255 0 1 2 3 4]",0x58
515,621,"[31 31 31 31 31 31 31 31 31 31 31 31 31 31 31 31 31 31 31 31 31 31 31 31 31 31 31 31 31 31 31 31 31 31 31 31 31 31 31 31 31 31 31 31 31 31 31 31 31 31 31 31 31 31 31 31 31 31 31 31 31 31 31 31 31 31 31 31 31 31 31 31 31 31 31 31 31 31 31 31 31 31 31 31 31 31 31 31 31 31 31 31 31 31 31 31 31 31 31 31 31 31 31 31 31 31 31 31 31 31 31 31 31 31 31 31 31 31 31 31 31 31 31 31 31 31 31 31 31 31 31 31 31 31 31 31 31 31 31 31 31 31 31 31 31 31 31 31 31 31 31 31 31 31 31 31 31 31 31 31 31 31 31 31 31 31 31 31 31 31 31 31 31 31 31 31 31 31 31 31 31 31 31 31 31 31 31 31 31 31 31 31 31 31 31 31 31 31 31 31 31 31 31 31 31 31 31 31 31 31 31 31 31 31 31 31 31 31 31 31 31 31 31 31 31 31 31 31 31 31 31 31 31 31 31 31 31 31 31 31 31 31 31 31 31 31 31 31 31 31 31 31 31 31 31 31 31 31 31 31 31 31 31 31 31 31 31 31 31 31 31 31 31 31 31 31 31 31 31 31 31 31 31 31 31 31 31 31 31 31 31 31 31 31 31 31 31 31 31 31 31 31 31 31 31 31 31 31 31 31 31 31 31 31 31 31 31 31 31 31 31 31 31 31 31 31 31 31 31 31 31 31 31 31 31 31 31 31 31 31 31 31 31 31 31 31 31 31 31 31 31 31 31 31 31 31 31 31 31 31 31 31 31 31 31 31 31 31 31 31 31 31 31 31 31 31 31 31 31 31 31 31 31 31 31 31 31 31 31 31 31 31 31 31 31 31 31 31 31 31 31 31 31 31 31 31 31 31 31 31 31 31 31 31 31 31 31 31 31 31 31 31 31 31 31 31 31 31 31 31 31 31 31 31 31 31 31 31 31 31 31 31 31 31 31 31 31 31 31 31 31 31 31 31 31 31 31 31 31 31 31 31 31 31 31 31 31 31 31 31 31 31 31 31 31 31 31 31 31 31 31 31 31 31 31 31 31 31 31 31 31 31 31 31 31 31 31 31 31 31 31 31 31 31 31 31 31 31 31 31 31 31 31 31 31 31 31 31 31 31 31 31 31 31 31 31 31 31 31 31 31 31 31 31 31 31 31 31 31 31 31 31 31 31 31 31 31 31 31 31 31 31 31 31 31 31 31 31 31 31 31 31 31 31 31 31 31 31 31 31 31 31 31 31 31 31 31 31 31 31 31 31 31 31 31 31 31 31 31 31 31 31 31 31 31 31 31 31 31 31 31 31 31 31 31 31 31 31 31 31 31 31 31 31 31 31 31 31 31 31 31]",0xBA
516,1,"244",0x15
517,2,"[0 146]",0xAD
518,688,"[124 125 126 127 128 129 130 131 132 133 134 135 136 137 138 139 140 141 142 143 144 145 146 147 148 149 150 151 152 153 154 155 156 157 158 159 160 161 162 163 164 165 166 167 168 169 170 171 172 173 174 175 176 177 178 179 180 181 182 183 184 185 186 187 188 189 190 191 192 193 194 195 196 197 198 199 200 201 202 203 204 205 206 207 208 209 210 211 212 213 214 215 216 217 218 219 220 221 222 223 224 225 226 227 228 229 230 231 232 233 234 235 236 237 238 239 240 241 242 243 244 245 246 247 248 249 250 251 252 253 254 255 0 1 2 3 4 5 6 7 8 9 10 11 12 13 14 15 16 17 18 19 20 21 22 23 24 25 26 27 28 29 30 31 32 33 34 35 36 37 38 39 40 41 42 43 44 45 46 47 48 49 50 51 52 53 54 55 56 57 58 59 60 61 62 63 64 65 66 67 68 69 70 71 72 73 74 75 76 77 78 79 80 81 82 83 84 85 86 87 88 89 90 91 92 93 94 95 96 97 98 99 100 101 102 103 104 105 106 107 108 109 110 111 112 113 114 115 116 117 118 119 120 121 122 123 124 125 126 127 128 129 130 131 132 133 134 135 136 137 138 139 140 141 142 143 144 145 146 147 148 149 150 151 152 153 154 155 156 157 158 159 160 161 162 163 164 165 166 167 168 169 170 171 172 173 174 175 176 177 178 179 180 181 182 183 184 185 186 187 188 189 190 191 192 193 194 195 196 197 198 199 200 201 202 203 204 205 206 207 208 209 210 211 212 213 214 215 216 217 218 219 220 221 222 223 224 225 226 227 228 229 230 231 232 233 234 235 236 237 238 239 240 241 242 243 244 245 246 247 248 249 250 251 252 253 254 255 0 1 2 3 4 5 6 7 8 9 10 11 12 13 14 15 16 17 18 19 20 21 22 23 24 25 26 27 28 29 30 31 32 33 34 35 36 37 38 39 40 41 42 43 44 45 46 47 48 49 50 51 52 53 54 55 56 57 58 59 60 61 62 63 64 65 66 67 68 69 70 71 72 73 74 75 76 77 78 79 80 81 82 83 84 85 86 87 88 89 90 91 92 93 94 95 96 97 98 99 100 101 102 103 104 105 106 107 108 109 110 111 112 113 114 115 116 117 118 119 120 121 122 123 124 125 126 127 128 129 130 131 132 133 134 135 136 137 138 139 140 141 142 143 144 145 146 147 148 149 150 151 152 153 154 155 156 157 158 159 160 161 162 163 164 165 166 167 168 169 170 171 172 173 174 175 176 177 178 179 180 181 182 183 184 185 186 187 188 189 190 191 192 193 194 195 196 197 198 199 200 201 202 203 204 205 206 207 208 209 210 211 212 213 214 215 216 217 218 219 220 221 222 223 224 225 226 227 228 229 230 231 232 233 234 235 236 237 238 239 240 241 242 243 244 245 246 247 248 249 250 251 252 253 254 255 0 1 2 3 4 5 6 7 8 9 10 11 12 13 14 15 16 17 18 19 20 21 22 23 24 25 26 27 28 29 30 31 32 33 34 35 36 37 38 39 40 41 42 43]",0x53
519,56,"[97 95 74 20 197 107 208 213 54 107 184 127 218 146 161 201 31 149 21 66 54 145 216 33 196 36 48 234 2 50 55 72 93 26 119 102 159 222 76 139 95 10 210 162 0 63 79 207 194 101 40 98 207 115 29 9]",0xF3
520,24,"[87 86 85 84 83 82 81 80 79 78 77 76 75 74 73 72 71 70 69 68 67 66 65 64]",0xA5
521,656,"[156 75 156 75 156 75 156 75 156 75 156 75 156 75 156 75 156 75 156 75 156 75 156 75 156 75 156 75 156 75 156 75 156 75 156 75 156 75 156 75 156 75 156 75 156 75 156 75 156 75 156 75 156 75 156 75 156 75 156 75 156 75 156 75 156 75 156 75 156 75 156 75 156 75 156 75 156 75 156 75 156 75 156 75 156 75 156 75 156 75 156 75 156 75 156 75 156 75 156 75 156 75 156 75 156 75 156 75 156 75 156 75 156 75 156 75 156 75 156 75 156 75 156 75 156 75 156 75 156 75 156 75 156 75 156 75 156 75 156 75 156 75 156 75 156 75 156 75 156 75 156 75 156 75 156 75 156 75 156 75 156 75 156 75 156 75 156 75 156 75 156 75 156 75 156 75 156 75 156 75 156 75 156 75 156 75 156 75 156 75 156 75 156 75 156 75 156 75 156 75 156 75 156 75 156 75 156 75 156 75 156 75 156 75 156 75 156 75 156 75 156 75 156 75 156 75 156 75 156 75 156 75 156 75 156 75 156 75 156 75 156 75 156 75 156 75 156 75 156 75 156 75 156 75 156 75 156 75 156 75 156 75 156 75 156 75 156 75 156 75 156 75 156 75 156 75 156 75 156 75 156 75 156 75 156 75 156 75 156 75 156 75 156 75 156 75 156 75 156 75 156 75 156 75 156 75 156 75 156 75 156 75 156 75 156 75 156 75 156 75 156 75 156 75 156 75 156 75 156 75 156 75 156 75 156 75 156 75 156 75 156 75 156 75 156 75 156 75 156 75 156 75 156 75 156 75 156 75 156 75 156 75 156 75 156 75 156 75 156 75 156 75 156 75 156 75 156 75 156 75 156 75 156 75 156 75 156 75 156 75 156 75 156 75 156 75 156 75 156 75 156 75 156 75 156 75 156 75 156 75 156 75 156 75 156 75 156 75 156 75 156 75 156 75 156 75 156 75 156 75 156 75 156 75 156 75 156 75 156 75 156 75 156 75 156 75 156 75 156 75 156 75 156 75 156 75 156 75 156 75 156 75 156 75 156 75 156 75 156 75 156 75 156 75 156 75 156 75 156 75 156 75 156 75 156 75 156 75 156 75 156 75 156 75 156 75 156 75 156 75 156 75 156 75 156 75 156 75 156 75 156 75 156 75 156 75 156 75 156 75 156 75 156 75 156 75 156 75 156 75 156 75 156 75 156 75 156 75 156 75 156 75 156 75 156 75 156 75 156 75 156 75 156 75 156 75 156 75 156 75 156 75 156 75 156 75 156 75 156 75 156 75 156 75 156 75 156 75 156 75 156 75 156 75 156 75 156 75 156 75 156 75 156 75 156 75 156 75 156 75 156 75 156 75 156 75 156 75 156 75 156 75 156 75 156 75 156 75 156 75 156 75 156 75 156 75 156 75 156 75 156 75 156 75 156 75 156 75 156 75 156 75 156 75 156 75 156 75 156 75 156 75 156 75 156 75]",0xBB
522,10,"[1 2 3 4 5 6 7 8 9 10]",0xB6
523,25,"[62 62 62 62 62 62 62 62 62 62 62 62 62 62 62 62 62 62 62 62 62 62 62 62 62]",0x49
524,839,"[10 23 141 10 23 141 10 23 141 10 23 141 10 23 141 10 23 141 10 23 141 10 23 141 10 23 141 10 23 141 10 23 141 10 23 141 10 23 141 10 23 141 10 23 141 10 23 141 10 23 141 10 23 141 10 23 141 10 23 141 10 23 141 10 23 141 10 23 141 10 23 141 10 23 141 10 23 141 10 23 141 10 23 141 10 23 141 10 23 141 10 23 141 10 23 141 10 23 141 10 23 141 10 23 141 10 23 141 10 23 141 10 23 141 10 23 141 10 23 141 10 23 141 10 23 141 10 23 141 10 23 141 10 23 141 10 23 141 10 23 141 10 23 141 10 23 141 10 23 141 10 23 141 10 23 141 10 23 141 10 23 141 10 23 141 10 23 141 10 23 141 10 23 141 10 23 141 10 23 141 10 23 141 10 23 141 10 23 141 10 23 141 10 23 141 10 23 141 10 23 141 10 23 141 10 23 141 10 23 141 10 23 141 10 23 141 10 23 141 10 23 141 10 23 141 10 23 141 10 23 141 10 23 141 10 23 141 10 23 141 10 23 141 10 23 141 10 23 141 10 23 141 10 23 141 10 23 141 10 23 141 10 23 141 10 23 141 10 23 141 10 23 141 10 23 141 10 23 141 10 23 141 10 23 141 10 23 141 10 23 141 10 23 141 10 23 141 10 23 141 10 23 141 10 23 141 10 23 141 10 23 141 10 23 141 10 23 141 10 23 141 10 23 141 10 23 141 10 23 141 10 23 141 10 23 141 10 23 141 10 23 141 10 23 141 10 23 141 10 23 141 10 23 141 10 23 141 10 23 141 10 23 141 10 23 141 10 23 141 10 23 141 10 23 141 10 23 141 10 23 141 10 23 141 10 23 141 10 23 141 10 23 141 10 23 141 10 23 141 10 23 141 10 23 141 10 23 141 10 23 141 10 23 141 10 23 141 10 23 141 10 23 141 10 23 141 10 23 141 10 23 141 10 23 141 10 23 141 10 23 141 10 23 141 10 23 141 10 23 141 10 23 141 10 23 141 10 23 141 10 23 141 10 23 141 10 23 141 10 23 141 10 23 141 10 23 141 10 23 141 10 23 141 10 23 141 10 23 141 10 23 141 10 23 141 10 23 141 10 23 141 10 23 141 10 23 141 10 23 141 10 23 141 10 23 141 10 23 141 10 23 141 10 23 141 10 23 141 10 23 141 10 23 141 10 23 141 10 23 141 10 23 141 10 23 141 10 23 141 10 23 141 10 23 141 10 23 141 10 23 141 10 23 141 10 23 141 10 23 141 10 23 141 10 23 141 10 23 141 10 23 141 10 23 141 10 23 141 10 23 141 10 23 141 10 23 141 10 23 141 10 23 141 10 23 141 10 23 141 10 23 141 10 23 141 10 23 141 10 23 141 10 23 141 10 23 141 10 23 141 10 23 141 10 23 141 10 23 141 10 23 141 10 23 141 10 23 141 10 23 141 10 23 141 10 23 141 10 23 141 10 23 141 10 23 141 10 23 141 10 23 141 10 23 141 10 23 141 10 23 141 10 23 141 10 23 141 10 23 141 10 23 141 10 23 141 10 23 141 10 23 141 10 23 141 10 23 141 10 23 141 10 23 141 10 23 141 10 23 141 10 23 141 10 23 141 10 23 141 10 23 141 10 23 141 10 23 141 10 23 141 10 23 141 10 23 141 10 23 141 10 23 141 10 23 141 10 23 141 10 23 141 10 23 141 10 23 141 10 23 141 10 23 141 10 23 141 10 23 141 10 23 141 10 23 141 10 23 141 10 23 141 10 23 141 10 23 141 10 23 141 10 23 141 10 23 141 10 23 141 10 23 141 10 23 141 10 23 141 10 23 141 10 23 141 10 23 141 10 23 141 10 23 141 10 23 141 10 23]",0xC6
525,180,"[248 189 248 189 248 189 248 189 248 189 248 189 248 189 248 189 248 189 248 189 248 189 248 189 248 189 248 189 248 189 248 189 248 189 248 189 248 189 248 189 248 189 248 189 248 189 248 189 248 189 248 189 248 189 248 189 248 189 248 189 248 189 248 189 248 189 248 189 248 189 248 189 248 189 248 189 248 189 248 189 248 189 248 189 248 189 248 189 248 189 248 189 248 189 248 189 248 189 248 189 248 189 248 189 248 189 248 189 248 189 248 189 248 189 248 189 248 189 248 189 248 189 248 189 248 189 248 189 248 189 248 189 248 189 248 189 248 189 248 189 248 189 248 189 248 189 248 189 248 189 248 189 248 189 248 189 248 189 248 189 248 189 248 189 248 189 248 189 248 189 248 189 248 189 248 189 248 189 248 189]",0xF3
526,3,"[60 171 154]",0xC7
527,33,"[248 247 246 245 244 243 242 241 240 239 238 237 236 235 234 233 232 231 230 229 228 227 226 225 224 223 222 221 220 219 218 217 216]",0x38
528,179,"[177 144 177 144 177 144 177 144 177 144 177 144 177 144 177 144 177 144 177 144 177 144 177 144 177 144 177 144 177 144 177 144 177 144 177 144 177 144 177 144 177 144 177 144 177 144 177 144 177 144 177 144 177 144 177 144 177 144 177 144 177 144 177 144 177 144 177 144 177 144 177 144 177 144 177 144 177 144 177 144 177 144 177 144 177 144 177 144 177 144 177 144 177 144 177 144 177 144 177 144 177 144 177 144 177 144 177 144 177 144 177 144 177 144 177 144 177 144 177 144 177 144 177 144 177 144 177 144 177 144 177 144 177 144 177 144 177 144 177 144 177 144 177 144 177 144 177 144 177 144 177 144 177 144 177 144 177 144 177 144 177 144 177 144 177 144 177 144 177 144 177 144 177 144 177 144 177 144 177]",0x03
529,978,"[24 222 199 133 24 222 199 133 24 222 199 133 24 222 199 133 24 222 199 133 24 222 199 133 24 222 199 133 24 222 199 133 24 222 199 133 24 222 199 133 24 222 199 133 24 222 199 133 24 222 199 133 24 222 199 133 24 222 199 133 24 222 199 133 24 222 199 133 24 222 199 133 24 222 199 133 24 222 199 133 24 222 199 133 24 222 199 133 24 222 199 133 24 222 199 133 24 222 199 133 24 222 199 133 24 222 199 133 24 222 199 133 24 222 199 133 24 222 199 133 24 222 199 133 24 222 199 133 24 222 199 133 24 222 199 133 24 222 199 133 24 222 199 133 24 222 199 133 24 222 199 133 24 222 199 133 24 222 199 133 24 222 199 133 24 222 199 133 24 222 199 133 24 222 199 133 24 222 199 133 24 222 199 133 24 222 199 133 24 222 199 133 24 222 199 133 24 222 199 133 24 222 199 133 24 222 199 133 24 222 199 133 24 222 199 133 24 222 199 133 24 222 199 133 24 222 199 133 24 222 199 133 24 222 199 133 24 222 199 133 24 222 199 133 24 222 199 133 24 222 199 133 24 222 199 133 24 222 199 133 24 222 199 133 24 222 199 133 24 222 199 133 24 222 199 133 24 222 199 133 24 222 199 133 24 222 199 133 24 222 199 133 24 222 199 133 24 222 199 133 24 222 199 133 24 222 199 133 24 222 199 133 24 222 199 133 24 222 199 133 24 222 199 133 24 222 199 133 24 222 199 133 24 222 199 133 24 222 199 133 24 222 199 133 24 222 199 133 24 222 199 133 24 222 199 133 24 222 199 133 24 222 199 133 24 222 199 133 24 222 199 133 24 222 199 133 24 222 199 133 24 222 199 133 24 222 199 133 24 222 199 133 24 222 199 133 24 222 199 133 24 222 199 133 24 222 199 133 24 222 199 133 24 222 199 133 24 222 199 133 24 222 199 133 24 222 199 133 24 222 199 133 24 222 199 133 24 222 199 133 24 222 199 133 24 222 199 133 24 222 199 133 24 222 199 133 24 222 199 133 24 222 199 133 24 222 199 133 24 222 199 133 24 222 199 133 24 222 199 133 24 222 199 133 24 222 199 133 24 222 199 133 24 222 199 133 24 222 199 133 24 222 199 133 24 222 199 133 24 222 199 133 24 222 199 133 24 222 199 133 24 222 199 133 24 222 199 133 24 222 199 133 24 222 199 133 24 222 199 133 24 222 199 133 24 222 199 133 24 222 199 133 24 222 199 133 24 222 199 133 24 222 199 133 24 222 199 133 24 222 199 133 24 222 199 133 24 222 199 133 24 222 199 133 24 222 199 133 24 222 199 133 24 222 199 133 24 222 199 133 24 222 199 133 24 222 199 133 24 222 199 133 24 222 199 133 24 222 199 133 24 222 199 133 24 222 199 133 24 222 199 133 24 222 199 133 24 222 199 133 24 222 199 133 24 222 199 133 24 222 199 133 24 222 199 133 24 222 199 133 24 222 199 133 24 222 199 133 24 222 199 133 24 222 199 133 24 222 199 133 24 222 199 133 24 222 199 133 24 222 199 133 24 222 199 133 24 222 199 133 24 222 199 133 24 222 199 133 24 222 199 133 24 222 199 133 24 222 199 133 24 222 199 133 24 222 199 133 24 222 199 133 24 222 199 133 24 222 199 133 24 222 199 133 24 222 199 133 24 222 199 133 24 222 199 133 24 222 199 133 24 222 199 133 24 222 199 133 24 222 199 133 24 222 199 133 24 222 199 133 24 222 199 133 24 222 199 133 24 222 199 133 24 222 199 133 24 222 199 133 24 222 199 133 24 222 199 133 24 222 199 133 24 222 199 133 24 222 199 133 24 222 199 133 24 222 199 133 24 222 199 133 24 222 199 133 24 222 199 133 24 222 199 133 24 222 199 133 24 222 199 133 24 222 199 133 24 222 199 133 24 222 199 133 24 222 199 133 24 222 199 133 24 222 199 133 24 222 199 133 24 222 199 133 24 222 199 133 24 222 199 133 24 222 199 133 24 222 199 133 24 222 199 133 24 222 199 133 24 222 199 133 24 222 199 133 24 222 199 133 24 222 199 133 24 222 199 133 24 222 199 133 24 222 199 133 24 222 199 133 24 222 199 133 24 222 199 133 24 222 199 133 24 222 199 133 24 222 199 133 24 222 199 133 24 222 199 133 24 222 199 133 24 222 199 133 24 222]",0x18
530,700,"[242 243 244 245 246 247 248 249 250 251 252 253 254 255 0 1 2 3 4 5 6 7 8 9 10 11 12 13 14 15 16 17 18 19 20 21 22 23 24 25 26 27 28 29 30 31 32 33 34 35 36 37 38 39 40 41 42 43 44 45 46 47 48 49 50 51 52 53 54 55 56 57 58 59 60 61 62 63 64 65 66 67 68 69 70 71 72 73 74 75 76 77 78 79 80 81 82 83 84 85 86 87 88 89 90 91 92 93 94 95 96 97 98 99 100 101 102 103 104 105 106 107 108 109 110 111 112 113 114 115 116 117 118 119 120 121 122 123 124 125 126 127 128 129 130 131 132 133 134 135 136 137 138 139 140 141 142 143 144 145 146 147 148 149 150 151 152 153 154 155 156 157 158 159 160 161 162 163 164 165 166 167 168 169 170 171 172 173 174 175 176 177 178 179 180 181 182 183 184 185 186 187 188 189 190 191 192 193 194 195 196 197 198 199 200 201 202 203 204 205 206 207 208 209 210 211 212 213 214 215 216 217 218 219 220 221 222 223 224 225 226 227 228 229 230 231 232 233 234 235 236 237 238 239 240 241 242 243 244 245 246 247 248 249 250 251 252 253 254 255 0 1 2 3 4 5 6 7 8 9 10 11 12 13 14 15 16 17 18 19 20 21 22 23 24 25 26 27 28 29 30 31 32 33 34 35 36 37 38 39 40 41 42 43 44 45 46 47 48 49 50 51 52 53 54 55 56 57 58 59 60 61 62 63 64 65 66 67 68 69 70 71 72 73 74 75 76 77 78 79 80 81 82 83 84 85 86 87 88 89 90 91 92 93 94 95 96 97 98 99 100 101 102 103 104 105 106 107 108 109 110 111 112 113 114 115 116 117 118 119 120 121 122 123 124 125 126 127 128 129 130 131 132 133 134 135 136 137 138 139 140 141 142 143 144 145 146 147 148 149 150 151 152 153 154 155 156 157 158 159 160 161 162 163 164 165 166 167 168 169 170 171 172 173 174 175 176 177 178 179 180 181 182 183 184 185 186 187 188 189 190 191 192 193 194 195 196 197 198 199 200 201 202 203 204 205 206 207 208 209 210 211 212 213 214 215 216 217 218 219 220 221 222 223 224 225 226 227 228 229 230 231 232 233 234 235 236 237 238 239 240 241 242 243 244 245 246 247 248 249 250 251 252 253 254 255 0 1 2 3 4 5 6 7 8 9 10 11 12 13 14 15 16 17 18 19 20 21 22 23 24 25 26 27 28 29 30 31 32 33 34 35 36 37 38 39 40 41 42 43 44 45 46 47 48 49 50 51 52 53 54 55 56 57 58 59 60 61 62 63 64 65 66 67 68 69 70 71 72 73 74 75 76 77 78 79 80 81 82 83 84 85 86 87 88 89 90 91 92 93 94 95 96 97 98 99 100 101 102 103 104 105 106 107 108 109 110 111 112 113 114 115 116 117 118 119 120 121 122 123 124 125 126 127 128 129 130 131 132 133 134 135 136 137 138 139 140 141 142 143 144 145 146 147 148 149 150 151 152 153 154 155 156 157 158 159 160 161 162 163 164 165 166 167 168 169 170 171 172 173]",0x35
531,10,"[122 123 124 125 126 127 128 129 130 131]",0xD3
532,35,"[41 40 39 38 37 36 35 34 33 32 31 30 29 28 27 26 25 24 23 22 21 20 19 18 17 16 15 14 13 12 11 10 9 8 7]",0xCA
533,352,"[195 171 37 197 195 171 37 197 195 171 37 197 195 171 37 197 195 171 37 197 195 171 37 197 195 171 37 197 195 171 37 197 195 171 37 197 195 171 37 197 195 171 37 197 195 171 37 197 195 171 37 197 195 171 37 197 195 171 37 197 195 171 37 197 195 171 37 197 195 171 37 197 195 171 37 197 195 171 37 197 195 171 37 197 195 171 37 197 195 171 37 197 195 171 37 197 195 171 37 197 195 171 37 197 195 171 37 197 195 171 37 197 195 171 37 197 195 171 37 197 195 171 37 197 195 171 37 197 195 171 37 197 195 171 37 197 195 171 37 197 195 171 37 197 195 171 37 197 195 171 37 197 195 171 37 197 195 171 37 197 195 171 37 197 195 171 37 197 195 171 37 197 195 171 37 197 195 171 37 197 195 171 37 197 195 171 37 197 195 171 37 197 195 171 37 197 195 171 37 197 195 171 37 197 195 171 37 197 195 171 37 197 195 171 37 197 195 171 37 197 195 171 37 197 195 171 37 197 195 171 37 197 195 171 37 197 195 171 37 197 195 171 37 197 195 171 37 197 195 171 37 197 195 171 37 197 195 171 37 197 195 171 37 197 195 171 37 197 195 171 37 197 195 171 37 197 195 171 37 197 195 171 37 197 195 171 37 197 195 171 37 197 195 171 37 197 195 171 37 197 195 171 37 197 195 171 37 197 195 171 37 197 195 171 37 197 195 171 37 197 195 171 37 197 195 171 37 197 195 171 37 197 195 171 37 197 195 171 37 197 195 171 37 197 195 171 37 197 195 171 37 197]",0x8D
534,100,"[230 229 228 227 226 225 224 223 222 221 220 219 218 217 216 215 214 213 212 211 210 209 208 207 206 205 204 203 202 201 200 199 198 197 196 195 194 193 192 191 190 189 188 187 186 185 184 183 182 181 180 179 178 177 176 175 174 173 172 171 170 169 168 167 166 165 164 163 162 161 160 159 158 157 156 155 154 153 152 151 150 149 148 147 146 145 144 143 142 141 140 139 138 137 136 135 134 133 132 131]",0x86
535,635,"[152 151 150 149 148 147 146 145 144 143 142 141 140 139 138 137 136 135 134 133 132 131 130 129 128 127 126 125 124 123 122 121 120 119 118 117 116 115 114 113 112 111 110 109 108 107 106 105 104 103 102 101 100 99 98 97 96 95 94 93 92 91 90 89 88 87 86 85 84 83 82 81 80 79 78 77 76 75 74 73 72 71 70 69 68 67 66 65 64 63 62 61 60 59 58 57 56 55 54 53 52 51 50 49 48 47 46 45 44 43 42 41 40 39 38 37 36 35 34 33 32 31 30 29 28 27 26 25 24 23 22 21 20 19 18 17 16 15 14 13 12 11 10 9 8 7 6 5 4 3 2 1 0 255 254 253 252 251 250 249 248 247 246 245 244 243 242 241 240 239 238 237 236 235 234 233 232 231 230 229 228 227 226 225 224 223 222 221 220 219 218 217 216 215 214 213 212 211 210 209 208 207 206 205 204 203 202 201 200 199 198 197 196 195 194 193 192 191 190 189 188 187 186 185 184 183 182 181 180 179 178 177 176 175 174 173 172 171 170 169 168 167 166 165 164 163 162 161 160 159 158 157 156 155 154 153 152 151 150 149 148 147 146 145 144 143 142 141 140 139 138 137 136 135 134 133 132 131 130 129 128 127 126 125 124 123 122 121 120 119 118 117 116 115 114 113 112 111 110 109 108 107 106 105 104 103 102 101 100 99 98 97 96 95 94 93 92 91 90 89 88 87 86 85 84 83 82 81 80 79 78 77 76 75 74 73 72 71 70 69 68 67 66 65 64 63 62 61 60 59 58 57 56 55 54 53 52 51 50 49 48 47 46 45 44 43 42 41 40 39 38 37 36 35 34 33 32 31 30 29 28 27 26 25 24 23 22 21 20 19 18 17 16 15 14 13 12 11 10 9 8 7 6 5 4 3 2 1 0 255 254 253 252 251 250 249 248 247 246 245 244 243 242 241 240 239 238 237 236 235 234 233 232 231 230 229 228 227 226 225 224 223 222 221 220 219 218 217 216 215 214 213 212 211 210 209 208 207 206 205 204 203 202 201 200 199 198 197 196 195 194 193 192 191 190 189 188 187 186 185 184 183 182 181 180 179 178 177 176 175 174 173 172 171 170 169 168 167 166 165 164 163 162 161 160 159 158 157 156 155 154 153 152 151 150 149 148 147 146 145 144 143 142 141 140 139 138 137 136 135 134 133 132 131 130 129 128 127 126 125 124 123 122 121 120 119 118 117 116 115 114 113 112 111 110 109 108 107 106 105 104 103 102 101 100 99 98 97 96 95 94 93 92 91 90 89 88 87 86 85 84 83 82 81 80 79 78 77 76 75 74 73 72 71 70 69 68 67 66 65 64 63 62 61 60 59 58 57 56 55 54 53 52 51 50 49 48 47 46 45 44 43 42 41 40 39 38 37 36 35 34 33 32 31 30]",0x72
536,4,"[147 156 216 147]",0x27
537,30,"[40 7 60 162 38 20 248 255 163 27 210 138 46 147 10 248 211 66 107 101 220 90 12 54 55 243 236 76 0 132]",0x22
538,342,"[44 83 44 83 44 83 44 83 44 83 44 83 44 83 44 83 44 83 44 83 44 83 44 83 44 83 44 83 44 83 44 83 44 83 44 83 44 83 44 83 44 83 44 83 44 83 44 83 44 83 44 83 44 83 44 83 44 83 44 83 44 83 44 83 44 83 44 83 44 83 44 83 44 83 44 83 44 83 44 83 44 83 44 83 44 83 44 83 44 83 44 83 44 83 44 83 44 83 44 83 44 83 44 83 44 83 44 83 44 83 44 83 44 83 44 83 44 83 44 83 44 83 44 83 44 83 44 83 44 83 44 83 44 83 44 83 44 83 44 83 44 83 44 83 44 83 44 83 44 83 44 83 44 83 44 83 44 83 44 83 44 83 44 83 44 83 44 83 44 83 44 83 44 83 44 83 44 83 44 83 44 83 44 83 44 83 44 83 44 83 44 83 44 83 44 83 44 83 44 83 44 83 44 83 44 83 44 83 44 83 44 83 44 83 44 83 44 83 44 83 44 83 44 83 44 83 44 83 44 83 44 83 44 83 44 83 44 83 44 83 44 83 44 83 44 83 44 83 44 83 44 83 44 83 44 83 44 83 44 83 44 83 44 83 44 83 44 83 44 83 44 83 44 83 44 83 44 83 44 83 44 83 44 83 44 83 44 83 44 83 44 83 44 83 44 83 44 83 44 83 44 83 44 83 44 83 44 83 44 83 44 83 44 83 44 83 44 83 44 83 44 83 44 83 44 83 44 83 44 83 44 83 44 83 44 83 44 83 44 83 44 83]",0x08
539,486,"[202 195 202 195 202 195 202 195 202 195 202 195 202 195 202 195 202 195 202 195 202 195 202 195 202 195 202 195 202 195 202 195 202 195 202 195 202 195 202 195 202 195 202 195 202 195 202 195 202 195 202 195 202 195 202 195 202 195 202 195 202 195 202 195 202 195 202 195 202 195 202 195 202 195 202 195 202 195 202 195 202 195 202 195 202 195 202 195 202 195 202 195 202 195 202 195 202 195 202 195 202 195 202 195 202 195 202 195 202 195 202 195 202 195 202 195 202 195 202 195 202 195 202 195 202 195 202 195 202 195 202 195 202 195 202 195 202 195 202 195 202 195 202 195 202 195 202 195 202 195 202 195 202 195 202 195 202 195 202 195 202 195 202 195 202 195 202 195 202 195 202 195 202 195 202 195 202 195 202 195 202 195 202 195 202 195 202 195 202 195 202 195 202 195 202 195 202 195 202 195 202 195 202 195 202 195 202 195 202 195 202 195 202 195 202 195 202 195 202 195 202 195 202 195 202 195 202 195 202 195 202 195 202 195 202 195 202 195 202 195 202 195 202 195 202 195 202 195 202 195 202 195 202 195 202 195 202 195 202 195 202 195 202 195 202 195 202 195 202 195 202 195 202 195 202 195 202 195 202 195 202 195 202 195 202 195 202 195 202 195 202 195 202 195 202 195 202 195 202 195 202 195 202 195 202 195 202 195 202 195 202 195 202 195 202 195 202 195 202 195 202 195 202 195 202 195 202 195 202 195 202 195 202 195 202 195 202 195 202 195 202 195 202 195 202 195 202 195 202 195 202 195 202 195 202 195 202 195 202 195 202 195 202 195 202 195 202 195 202 195 202 195 202 195 202 195 202 195 202 195 202 195 202 195 202 195 202 195 202 195 202 195 202 195 202 195 202 195 202 195 202 195 202 195 202 195 202 195 202 195 202 195 202 195 202 195 202 195 202 195 202 195 202 195 202 195 202 195 202 195 202 195 202 195 202 195 202 195 202 195 202 195 202 195 202 195 202 195 202 195 202 195 202 195 202 195 202 195 202 195 202 195 202 195 202 195 202 195 202 195 202 195 202 195 202 195 202 195 202 195 202 195 202 195 202 195]",0x4E
540,5,"[255 0 0 255 255]",0x7D
541,579,"[89 255 255 156 255 216 255 191 255 255 0 0 128 255 255 255 255 185 255 94 255 255 255 0 255 197 255 255 0 255 52 0 255 255 0 255 19 255 255 0 255 0 0 255 255 159 52 0 175 161 255 255 0 255 0 0 0 201 17 81 0 251 23 162 0 255 139 255 43 87 0 0 158 62 255 0 0 255 124 0 0 0 138 255 255 252 0 0 183 79 23 13 78 255 195 0 255 255 255 170 0 0 255 255 228 255 11 76 0 255 255 255 255 255 21 255 0 0 0 255 128 0 255 52 188 255 0 0 212 0 255 255 143 0 0 14 255 63 149 255 255 226 0 255 123 0 255 204 255 85 110 255 255 255 255 0 0 17 0 0 143 197 255 32 134 255 0 8 255 0 233 0 46 0 40 0 0 255 193 0 0 64 203 117 0 255 0 255 255 255 0 215 255 255 0 0 0 0 255 84 0 244 255 0 0 191 112 0 255 40 175 255 0 222 0 0 0 218 21 255 0 165 255 101 0 0 255 255 187 0 84 237 255 157 255 0 207 0 108 0 255 8 227 0 18 0 128 255 140 255 81 0 255 0 255 81 255 255 255 255 38 0 255 255 0 255 150 0 255 255 255 255 0 62 0 255 4 122 0 205 255 255 0 255 0 19 255 186 0 31 0 128 35 130 255 112 255 255 176 0 0 0 0 255 255 255 255 255 0 0 255 71 0 255 159 255 131 76 255 0 0 255 0 255 214 0 0 0 0 0 255 164 192 255 255 255 0 224 198 0 0 0 0 255 0 0 171 0 255 121 0 0 255 255 100 0 255 255 0 255 255 255 255 0 237 238 0 0 0 255 0 195 255 0 255 255 255 255 169 255 0 255 138 174 203 0 0 114 255 202 0 255 0 49 255 255 0 255 242 136 255 0 0 255 158 255 0 255 121 0 209 255 255 143 0 255 210 255 0 0 0 0 0 255 78 22 255 108 255 253 255 204 207 0 255 0 255 47 255 0 158 255 255 255 255 255 3 0 255 0 237 255 0 255 0 0 255 0 255 255 255 62 255 168 240 0 0 37 0 0 255 220 241 255 0 0 0 255 255 0 255 83 192 0 136 0 0 255 159 0 109 0 0 165 255 0 0 225 255 159 255 162 0 0 0 0 63 0 255 255 0 237 255 75 163 255 0 255 0 0 255 113 0 255 0 255 0 103 200 0 255 179 0 255 82 255 255 0 0 0 0 0 255 0 255 0 76 213 255 255 0 0 0 0 117 255 134 90 255 255 255 0 202 106 255 0 255 255 0 118 0 255 255 255 194 0 0 255 158]",0xA5
542,50,"[204 171 166 207 237 99 109 249 170 217 56 81 100 81 226 130 244 82 9 35 55 163 46 97 203 31 20 138 178 233 169 242 62 87 214 207 170 129 4 71 40 13 198 33 91 250 104 36 176 207]",0x54
543,83,"[31 109 133 31 109 133 31 109 133 31 109 133 31 109 133 31 109 133 31 109 133 31 109 133 31 109 133 31 109 133 31 109 133 31 109 133 31 109 133 31 109 133 31 109 133 31 109 133 31 109 133 31 109 133 31 109 133 31 109 133 31 109 133 31 109 133 31 109 133 31 109 133 31 109 133 31 109 133 31 109 133 31 109]",0x15
544,686,"[255 0 0 255 0 0 0 255 114 0 0 255 255 255 255 0 0 0 0 123 240 66 112 255 0 0 80 255 226 0 255 255 0 255 178 0 255 255 0 212 0 194 57 0 0 255 255 62 0 170 255 0 255 0 0 147 255 38 0 184 255 255 0 29 255 255 255 255 255 255 0 33 0 197 0 0 59 13 0 0 255 133 255 42 59 255 38 255 133 255 0 255 119 255 0 255 255 255 255 255 0 255 180 0 0 0 255 185 102 15 0 255 255 251 243 0 255 127 255 255 255 32 248 255 255 255 255 0 178 139 189 255 255 255 163 255 255 0 255 255 0 0 255 0 0 89 0 108 255 5 255 255 255 33 209 0 0 255 255 0 12 255 255 0 255 147 0 0 0 255 0 255 173 255 42 217 0 0 255 0 255 63 0 255 0 255 255 0 0 0 0 0 0 13 0 202 0 255 255 80 128 0 255 112 183 0 207 4 255 255 0 0 255 0 128 0 0 145 127 150 255 7 0 255 0 255 146 198 0 145 139 160 255 0 255 255 147 0 193 255 0 0 255 255 255 255 0 255 0 255 143 255 255 152 21 0 123 0 5 0 0 0 255 30 0 0 142 91 255 0 255 7 255 0 16 255 255 255 0 0 255 184 227 229 255 39 2 0 0 255 184 0 167 0 255 42 0 0 255 224 4 255 236 0 255 255 255 0 255 255 255 0 0 0 191 255 234 0 0 255 255 255 255 0 38 255 0 0 0 0 255 0 92 0 0 255 123 255 0 165 255 70 0 255 255 0 255 255 0 255 59 0 106 40 0 45 0 159 10 0 0 42 0 255 255 113 0 0 255 0 255 255 255 255 255 212 124 255 0 101 255 220 0 255 255 0 255 0 64 0 0 60 255 162 253 0 216 255 0 0 255 0 0 182 108 0 255 69 255 255 252 140 255 0 255 60 0 0 0 255 255 119 255 0 0 151 14 255 208 255 0 0 255 19 58 255 255 255 132 246 0 98 10 255 0 255 0 255 0 255 0 0 122 0 0 0 0 255 255 0 255 255 0 130 0 34 255 0 0 0 255 87 170 0 96 0 255 255 255 255 0 255 255 255 0 0 36 106 223 17 17 255 255 209 255 0 255 72 169 0 0 255 255 121 255 255 255 0 255 255 144 0 117 255 0 0 255 0 77 0 0 255 0 0 255 0 255 153 255 146 0 255 201 0 255 255 255 228 51 58 255 255 255 206 0 149 255 0 0 255 173 255 255 0 0 0 0 174 255 0 0 255 0 0 87 0 255 255 191 189 255 111 0 0 255 255 89 255 214 195 0 255 255 0 178 255 255 39 180 255 204 41 255 255 0 0 255 255 255 255 255 152 0 251 255 255 0 0 35 255 0 172 0 58 61 255 0 255 0 0 255 255 0 0 255 17 0 0 0 7 255 255 0 85 55 0 0 0 255 255 13 0 0 0 0 0 255 255 255 0 250 13 0 42 142 142 0 216 7 255 0 67 0 0 255 180 105 255 255 0 0 130 44 255 0 0 0 0 255 255 255 93 255 255 151 57]",0x93
545,304,"[225 226 227 228 229 230 231 232 233 234 235 236 237 238 239 240 241 242 243 244 245 246 247 248 249 250 251 252 253 254 255 0 1 2 3 4 5 6 7 8 9 10 11 12 13 14 15 16 17 18 19 20 21 22 23 24 25 26 27 28 29 30 31 32 33 34 35 36 37 38 39 40 41 42 43 44 45 46 47 48 49 50 51 52 53 54 55 56 57 58 59 60 61 62 63 64 65 66 67 68 69 70 71 72 73 74 75 76 77 78 79 80 81 82 83 84 85 86 87 88 89 90 91 92 93 94 95 96 97 98 99 100 101 102 103 104 105 106 107 108 109 110 111 112 113 114 115 116 117 118 119 120 121 122 123 124 125 126 127 128 129 130 131 132 133 134 135 136 137 138 139 140 141 142 143 144 145 146 147 148 149 150 151 152 153 154 155 156 157 158 159 160 161 162 163 164 165 166 167 168 169 170 171 172 173 174 175 176 177 178 179 180 181 182 183 184 185 186 187 188 189 190 191 192 193 194 195 196 197 198 199 200 201 202 203 204 205 206 207 208 209 210 211 212 213 214 215 216 217 218 219 220 221 222 223 224 225 226 227 228 229 230 231 232 233 234 235 236 237 238 239 240 241 242 243 244 245 246 247 248 249 250 251 252 253 254 255 0 1 2 3 4 5 6 7 8 9 10 11 12 13 14 15 16]",0x5A
546,82,"[0 0 255 197 255 84 0 0 255 255 0 255 0 75 107 141 0 255 255 255 0 255 0 127 255 255 0 241 255 255 10 153 0 255 255 18 140 204 255 0 26 190 0 0 255 0 0 6 255 0 158 255 0 251 0 255 255 255 96 0 0 0 102 181 0 0 29 0 255 255 255 255 0 255 255 134 241 233 67 68 255 255]",0xE3
547,145,"[195 206 226 195 206 226 195 206 226 195 206 226 195 206 226 195 206 226 195 206 226 195 206 226 195 206 226 195 206 226 195 206 226 195 206 226 195 206 226 195 206 226 195 206 226 195 206 226 195 206 226 195 206 226 195 206 226 195 206 226 195 206 226 195 206 226 195 206 226 195 206 226 195 206 226 195 206 226 195 206 226 195 206 226 195 206 226 195 206 226 195 206 226 195 206 226 195 206 226 195 206 226 195 206 226 195 206 226 195 206 226 195 206 226 195 206 226 195 206 226 195 206 226 195 206 226 195 206 226 195 206 226 195 206 226 195 206 226 195 206 226 195 206 226 195]",0x9C
548,4,"[183 182 181 180]",0xD4
549,38,"[232 3 83 100 232 3 83 100 232 3 83 100 232 3 83 100 232 3 83 100 232 3 83 100 232 3 83 100 232 3 83 100 232 3 83 100 232 3]",0xA1
550,950,"[11 10 9 8 7 6 5 4 3 2 1 0 255 254 253 252 251 250 249 248 247 246 245 244 243 242 241 240 239 238 237 236 235 234 233 232 231 230 229 228 227 226 225 224 223 222 221 220 219 218 217 216 215 214 213 212 211 210 209 208 207 206 205 204 203 202 201 200 199 198 197 196 195 194 193 192 191 190 189 188 187 186 185 184 183 182 181 180 179 178 177 176 175 174 173 172 171 170 169 168 167 166 165 164 163 162 161 160 159 158 157 156 155 154 153 152 151 150 149 148 147 146 145 144 143 142 141 140 139 138 137 136 135 134 133 132 131 130 129 128 127 126 125 124 123 122 121 120 119 118 117 116 115 114 113 112 111 110 109 108 107 106 105 104 103 102 101 100 99 98 97 96 95 94 93 92 91 90 89 88 87 86 85 84 83 82 81 80 79 78 77 76 75 74 73 72 71 70 69 68 67 66 65 64 63 62 61 60 59 58 57 56 55 54 53 52 51 50 49 48 47 46 45 44 43 42 41 40 39 38 37 36 35 34 33 32 31 30 29 28 27 26 25 24 23 22 21 20 19 18 17 16 15 14 13 12 11 10 9 8 7 6 5 4 3 2 1 0 255 254 253 252 251 250 249 248 247 246 245 244 243 242 241 240 239 238 237 236 235 234 233 232 231 230 229 228 227 226 225 224 223 222 221 220 219 218 217 216 215 214 213 212 211 210 209 208 207 206 205 204 203 202 201 200 199 198 197 196 195 194 193 192 191 190 189 188 187 186 185 184 183 182 181 180 179 178 177 176 175 174 173 172 171 170 169 168 167 166 165 164 163 162 161 160 159 158 157 156 155 154 153 152 151 150 149 148 147 146 145 144 143 142 141 140 139 138 137 136 135 134 133 132 131 130 129 128 127 126 125 124 123 122 121 120 119 118 117 116 115 114 113 112 111 110 109 108 107 106 105 104 103 102 101 100 99 98 97 96 95 94 93 92 91 90 89 88 87 86 85 84 83 82 81 80 79 78 77 76 75 74 73 72 71 70 69 68 67 66 65 64 63 62 61 60 59 58 57 56 55 54 53 52 51 50 49 48 47 46 45 44 43 42 41 40 39 38 37 36 35 34 33 32 31 30 29 28 27 26 25 24 23 22 21 20 19 18 17 16 15 14 13 12 11 10 9 8 7 6 5 4 3 2 1 0 255 254 253 252 251 250 249 248 247 246 245 244 243 242 241 240 239 238 237 236 235 234 233 232 231 230 229 228 227 226 225 224 223 222 221 220 219 218 217 216 215 214 213 212 211 210 209 208 207 206 205 204 203 202 201 200 199 198 197 196 195 194 193 192 191 190 189 188 187 186 185 184 183 182 181 180 179 178 177 176 175 174 173 172 171 170 169 168 167 166 165 164 163 162 161 160 159 158 157 156 155 154 153 152 151 150 149 148 147 146 145 144 143 142 141 140 139 138 137 136 135 134 133 132 131 130 129 128 127 126 125 124 123 122 121 120 119 118 117 116 115 114 113 112 111 110 109 108 107 106 105 104 103 102 101 100 99 98 97 96 95 94 93 92 91 90 89 88 87 86 85 84 83 82 81 80 79 78 77 76 75 74 73 72 71 70 69 68 67 66 65 64 63 62 61 60 59 58 57 56 55 54 53 52 51 50 49 48 47 46 45 44 43 42 41 40 39 38 37 36 35 34 33 32 31 30 29 28 27 26 25 24 23 22 21 20 19 18 17 16 15 14 13 12 11 10 9 8 7 6 5 4 3 2 1 0 255 254 253 252 251 250 249 248 247 246 245 244 243 242 241 240 239 238 237 236 235 234 233 232 231 230 229 228 227 226 225 224 223 222 221 220 219 218 217 216 215 214 213 212 211 210 209 208 207 206 205 204 203 202 201 200 199 198 197 196 195 194 193 192 191 190 189 188 187 186 185 184 183 182 181 180 179 178 177 176 175 174 173 172 171 170 169 168 167 166 165 164 163 162 161 160 159 158 157 156 155 154 153 152 151 150 149 148 147 146 145 144 143 142 141 140 139 138 137 136 135 134 133 132 131 130 129 128 127 126 125 124 123 122 121 120 119 118 117 116 115 114 113 112 111 110 109 108 107 106 105 104 103 102 101 100 99 98 97 96 95 94 93 92 91 90 89 88 87 86]",0xF7
551,5,"[196 177 198 208 93]",0xDF
552,135,"[112 113 114 115 116 117 118 119 120 121 122 123 124 125 126 127 128 129 130 131 132 133 134 135 136 137 138 139 140 141 142 143 144 145 146 147 148 149 150 151 152 153 154 155 156 157 158 159 160 161 162 163 164 165 166 167 168 169 170 171 172 173 174 175 176 177 178 179 180 181 182 183 184 185 186 187 188 189 190 191 192 193 194 195 196 197 198 199 200 201 202 203 204 205 206 207 208 209 210 211 212 213 214 215 216 217 218 219 220 221 222 223 224 225 226 227 228 229 230 231 232 233 234 235 236 237 238 239 240 241 242 243 244 245 246]",0xDA
553,824,"[227 233 169 76 125 195 208 87 83 188 175 131 107 168 8 19 146 53 198 197 181 231 36 66 64 200 133 64 34 228 177 135 247 217 45 130 124 216 38 115 162 241 230 136 155 218 190 225 229 213 2 79 103 173 78 82 102 244 111 36 1 60 240 244 135 165 203 14 95 164 229 186 89 232 170 212 98 0 42 237 8 152 104 109 102 17 31 16 13 21 178 29 66 168 28 233 122 246 49 7 151 84 146 121 117 217 49 127 106 172 12 135 122 249 193 39 130 200 134 91 96 93 5 187 156 68 161 79 62 189 207 160 200 93 18 154 65 199 91 171 141 209 213 17 75 222 103 131 46 141 67 212 51 92 24 150 241 44 5 108 191 249 13 201 94 39 49 236 207 79 240 26 82 167 255 119 207 234 2 73 25 198 145 24 107 131 178 199 22 124 41 192 168 185 19 130 215 182 220 52 73 112 133 64 97 175 165 28 252 144 123 247 35 139 206 102 188 230 66 61 92 107 28 59 223 145 68 241 198 92 195 152 175 82 53 64 21 120 103 0 219 174 114 247 240 24 157 209 44 32 66 71 247 199 15 201 43 91 81 69 79 193 68 204 23 152 220 20 162 130 84 25 173 79 86 183 242 85 191 244 25 135 2 211 73 85 175 202 102 170 244 227 179 241 224 186 234 209 128 128 2 7 191 142 194 243 115 22 160 25 159 135 182 89 36 60 175 122 138 82 214 255 79 183 43 190 110 154 60 218 44 237 15 73 144 219 147 55 219 152 59 143 172 174 185 229 211 155 8 191 249 78 155 196 163 236 121 136 9 230 67 250 51 64 124 169 112 90 138 245 246 83 174 184 167 28 138 195 51 89 52 227 219 43 194 93 175 126 120 225 163 60 28 238 39 187 126 35 198 231 31 17 217 128 172 113 105 76 144 40 183 140 216 235 230 153 81 91 167 182 41 255 27 155 135 151 136 14 254 251 134 53 46 14 156 122 106 134 223 18 139 179 248 189 140 196 255 227 22 147 201 172 106 82 160 105 100 214 80 165 223 159 126 9 174 255 206 162 120 57 177 45 227 90 102 55 123 174 77 179 158 95 80 220 3 183 106 183 129 21 251 22 40 107 241 75 145 133 84 178 128 148 53 237 28 176 226 21 7 85 202 183 210 101 254 93 206 89 55 86 49 33 93 37 128 9 110 245 91 35 78 202 80 98 201 66 122 16 44 53 118 210 90 97 77 82 103 230 6 159 227 106 166 149 86 35 56 14 195 136 201 74 205 79 31 136 241 106 131 115 117 54 108 127 190 35 146 169 97 140 181 119 85 211 253 55 227 139 114 228 233 69 91 218 125 73 246 55 156 109 115 27 65 42 191 178 203 179 32 250 48 89 180 35 43 224 84 170 219 249 53 31 189 48 148 136 143 166 217 69 142 86 81 5 153 248 194 62 183 76 192 218 85 0 78 52 158 74 9 136 223 115 96 45 99 84 254 7 61 17 219 106 203 177 237 6 53 179 149 177 147 148 238 235 9 105 130 91 12 120 249 18 209 50 147 99 89 222 249 98 163 142 19 10 197 101 78 252 21 68 219 106 149 12 235 35 54 40 127 209 68 36 104 251 2 129 171 206 191 19 118 20 158 19 12 78 240 181 1 72 4 75 175 194 205 232 93 220 186 137 244 242 229 51 53 230 101 204 175 195 6 110 219 125 176 193 30 39 185 13 87 235 147 233 79 162 73 28 253 45 48 215 205 250 18 24 114 151 9 40 180 171 22 238 65 227 236 125 105 71 206 50 159 145 63 251 216 5 108 91 225 67 255 51 62 170 41 227 28 251 223 214 104 131 116 252 8 97 247 94 101 161 232 75]",0x7A
554,355,"[0 115 0 0 0 255 186 255 255 0 255 0 255 255 0 255 255 255 226 255 255 189 255 0 245 0 255 255 255 0 120 255 0 255 0 168 0 2 242 0 0 255 230 255 0 255 227 0 0 0 0 255 255 0 0 0 180 176 139 255 0 0 68 0 101 255 255 180 0 67 255 0 0 31 255 223 91 175 22 0 104 60 255 0 210 255 255 0 0 0 0 0 0 255 0 0 255 0 0 0 188 35 0 93 0 255 255 189 0 0 255 255 255 0 16 183 23 7 0 255 129 255 0 255 0 0 214 0 0 79 255 255 0 255 43 255 215 255 0 255 12 0 95 13 102 255 0 255 255 19 255 10 255 255 0 0 0 0 62 0 255 0 0 63 50 255 0 0 151 255 255 255 255 0 0 0 62 114 0 0 247 0 0 255 247 0 255 225 0 255 0 255 36 255 0 13 0 0 0 255 0 0 0 255 255 32 119 255 0 0 77 84 0 0 0 213 255 151 0 75 0 0 0 0 255 0 255 0 39 0 255 255 0 0 255 108 0 237 27 6 255 192 222 255 0 255 21 0 0 0 0 0 153 29 255 0 8 0 0 0 243 0 129 0 128 205 255 0 255 147 0 255 183 158 0 255 255 197 0 255 10 255 255 255 0 255 255 255 0 255 0 96 0 0 85 16 255 0 255 255 0 0 255 133 192 0 0 135 255 0 0 87 255 0 0 75 255 255 0 0 18 0 255 0 0 255 94 255 0 255 0 255 255 0 255 255 192 255 255 0 255 0 255 255 219 255 0 0 0 255 255 0 0 0 0]",0x43
555,84,"[0 211 0 255 255 214 0 97 38 123 255 99 255 31 0 0 255 162 255 255 0 0 180 173 0 0 255 0 1 0 255 255 255 0 81 255 0 154 255 255 0 255 0 255 171 255 0 0 255 255 255 255 0 255 255 0 255 0 255 255 255 0 0 0 0 0 6 255 228 0 0 0 255 255 0 255 163 0 55 255 0 255 0 255]",0x46
556,1,"253",0x89
557,653,"[106 107 108 109 110 111 112 113 114 115 116 117 118 119 120 121 122 123 124 125 126 127 128 129 130 131 132 133 134 135 136 137 138 139 140 141 142 143 144 145 146 147 148 149 150 151 152 153 154 155 156 157 158 159 160 161 162 163 164 165 166 167 168 169 170 171 172 173 174 175 176 177 178 179 180 181 182 183 184 185 186 187 188 189 190 191 192 193 194 195 196 197 198 199 200 201 202 203 204 205 206 207 208 209 210 211 212 213 214 215 216 217 218 219 220 221 222 223 224 225 226 227 228 229 230 231 232 233 234 235 236 237 238 239 240 241 242 243 244 245 246 247 248 249 250 251 252 253 254 255 0 1 2 3 4 5 6 7 8 9 10 11 12 13 14 15 16 17 18 19 20 21 22 23 24 25 26 27 28 29 30 31 32 33 34 35 36 37 38 39 40 41 42 43 44 45 46 47 48 49 50 51 52 53 54 55 56 57 58 59 60 61 62 63 64 65 66 67 68 69 70 71 72 73 74 75 76 77 78 79 80 81 82 83 84 85 86 87 88 89 90 91 92 93 94 95 96 97 98 99 100 101 102 103 104 105 106 107 108 109 110 111 112 113 114 115 116 117 118 119 120 121 122 123 124 125 126 127 128 129 130 131 132 133 134 135 136 137 138 139 140 141 142 143 144 145 146 147 148 149 150 151 152 153 154 155 156 157 158 159 160 161 162 163 164 165 166 167 168 169 170 171 172 173 174 175 176 177 178 179 180 181 182 183 184 185 186 187 188 189 190 191 192 193 194 195 196 197 198 199 200 201 202 203 204 205 206 207 208 209 210 211 212 213 214 215 216 217 218 219 220 221 222 223 224 225 226 227 228 229 230 231 232 233 234 235 236 237 238 239 240 241 242 243 244 245 246 247 248 249 250 251 252 253 254 255 0 1 2 3 4 5 6 7 8 9 10 11 12 13 14 15 16 17 18 19 20 21 22 23 24 25 26 27 28 29 30 31 32 33 34 35 36 37 38 39 40 41 42 43 44 45 46 47 48 49 50 51 52 53 54 55 56 57 58 59 60 61 62 63 64 65 66 67 68 69 70 71 72 73 74 75 76 77 78 79 80 81 82 83 84 85 86 87 88 89 90 91 92 93 94 95 96 97 98 99 100 101 102 103 104 105 106 107 108 109 110 111 112 113 114 115 116 117 118 119 120 121 122 123 124 125 126 127 128 129 130 131 132 133 134 135 136 137 138 139 140 141 142 143 144 145 146 147 148 149 150 151 152 153 154 155 156 157 158 159 160 161 162 163 164 165 166 167 168 169 170 171 172 173 174 175 176 177 178 179 180 181 182 183 184 185 186 187 188 189 190 191 192 193 194 195 196 197 198 199 200 201 202 203 204 205 206 207 208 209 210 211 212 213 214 215 216 217 218 219 220 221 222 223 224 225 226 227 228 229 230 231 232 233 234 235 236 237 238 239 240 241 242 243 244 245 246]",0xCC
558,907,"[255 35 255 35 255 35 255 35 255 35 255 35 255 35 255 35 255 35 255 35 255 35 255 35 255 35 255 35 255 35 255 35 255 35 255 35 255 35 255 35 255 35 255 35 255 35 255 35 255 35 255 35 255 35 255 35 255 35 255 35 255 35 255 35 255 35 255 35 255 35 255 35 255 35 255 35 255 35 255 35 255 35 255 35 255 35 255 35 255 35 255 35 255 35 255 35 255 35 255 35 255 35 255 35 255 35 255 35 255 35 255 35 255 35 255 35 255 35 255 35 255 35 255 35 255 35 255 35 255 35 255 35 255 35 255 35 255 35 255 35 255 35 255 35 255 35 255 35 255 35 255 35 255 35 255 35 255 35 255 35 255 35 255 35 255 35 255 35 255 35 255 35 255 35 255 35 255 35 255 35 255 35 255 35 255 35 255 35 255 35 255 35 255 35 255 35 255 35 255 35 255 35 255 35 255 35 255 35 255 35 255 35 255 35 255 35 255 35 255 35 255 35 255 35 255 35 255 35 255 35 255 35 255 35 255 35 255 35 255 35 255 35 255 35 255 35 255 35 255 35 255 35 255 35 255 35 255 35 255 35 255 35 255 35 255 35 255 35 255 35 255 35 255 35 255 35 255 35 255 35 255 35 255 35 255 35 255 35 255 35 255 35 255 35 255 35 255 35 255 35 255 35 255 35 255 35 255 35 255 35 255 35 255 35 255 35 255 35 255 35 255 35 255 35 255 35 255 35 255 35 255 35 255 35 255 35 255 35 255 35 255 35 255 35 255 35 255 35 255 35 255 35 255 35 255 35 255 35 255 35 255 35 255 35 255 35 255 35 255 35 255 35 255 35 255 35 255 35 255 35 255 35 255 35 255 35 255 35 255 35 255 35 255 35 255 35 255 35 255 35 255 35 255 35 255 35 255 35 255 35 255 35 255 35 255 35 255 35 255 35 255 35 255 35 255 35 255 35 255 35 255 35 255 35 255 35 255 35 255 35 255 35 255 35 255 35 255 35 255 35 255 35 255 35 255 35 255 35 255 35 255 35 255 35 255 35 255 35 255 35 255 35 255 35 255 35 255 35 255 35 255 35 255 35 255 35 255 35 255 35 255 35 255 35 255 35 255 35 255 35 255 35 255 35 255 35 255 35 255 35 255 35 255 35 255 35 255 35 255 35 255 35 255 35 255 35 255 35 255 35 255 35 255 35 255 35 255 35 255 35 255 35 255 35 255 35 255 35 255 35 255 35 255 35 255 35 255 35 255 35 255 35 255 35 255 35 255 35 255 35 255 35 255 35 255 35 255 35 255 35 255 35 255 35 255 35 255 35 255 35 255 35 255 35 255 35 255 35 255 35 255 35 255 35 255 35 255 35 255 35 255 35 255 35 255 35 255 35 255 35 255 35 255 35 255 35 255 35 255 35 255 35 255 35 255 35 255 35 255 35 255 35 255 35 255 35 255 35 255 35 255 35 255 35 255 35 255 35 255 35 255 35 255 35 255 35 255 35 255 35 255 35 255 35 255 35 255 35 255 35 255 35 255 35 255 35 255 35 255 35 255 35 255 35 255 35 255 35 255 35 255 35 255 35 255 35 255 35 255 35 255 35 255 35 255 35 255 35 255 35 255 35 255 35 255 35 255 35 255 35 255 35 255 35 255 35 255 35 255 35 255 35 255 35 255 35 255 35 255 35 255 35 255 35 255 35 255 35 255 35 255 35 255 35 255 35 255 35 255 35 255 35 255 35 255 35 255 35 255 35 255 35 255 35 255 35 255 35 255 35 255 35 255 35 255 35 255 35 255 35 255 35 255 35 255 35 255 35 255 35 255 35 255 35 255 35 255 35 255 35 255 35 255 35 255 35 255 35 255 35 255 35 255 35 255 35 255 35 255 35 255 35 255 35 255 35 255 35 255 35 255 35 255 35 255 35 255 35 255 35 255 35 255 35 255 35 255 35 255 35 255 35 255 35 255 35 255 35 255 35 255 35 255 35 255 35 255 35 255 35 255 35 255 35 255 35 255 35 255 35 255 35 255 35 255 35 255]",0x49
559,89,"[224 223 222 221 220 219 218 217 216 215 214 213 212 211 210 209 208 207 206 205 204 203 202 201 200 199 198 197 196 195 194 193 192 191 190 189 188 187 186 185 184 183 182 181 180 179 178 177 176 175 174 173 172 171 170 169 168 167 166 165 164 163 162 161 160 159 158 157 156 155 154 153 152 151 150 149 148 147 146 145 144 143 142 141 140 139 138 137 136]",0x3B
560,557,"[177 178 179 180 181 182 183 184 185 186 187 188 189 190 191 192 193 194 195 196 197 198 199 200 201 202 203 204 205 206 207 208 209 210 211 212 213 214 215 216 217 218 219 220 221 222 223 224 225 226 227 228 229 230 231 232 233 234 235 236 237 238 239 240 241 242 243 244 245 246 247 248 249 250 251 252 253 254 255 0 1 2 3 4 5 6 7 8 9 10 11 12 13 14 15 16 17 18 19 20 21 22 23 24 25 26 27 28 29 30 31 32 33 34 35 36 37 38 39 40 41 42 43 44 45 46 47 48 49 50 51 52 53 54 55 56 57 58 59 60 61 62 63 64 65 66 67 68 69 70 71 72 73 74 75 76 77 78 79 80 81 82 83 84 85 86 87 88 89 90 91 92 93 94 95 96 97 98 99 100 101 102 103 104 105 106 107 108 109 110 111 112 113 114 115 116 117 118 119 120 121 122 123 124 125 126 127 128 129 130 131 132 133 134 135 136 137 138 139 140 141 142 143 144 145 146 147 148 149 150 151 152 153 154 155 156 157 158 159 160 161 162 163 164 165 166 167 168 169 170 171 172 173 174 175 176 177 178 179 180 181 182 183 184 185 186 187 188 189 190 191 192 193 194 195 196 197 198 199 200 201 202 203 204 205 206 207 208 209 210 211 212 213 214 215 216 217 218 219 220 221 222 223 224 225 226 227 228 229 230 231 232 233 234 235 236 237 238 239 240 241 242 243 244 245 246 247 248 249 250 251 252 253 254 255 0 1 2 3 4 5 6 7 8 9 10 11 12 13 14 15 16 17 18 19 20 21 22 23 24 25 26 27 28 29 30 31 32 33 34 35 36 37 38 39 40 41 42 43 44 45 46 47 48 49 50 51 52 53 54 55 56 57 58 59 60 61 62 63 64 65 66 67 68 69 70 71 72 73 74 75 76 77 78 79 80 81 82 83 84 85 86 87 88 89 90 91 92 93 94 95 96 97 98 99 100 101 102 103 104 105 106 107 108 109 110 111 112 113 114 115 116 117 118 119 120 121 122 123 124 125 126 127 128 129 130 131 132 133 134 135 136 137 138 139 140 141 142 143 144 145 146 147 148 149 150 151 152 153 154 155 156 157 158 159 160 161 162 163 164 165 166 167 168 169 170 171 172 173 174 175 176 177 178 179 180 181 182 183 184 185 186 187 188 189 190 191 192 193 194 195 196 197 198 199 200 201 202 203 204 205 206 207 208 209 210 211 212 213 214 215 216 217 218 219 220 221]",0x77
561,80,"[143 144 145 146 147 148 149 150 151 152 153 154 155 156 157 158 159 160 161 162 163 164 165 166 167 168 169 170 171 172 173 174 175 176 177 178 179 180 181 182 183 184 185 186 187 188 189 190 191 192 193 194 195 196 197 198 199 200 201 202 203 204 205 206 207 208 209 210 211 212 213 214 215 216 217 218 219 220 221 222]",0xA3
562,775,"[150 149 148 147 146 145 144 143 142 141 140 139 138 137 136 135 134 133 132 131 130 129 128 127 126 125 124 123 122 121 120 119 118 117 116 115 114 113 112 111 110 109 108 107 106 105 104 103 102 101 100 99 98 97 96 95 94 93 92 91 90 89 88 87 86 85 84 83 82 81 80 79 78 77 76 75 74 73 72 71 70 69 68 67 66 65 64 63 62 61 60 59 58 57 56 55 54 53 52 51 50 49 48 47 46 45 44 43 42 41 40 39 38 37 36 35 34 33 32 31 30 29 28 27 26 25 24 23 22 21 20 19 18 17 16 15 14 13 12 11 10 9 8 7 6 5 4 3 2 1 0 255 254 253 252 251 250 249 248 247 246 245 244 243 242 241 240 239 238 237 236 235 234 233 232 231 230 229 228 227 226 225 224 223 222 221 220 219 218 217 216 215 214 213 212 211 210 209 208 207 206 205 204 203 202 201 200 199 198 197 196 195 194 193 192 191 190 189 188 187 186 185 184 183 182 181 180 179 178 177 176 175 174 173 172 171 170 169 168 167 166 165 164 163 162 161 160 159 158 157 156 155 154 153 152 151 150 149 148 147 146 145 144 143 142 141 140 139 138 137 136 135 134 133 132 131 130 129 128 127 126 125 124 123 122 121 120 119 118 117 116 115 114 113 112 111 110 109 108 107 106 105 104 103 102 101 100 99 98 97 96 95 94 93 92 91 90 89 88 87 86 85 84 83 82 81 80 79 78 77 76 75 74 73 72 71 70 69 68 67 66 65 64 63 62 61 60 59 58 57 56 55 54 53 52 51 50 49 48 47 46 45 44 43 42 41 40 39 38 37 36 35 34 33 32 31 30 29 28 27 26 25 24 23 22 21 20 19 18 17 16 15 14 13 12 11 10 9 8 7 6 5 4 3 2 1 0 255 254 253 252 251 250 249 248 247 246 245 244 243 242 241 240 239 238 237 236 235 234 233 232 231 230 229 228 227 226 225 224 223 222 221 220 219 218 217 216 215 214 213 212 211 210 209 208 207 206 205 204 203 202 201 200 199 198 197 196 195 194 193 192 191 190 189 188 187 186 185 184 183 182 181 180 179 178 177 176 175 174 173 172 171 170 169 168 167 166 165 164 163 162 161 160 159 158 157 156 155 154 153 152 151 150 149 148 147 146 145 144 143 142 141 140 139 138 137 136 135 134 133 132 131 130 129 128 127 126 125 124 123 122 121 120 119 118 117 116 115 114 113 112 111 110 109 108 107 106 105 104 103 102 101 100 99 98 97 96 95 94 93 92 91 90 89 88 87 86 85 84 83 82 81 80 79 78 77 76 75 74 73 72 71 70 69 68 67 66 65 64 63 62 61 60 59 58 57 56 55 54 53 52 51 50 49 48 47 46 45 44 43 42 41 40 39 38 37 36 35 34 33 32 31 30 29 28 27 26 25 24 23 22 21 20 19 18 17 16 15 14 13 12 11 10 9 8 7 6 5 4 3 2 1 0 255 254 253 252 251 250 249 248 247 246 245 244 243 242 241 240 239 238 237 236 235 234 233 232 231 230 229 228 227 226 225 224 223 222 221 220 219 218 217 216 215 214 213 212 211 210 209 208 207 206 205 204 203 202 201 200 199 198 197 196 195 194 193 192 191 190 189 188 187 186 185 184 183 182 181 180 179 178 177 176 175 174 173 172 171 170 169 168 167 166 165 164 163 162 161 160 159 158 157 156 155 154 153 152 151 150 149 148 147 146 145 144]",0xC8
563,98,"[230 229 228 227 226 225 224 223 222 221 220 219 218 217 216 215 214 213 212 211 210 209 208 207 206 205 204 203 202 201 200 199 198 197 196 195 194 193 192 191 190 189 188 187 186 185 184 183 182 181 180 179 178 177 176 175 174 173 172 171 170 169 168 167 166 165 164 163 162 161 160 159 158 157 156 155 154 153 152 151 150 149 148 147 146 145 144 143 142 141 140 139 138 137 136 135 134 133]",0xED
564,60,"[202 201 200 199 198 197 196 195 194 193 192 191 190 189 188 187 186 185 184 183 182 181 180 179 178 177 176 175 174 173 172 171 170 169 168 167 166 165 164 163 162 161 160 159 158 157 156 155 154 153 152 151 150 149 148 147 146 145 144 143]",0xFF
565,43,"[108 109 110 111 112 113 114 115 116 117 118 119 120 121 122 123 124 125 126 127 128 129 130 131 132 133 134 135 136 137 138 139 140 141 142 143 144 145 146 147 148 149 150]",0x2F
566,48,"[147 0 0 0 0 255 14 255 255 0 0 201 178 0 255 0 255 255 255 0 0 0 229 0 0 158 0 255 0 255 255 255 0 0 0 0 255 227 0 71 0 255 0 5 255 255 0 0]",0xD2
567,54,"[133 50 133 50 133 50 133 50 133 50 133 50 133 50 133 50 133 50 133 50 133 50 133 50 133 50 133 50 133 50 133 50 133 50 133 50 133 50 133 50 133 50 133 50 133 50 133 50 133 50 133 50 133 50]",0x69
568,4,"[87 147 87 147]",0x78
569,26,"[255 178 255 181 0 0 255 255 0 0 0 174 0 96 255 0 111 193 255 255 255 252 0 0 255 0]",0xE6
570,27,"[75 162 35 171 75 162 35 171 75 162 35 171 75 162 35 171 75 162 35 171 75 162 35 171 75 162 35]",0x56
571,31,"[11 247 105 199 235 52 222 181 147 207 28 67 33 229 25 250 28 169 169 238 82 84 216 250 7 162 62 186 197 195 111]",0xD1
572,6,"[115 0 137 0 255 102]",0xB2
573,94,"[205 206 207 208 209 210 211 212 213 214 215 216 217 218 219 220 221 222 223 224 225 226 227 228 229 230 231 232 233 234 235 236 237 238 239 240 241 242 243 244 245 246 247 248 249 250 251 252 253 254 255 0 1 2 3 4 5 6 7 8 9 10 11 12 13 14 15 16 17 18 19 20 21 22 23 24 25 26 27 28 29 30 31 32 33 34 35 36 37 38 39 40 41 42]",0x6C
574,9,"[118 119 120 121 122 123 124 125 126]",0xD7
575,161,"[104 105 106 107 108 109 110 111 112 113 114 115 116 117 118 119 120 121 122 123 124 125 126 127 128 129 130 131 132 133 134 135 136 137 138 139 140 141 142 143 144 145 146 147 148 149 150 151 152 153 154 155 156 157 158 159 160 161 162 163 164 165 166 167 168 169 170 171 172 173 174 175 176 177 178 179 180 181 182 183 184 185 186 187 188 189 190 191 192 193 194 195 196 197 198 199 200 201 202 203 204 205 206 207 208 209 210 211 212 213 214 215 216 217 218 219 220 221 222 223 224 225 226 227 228 229 230 231 232 233 234 235 236 237 238 239 240 241 242 243 244 245 246 247 248 249 250 251 252 253 254 255 0 1 2 3 4 5 6 7 8]",0xAB
576,231,"[66 165 66 165 66 165 66 165 66 165 66 165 66 165 66 165 66 165 66 165 66 165 66 165 66 165 66 165 66 165 66 165 66 165 66 165 66 165 66 165 66 165 66 165 66 165 66 165 66 165 66 165 66 165 66 165 66 165 66 165 66 165 66 165 66 165 66 165 66 165 66 165 66 165 66 165 66 165 66 165 66 165 66 165 66 165 66 165 66 165 66 165 66 165 66 165 66 165 66 165 66 165 66 165 66 165 66 165 66 165 66 165 66 165 66 165 66 165 66 165 66 165 66 165 66 165 66 165 66 165 66 165 66 165 66 165 66 165 66 165 66 165 66 165 66 165 66 165 66 165 66 165 66 165 66 165 66 165 66 165 66 165 66 165 66 165 66 165 66 165 66 165 66 165 66 165 66 165 66 165 66 165 66 165 66 165 66 165 66 165 66 165 66 165 66 165 66 165 66 165 66 165 66 165 66 165 66 165 66 165 66 165 66 165 66 165 66 165 66 165 66 165 66 165 66 165 66 165 66 165 66]",0x8B
577,250,"[153 154 155 156 157 158 159 160 161 162 163 164 165 166 167 168 169 170 171 172 173 174 175 176 177 178 179 180 181 182 183 184 185 186 187 188 189 190 191 192 193 194 195 196 197 198 199 200 201 202 203 204 205 206 207 208 209 210 211 212 213 214 215 216 217 218 219 220 221 222 223 224 225 226 227 228 229 230 231 232 233 234 235 236 237 238 239 240 241 242 243 244 245 246 247 248 249 250 251 252 253 254 255 0 1 2 3 4 5 6 7 8 9 10 11 12 13 14 15 16 17 18 19 20 21 22 23 24 25 26 27 28 29 30 31 32 33 34 35 36 37 38 39 40 41 42 43 44 45 46 47 48 49 50 51 52 53 54 55 56 57 58 59 60 61 62 63 64 65 66 67 68 69 70 71 72 73 74 75 76 77 78 79 80 81 82 83 84 85 86 87 88 89 90 91 92 93 94 95 96 97 98 99 100 101 102 103 104 105 106 107 108 109 110 111 112 113 114 115 116 117 118 119 120 121 122 123 124 125 126 127 128 129 130 131 132 133 134 135 136 137 138 139 140 141 142 143 144 145 146]",0xF1
578,75,"[99 72 186 99 72 186 99 72 186 99 72 186 99 72 186 99 72 186 99 72 186 99 72 186 99 72 186 99 72 186 99 72 186 99 72 186 99 72 186 99 72 186 99 72 186 99 72 186 99 72 186 99 72 186 99 72 186 99 72 186 99 72 186 99 72 186 99 72 186 99 72 186 99 72 186]",0x85
579,397,"[45 46 47 48 49 50 51 52 53 54 55 56 57 58 59 60 61 62 63 64 65 66 67 68 69 70 71 72 73 74 75 76 77 78 79 80 81 82 83 84 85 86 87 88 89 90 91 92 93 94 95 96 97 98 99 100 101 102 103 104 105 106 107 108 109 110 111 112 113 114 115 116 117 118 119 120 121 122 123 124 125 126 127 128 129 130 131 132 133 134 135 136 137 138 139 140 141 142 143 144 145 146 147 148 149 150 151 152 153 154 155 156 157 158 159 160 161 162 163 164 165 166 167 168 169 170 171 172 173 174 175 176 177 178 179 180 181 182 183 184 185 186 187 188 189 190 191 192 193 194 195 196 197 198 199 200 201 202 203 204 205 206 207 208 209 210 211 212 213 214 215 216 217 218 219 220 221 222 223 224 225 226 227 228 229 230 231 232 233 234 235 236 237 238 239 240 241 242 243 244 245 246 247 248 249 250 251 252 253 254 255 0 1 2 3 4 5 6 7 8 9 10 11 12 13 14 15 16 17 18 19 20 21 22 23 24 25 26 27 28 29 30 31 32 33 34 35 36 37 38 39 40 41 42 43 44 45 46 47 48 49 50 51 52 53 54 55 56 57 58 59 60 61 62 63 64 65 66 67 68 69 70 71 72 73 74 75 76 77 78 79 80 81 82 83 84 85 86 87 88 89 90 91 92 93 94 95 96 97 98 99 100 101 102 103 104 105 106 107 108 109 110 111 112 113 114 115 116 117 118 119 120 121 122 123 124 125 126 127 128 129 130 131 132 133 134 135 136 137 138 139 140 141 142 143 144 145 146 147 148 149 150 151 152 153 154 155 156 157 158 159 160 161 162 163 164 165 166 167 168 169 170 171 172 173 174 175 176 177 178 179 180 181 182 183 184 185]",0x82
580,354,"[240 241 242 243 244 245 246 247 248 249 250 251 252 253 254 255 0 1 2 3 4 5 6 7 8 9 10 11 12 13 14 15 16 17 18 19 20 21 22 23 24 25 26 27 28 29 30 31 32 33 34 35 36 37 38 39 40 41 42 43 44 45 46 47 48 49 50 51 52 53 54 55 56 57 58 59 60 61 62 63 64 65 66 67 68 69 70 71 72 73 74 75 76 77 78 79 80 81 82 83 84 85 86 87 88 89 90 91 92 93 94 95 96 97 98 99 100 101 102 103 104 105 106 107 108 109 110 111 112 113 114 115 116 117 118 119 120 121 122 123 124 125 126 127 128 129 130 131 132 133 134 135 136 137 138 139 140 141 142 143 144 145 146 147 148 149 150 151 152 153 154 155 156 157 158 159 160 161 162 163 164 165 166 167 168 169 170 171 172 173 174 175 176 177 178 179 180 181 182 183 184 185 186 187 188 189 190 191 192 193 194 195 196 197 198 199 200 201 202 203 204 205 206 207 208 209 210 211 212 213 214 215 216 217 218 219 220 221 222 223 224 225 226 227 228 229 230 231 232 233 234 235 236 237 238 239 240 241 242 243 244 245 246 247 248 249 250 251 252 253 254 255 0 1 2 3 4 5 6 7 8 9 10 11 12 13 14 15 16 17 18 19 20 21 22 23 24 25 26 27 28 29 30 31 32 33 34 35 36 37 38 39 40 41 42 43 44 45 46 47 48 49 50 51 52 53 54 55 56 57 58 59 60 61 62 63 64 65 66 67 68 69 70 71 72 73 74 75 76 77 78 79 80 81]",0x79
581,68,"[255 255 255 146 0 255 165 248 0 255 0 166 140 74 89 237 255 96 255 255 255 0 103 255 0 255 183 0 165 0 255 100 0 0 255 90 255 0 0 255 0 0 255 255 211 0 0 255 60 150 0 0 0 0 0 0 0 255 0 255 74 255 255 0 0 255 0 255]",0xF6
582,12,"[232 122 232 122 232 122 232 122 232 122 232 122]",0x47
583,99,"[195 196 197 198 199 200 201 202 203 204 205 206 207 208 209 210 211 212 213 214 215 216 217 218 219 220 221 222 223 224 225 226 227 228 229 230 231 232 233 234 235 236 237 238 239 240 241 242 243 244 245 246 247 248 249 250 251 252 253 254 255 0 1 2 3 4 5 6 7 8 9 10 11 12 13 14 15 16 17 18 19 20 21 22 23 24 25 26 27 28 29 30 31 32 33 34 35 36 37]",0x5D
584,517,"[223 121 223 121 223 121 223 121 223 121 223 121 223 121 223 121 223 121 223 121 223 121 223 121 223 121 223 121 223 121 223 121 223 121 223 121 223 121 223 121 223 121 223 121 223 121 223 121 223 121 223 121 223 121 223 121 223 121 223 121 223 121 223 121 223 121 223 121 223 121 223 121 223 121 223 121 223 121 223 121 223 121 223 121 223 121 223 121 223 121 223 121 223 121 223 121 223 121 223 121 223 121 223 121 223 121 223 121 223 121 223 121 223 121 223 121 223 121 223 121 223 121 223 121 223 121 223 121 223 121 223 121 223 121 223 121 223 121 223 121 223 121 223 121 223 121 223 121 223 121 223 121 223 121 223 121 223 121 223 121 223 121 223 121 223 121 223 121 223 121 223 121 223 121 223 121 223 121 223 121 223 121 223 121 223 121 223 121 223 121 223 121 223 121 223 121 223 121 223 121 223 121 223 121 223 121 223 121 223 121 223 121 223 121 223 121 223 121 223 121 223 121 223 121 223 121 223 121 223 121 223 121 223 121 223 121 223 121 223 121 223 121 223 121 223 121 223 121 223 121 223 121 223 121 223 121 223 121 223 121 223 121 223 121 223 121 223 121 223 121 223 121 223 121 223 121 223 121 223 121 223 121 223 121 223 121 223 121 223 121 223 121 223 121 223 121 223 121 223 121 223 121 223 121 223 121 223 121 223 121 223 121 223 121 223 121 223 121 223 121 223 121 223 121 223 121 223 121 223 121 223 121 223 121 223 121 223 121 223 121 223 121 223 121 223 121 223 121 223 121 223 121 223 121 223 121 223 121 223 121 223 121 223 121 223 121 223 121 223 121 223 121 223 121 223 121 223 121 223 121 223 121 223 121 223 121 223 121 223 121 223 121 223 121 223 121 223 121 223 121 223 121 223 121 223 121 223 121 223 121 223 121 223 121 223 121 223 121 223 121 223 121 223 121 223 121 223 121 223 121 223 121 223 121 223 121 223 121 223 121 223 121 223 121 223 121 223 121 223 121 223 121 223 121 223 121 223 121 223 121 223 121 223 121 223 121 223 121 223 121 223 121 223 121 223 121 223 121 223 121 223 121 223 121 223 121 223 121 223 121 223 121 223 121 223 121 223 121 223 121 223 121 223 121 223 121 223 121 223 121 223 121 223 121 223 121 223]",0xA2
585,42,"[30 16 30 16 30 16 30 16 30 16 30 16 30 16 30 16 30 16 30 16 30 16 30 16 30 16 30 16 30 16 30 16 30 16 30 16 30 16 30 16 30 16]",0xC2
586,51,"[27 28 29 30 31 32 33 34 35 36 37 38 39 40 41 42 43 44 45 46 47 48 49 50 51 52 53 54 55 56 57 58 59 60 61 62 63 64 65 66 67 68 69 70 71 72 73 74 75 76 77]",0x83
587,4,"[49 193 49 193]",0x42
588,2,"[236 215]",0xEC
589,10,"[46 47 48 49 50 51 52 53 54 55]",0xC4
590,452,"[164 163 162 161 160 159 158 157 156 155 154 153 152 151 150 149 148 147 146 145 144 143 142 141 140 139 138 137 136 135 134 133 132 131 130 129 128 127 126 125 124 123 122 121 120 119 118 117 116 115 114 113 112 111 110 109 108 107 106 105 104 103 102 101 100 99 98 97 96 95 94 93 92 91 90 89 88 87 86 85 84 83 82 81 80 79 78 77 76 75 74 73 72 71 70 69 68 67 66 65 64 63 62 61 60 59 58 57 56 55 54 53 52 51 50 49 48 47 46 45 44 43 42 41 40 39 38 37 36 35 34 33 32 31 30 29 28 27 26 25 24 23 22 21 20 19 18 17 16 15 14 13 12 11 10 9 8 7 6 5 4 3 2 1 0 255 254 253 252 251 250 249 248 247 246 245 244 243 242 241 240 239 238 237 236 235 234 233 232 231 230 229 228 227 226 225 224 223 222 221 220 219 218 217 216 215 214 213 212 211 210 209 208 207 206 205 204 203 202 201 200 199 198 197 196 195 194 193 192 191 190 189 188 187 186 185 184 183 182 181 180 179 178 177 176 175 174 173 172 171 170 169 168 167 166 165 164 163 162 161 160 159 158 157 156 155 154 153 152 151 150 149 148 147 146 145 144 143 142 141 140 139 138 137 136 135 134 133 132 131 130 129 128 127 126 125 124 123 122 121 120 119 118 117 116 115 114 113 112 111 110 109 108 107 106 105 104 103 102 101 100 99 98 97 96 95 94 93 92 91 90 89 88 87 86 85 84 83 82 81 80 79 78 77 76 75 74 73 72 71 70 69 68 67 66 65 64 63 62 61 60 59 58 57 56 55 54 53 52 51 50 49 48 47 46 45 44 43 42 41 40 39 38 37 36 35 34 33 32 31 30 29 28 27 26 25 24 23 22 21 20 19 18 17 16 15 14 13 12 11 10 9 8 7 6 5 4 3 2 1 0 255 254 253 252 251 250 249 248 247 246 245 244 243 242 241 240 239 238 237 236 235 234 233 232 231 230 229 228 227 226 225]",0x6A
591,410,"[50 97 160 72 96 92 117 172 200 170 6 148 235 246 119 234 93 66 18 115 176 133 188 229 139 42 217 146 194 168 15 43 73 72 214 153 21 99 142 64 10 97 118 231 232 128 120 163 66 73 0 20 45 163 54 31 157 166 15 197 155 101 251 2 139 40 84 34 171 102 252 167 234 61 81 92 214 54 242 11 227 115 134 255 222 231 149 244 176 209 184 199 163 185 111 180 70 162 134 230 172 152 80 220 13 230 167 48 231 83 43 81 246 192 234 76 21 144 123 184 138 101 1 119 236 235 205 40 37 144 186 231 228 39 254 40 215 150 173 154 222 163 217 39 221 254 169 249 56 212 43 132 169 169 171 82 249 1 158 221 228 184 147 117 115 108 179 187 131 189 135 24 218 222 68 201 130 31 101 19 201 50 42 53 57 172 163 33 185 89 117 31 181 96 161 109 12 180 141 111 51 159 70 109 14 198 23 228 222 248 232 248 227 28 112 19 139 135 236 248 66 149 118 139 136 234 229 31 88 192 175 161 254 86 131 250 178 166 39 63 96 119 127 27 63 36 188 248 228 185 5 88 221 167 53 119 22 133 230 9 157 59 253 16 158 65 225 31 109 47 204 89 47 185 209 118 96 161 166 169 70 240 54 95 72 238 212 207 1 175 58 247 135 144 91 137 191 143 164 120 183 230 13 27 175 96 72 45 146 88 130 245 194 203 31 83 27 247 174 4 121 67 138 45 14 82 75 183 121 74 146 18 169 37 71 72 119 244 83 72 100 101 102 103 104 105 106 107 108 109 110 111 112 113 114 115 116 117 118 119 120 121 122 123 124 125 126 127 128 129 130 131 132 133 134 135 136 137 138 35 36 37 38 39 40 41 42 43 44 45 46 47 48 49 50 51 52 53 54 55 56 57 58 59 60 61 62 63 64 65]",0xF8
592,148,"[169 168 167 166 165 164 163 162 161 160 159 158 157 156 155 154 153 152 151 150 149 148 147 146 145 144 143 142 141 140 139 138 137 136 135 134 133 132 131 130 129 128 127 126 125 124 123 122 121 120 119 118 117 116 115 114 113 112 111 110 109 108 107 106 105 104 103 102 101 100 99 98 97 96 95 94 93 92 91 90 89 88 87 86 85 84 83 82 81 80 79 78 77 76 75 74 73 72 71 70 69 68 67 66 65 64 63 62 61 60 59 58 57 56 55 54 53 52 51 50 49 48 47 46 45 44 43 42 41 40 39 38 37 36 35 34 33 32 31 30 29 28 27 26 25 24 23 22]",0xEE
593,8,"[90 89 88 87 86 85 84 83]",0xE0
594,4,"[238 239 240 241]",0x77
595,97,"[48 206 10 48 206 10 48 206 10 48 206 10 48 206 10 48 206 10 48 206 10 48 206 10 48 206 10 48 206 10 48 206 10 48 206 10 48 206 10 48 206 10 48 206 10 48 206 10 48 206 10 48 206 10 48 206 10 48 206 10 48 206 10 48 206 10 48 206 10 48 206 10 48 206 10 48 206 10 48 206 10 48 206 10 48 206 10 48 206 10 48 206 10 48 206 10 48]",0xEE
596,453,"[151 152 153 154 155 156 157 158 159 160 161 162 163 164 165 166 167 168 169 170 171 172 173 174 175 176 177 178 179 180 181 182 183 184 185 186 187 188 189 190 191 192 193 194 195 196 197 198 199 200 201 202 203 204 205 206 207 208 209 210 211 212 213 214 215 216 217 218 219 220 221 222 223 224 225 226 227 228 229 230 231 232 233 234 235 236 237 238 239 240 241 242 243 244 245 246 247 248 249 250 251 252 253 254 255 0 1 2 3 4 5 6 7 8 9 10 11 12 13 14 15 16 17 18 19 20 21 22 23 24 25 26 27 28 29 30 31 32 33 34 35 36 37 38 39 40 41 42 43 44 45 46 47 48 49 50 51 52 53 54 55 56 57 58 59 60 61 62 63 64 65 66 67 68 69 70 71 72 73 74 75 76 77 78 79 80 81 82 83 84 85 86 87 88 89 90 91 92 93 94 95 96 97 98 99 100 101 102 103 104 105 106 107 108 109 110 111 112 113 114 115 116 117 118 119 120 121 122 123 124 125 126 127 128 129 130 131 132 133 134 135 136 137 138 139 140 141 142 143 144 145 146 147 148 149 150 151 152 153 154 155 156 157 158 159 160 161 162 163 164 165 166 167 168 169 170 171 172 173 174 175 176 177 178 179 180 181 182 183 184 185 186 187 188 189 190 191 192 193 194 195 196 197 198 199 200 201 202 203 204 205 206 207 208 209 210 211 212 213 214 215 216 217 218 219 220 221 222 223 224 225 226 227 228 229 230 231 232 233 234 235 236 237 238 239 240 241 242 243 244 245 246 247 248 249 250 251 252 253 254 255 0 1 2 3 4 5 6 7 8 9 10 11 12 13 14 15 16 17 18 19 20 21 22 23 24 25 26 27 28 29 30 31 32 33 34 35 36 37 38 39 40 41 42 43 44 45 46 47 48 49 50 51 52 53 54 55 56 57 58 59 60 61 62 63 64 65 66 67 68 69 70 71 72 73 74 75 76 77 78 79 80 81 82 83 84 85 86 87 88 89 90 91]",0x13
597,284,"[109 110 111 112 113 114 115 116 117 118 119 120 121 122 123 124 125 126 127 128 129 130 131 132 133 134 135 136 137 138 139 140 141 142 143 144 145 146 147 148 149 150 151 152 153 154 155 156 157 158 159 160 161 162 163 164 165 166 167 168 169 170 171 172 173 174 175 176 177 178 179 180 181 182 183 184 185 186 187 188 189 190 191 192 193 194 195 196 197 198 199 200 201 202 203 204 205 206 207 208 209 210 211 212 213 214 215 216 217 218 219 220 221 222 223 224 225 226 227 228 229 230 231 232 233 234 235 236 237 238 239 240 241 242 243 244 245 246 247 248 249 250 251 252 253 254 255 0 1 2 3 4 5 6 7 8 9 10 11 12 13 14 15 16 17 18 19 20 21 22 23 24 25 26 27 28 29 30 31 32 33 34 35 36 37 38 39 40 41 42 43 44 45 46 47 48 49 50 51 52 53 54 55 56 57 58 59 60 61 62 63 64 65 66 67 68 69 70 71 72 73 74 75 76 77 78 79 80 81 82 83 84 85 86 87 88 89 90 91 92 93 94 95 96 97 98 99 100 101 102 103 104 105 106 107 108 109 110 111 112 113 114 115 116 117 118 119 120 121 122 123 124 125 126 127 128 129 130 131 132 133 134 135 136]",0xE7
598,55,"[213 214 215 205 74 123 139 196 226 205 146 89 7 62 93 81 24 12 107 19 73 53 20 110 234 32 157 81 31 100 93 196 214 38 42 107 81 209 255 195 196 197 198 199 164 67 24 139 246 172 113 254 95 41 68]",0x48
599,486,"[36 37 38 39 40 41 42 43 44 45 46 47 48 49 50 51 52 53 54 55 56 57 58 59 60 61 62 63 64 65 66 67 68 69 70 71 72 73 74 75 76 77 78 79 80 81 82 83 84 85 86 87 88 89 90 91 92 93 94 95 96 97 98 99 100 101 102 103 104 105 106 107 108 109 110 111 112 113 114 115 116 117 118 119 120 121 122 123 124 125 126 127 128 129 130 131 132 133 134 135 136 137 138 139 140 141 142 143 144 145 146 147 148 149 150 151 152 153 154 155 156 157 158 159 160 161 162 163 164 165 166 167 168 169 170 171 172 173 174 175 176 177 178 179 180 181 182 183 184 185 186 187 188 189 190 191 192 193 194 195 196 197 198 199 200 201 202 203 204 205 206 207 208 209 210 211 212 213 214 215 216 217 218 219 220 221 222 223 224 225 226 227 228 229 230 231 232 233 234 235 236 237 238 239 240 241 242 243 244 245 246 247 248 249 250 251 252 253 254 255 0 1 2 3 4 5 6 7 8 9 10 11 12 13 14 15 16 17 18 19 20 21 22 23 24 25 26 27 28 29 30 31 32 33 34 35 36 37 38 39 40 41 42 43 44 45 46 47 48 49 50 51 52 53 54 55 56 57 58 59 60 61 62 63 64 65 66 67 68 69 70 71 72 73 74 75 76 77 78 79 80 81 82 83 84 85 86 87 88 89 90 91 92 93 94 95 96 97 98 99 100 101 102 103 104 105 106 107 108 109 110 111 112 113 114 115 116 117 118 119 120 121 122 123 124 125 126 127 128 129 130 131 132 133 134 135 136 137 138 139 140 141 142 143 144 145 146 147 148 149 150 151 152 153 154 155 156 157 158 159 160 161 162 163 164 165 166 167 168 169 170 171 172 173 174 175 176 177 178 179 180 181 182 183 184 185 186 187 188 189 190 191 192 193 194 195 196 197 198 199 200 201 202 203 204 205 206 207 208 209 210 211 212 213 214 215 216 217 218 219 220 221 222 223 224 225 226 227 228 229 230 231 232 233 234 235 236 237 238 239 240 241 242 243 244 245 246 247 248 249 250 251 252 253 254 255 0 1 2 3 4 5 6 7 8 9]",0xEA
600,430,"[56 37 168 56 37 168 56 37 168 56 37 168 56 37 168 56 37 168 56 37 168 56 37 168 56 37 168 56 37 168 56 37 168 56 37 168 56 37 168 56 37 168 56 37 168 56 37 168 56 37 168 56 37 168 56 37 168 56 37 168 56 37 168 56 37 168 56 37 168 56 37 168 56 37 168 56 37 168 56 37 168 56 37 168 56 37 168 56 37 168 56 37 168 56 37 168 56 37 168 56 37 168 56 37 168 56 37 168 56 37 168 56 37 168 56 37 168 56 37 168 56 37 168 56 37 168 56 37 168 56 37 168 56 37 168 56 37 168 56 37 168 56 37 168 56 37 168 56 37 168 56 37 168 56 37 168 56 37 168 56 37 168 56 37 168 56 37 168 56 37 168 56 37 168 56 37 168 56 37 168 56 37 168 56 37 168 56 37 168 56 37 168 56 37 168 56 37 168 56 37 168 56 37 168 56 37 168 56 37 168 56 37 168 56 37 168 56 37 168 56 37 168 56 37 168 56 37 168 56 37 168 56 37 168 56 37 168 56 37 168 56 37 168 56 37 168 56 37 168 56 37 168 56 37 168 56 37 168 56 37 168 56 37 168 56 37 168 56 37 168 56 37 168 56 37 168 56 37 168 56 37 168 56 37 168 56 37 168 56 37 168 56 37 168 56 37 168 56 37 168 56 37 168 56 37 168 56 37 168 56 37 168 56 37 168 56 37 168 56 37 168 56 37 168 56 37 168 56 37 168 56 37 168 56 37 168 56 37 168 56 37 168 56 37 168 56 37 168 56 37 168 56 37 168 56 37 168 56 37 168 56 37 168 56 37 168 56 37 168 56 37 168 56 37 168 56 37 168 56 37 168 56 37 168 56 37 168 56 37 168 56 37 168 56 37 168 56 37 168 56 37 168 56 37 168 56 37 168 56 37 168 56 37 168 56 37 168 56 37 168 56 37 168 56 37 168 56 37 168 56]",0x03
601,10,"[114 115 116 117 118 119 120 121 122 123]",0x70
602,30,"[0 0 255 0 188 0 189 0 134 23 154 0 255 125 0 0 0 67 255 255 0 0 0 29 0 255 255 255 0 233]",0x22
603,622,"[244 245 246 247 248 249 250 251 252 253 254 255 0 1 2 3 4 5 6 7 8 9 10 11 12 13 14 15 16 17 18 19 20 21 22 23 24 25 26 27 28 29 30 31 32 33 34 35 36 37 38 39 40 41 42 43 44 45 46 47 48 49 50 51 52 53 54 55 56 57 58 59 60 61 62 63 64 65 66 67 68 69 70 71 72 73 74 75 76 77 78 79 80 81 82 83 84 85 86 87 88 89 90 91 92 93 94 95 96 97 98 99 100 101 102 103 104 105 106 107 108 109 110 111 112 113 114 115 116 117 118 119 120 121 122 123 124 125 126 127 128 129 130 131 132 133 134 135 136 137 138 139 140 141 142 143 144 145 146 147 148 149 150 151 152 153 154 155 156 157 158 159 160 161 162 163 164 165 166 167 168 169 170 171 172 173 174 175 176 177 178 179 180 181 182 183 184 185 186 187 188 189 190 191 192 193 194 195 196 197 198 199 200 201 202 203 204 205 206 207 208 209 210 211 212 213 214 215 216 217 218 219 220 221 222 223 224 225 226 227 228 229 230 231 232 233 234 235 236 237 238 239 240 241 242 243 244 245 246 247 248 249 250 251 252 253 254 255 0 1 2 3 4 5 6 7 8 9 10 11 12 13 14 15 16 17 18 19 20 21 22 23 24 25 26 27 28 29 30 31 32 33 34 35 36 37 38 39 40 41 42 43 44 45 46 47 48 49 50 51 52 53 54 55 56 57 58 59 60 61 62 63 64 65 66 67 68 69 70 71 72 73 74 75 76 77 78 79 80 81 82 83 84 85 86 87 88 89 90 91 92 93 94 95 96 97 98 99 100 101 102 103 104 105 106 107 108 109 110 111 112 113 114 115 116 117 118 119 120 121 122 123 124 125 126 127 128 129 130 131 132 133 134 135 136 137 138 139 140 141 142 143 144 145 146 147 148 149 150 151 152 153 154 155 156 157 158 159 160 161 162 163 164 165 166 167 168 169 170 171 172 173 174 175 176 177 178 179 180 181 182 183 184 185 186 187 188 189 190 191 192 193 194 195 196 197 198 199 200 201 202 203 204 205 206 207 208 209 210 211 212 213 214 215 216 217 218 219 220 221 222 223 224 225 226 227 228 229 230 231 232 233 234 235 236 237 238 239 240 241 242 243 244 245 246 247 248 249 250 251 252 253 254 255 0 1 2 3 4 5 6 7 8 9 10 11 12 13 14 15 16 17 18 19 20 21 22 23 24 25 26 27 28 29 30 31 32 33 34 35 36 37 38 39 40 41 42 43 44 45 46 47 48 49 50 51 52 53 54 55 56 57 58 59 60 61 62 63 64 65 66 67 68 69 70 71 72 73 74 75 76 77 78 79 80 81 82 83 84 85 86 87 88 89 90 91 92 93 94 95 96 97]",0xD3
604,445,"[0 143 255 0 0 255 62 255 255 255 255 255 255 0 0 0 134 0 0 255 75 185 255 101 255 255 0 0 145 0 255 255 0 36 0 255 255 66 255 255 0 255 255 255 255 47 0 213 0 0 0 255 0 255 51 196 228 0 249 0 0 0 205 105 23 255 0 249 61 0 255 235 255 85 255 255 0 252 214 237 255 255 188 24 0 255 8 255 14 0 174 255 0 200 244 13 255 0 255 0 155 255 255 0 116 255 0 130 0 255 0 0 255 255 255 204 255 118 0 255 0 255 255 255 255 255 0 255 86 0 50 239 219 0 0 255 255 255 255 110 0 83 191 255 161 255 255 255 0 0 0 255 75 0 0 0 255 255 0 0 0 255 0 255 0 0 255 84 242 0 181 255 0 0 0 0 0 0 255 255 255 255 0 255 0 255 0 0 255 0 167 142 0 233 255 0 4 255 255 37 255 255 255 36 255 112 0 254 0 255 255 255 0 149 0 255 255 0 230 0 0 92 0 0 255 8 255 255 0 255 0 238 142 0 0 78 36 255 0 255 30 0 0 232 255 255 166 255 63 255 0 10 0 216 24 255 68 0 255 0 169 255 67 35 189 0 75 226 255 255 134 255 0 0 255 0 255 255 0 0 255 255 255 255 255 124 255 255 0 0 99 0 219 0 255 0 255 0 0 210 127 0 255 0 0 85 255 223 0 255 255 255 219 13 57 199 255 0 255 144 0 0 255 24 0 0 0 123 255 0 0 0 0 81 0 137 255 255 0 255 255 0 255 255 255 250 0 255 255 0 226 29 133 51 0 121 154 255 255 255 0 232 0 0 255 0 0 255 255 0 255 255 0 9 0 255 0 255 255 0 255 255 255 255 0 0 255 255 22 255 255 255 255 138 19 0 255 255 255 250 0 202 255 16 200 255 173 25 52 255 139 178 255 255 255 0 0 0 245 110 0 255 153 126 0 255 0 0 255 0 255 0 255 255 46 121 103 0 183 255 0 0 155 218 255]",0xAB
605,973,"[223 17 135 106 235 103 152 177 4 151 132 152 19 14 45 222 91 111 99 182 66 17 96 186 234 13 207 16 84 5 233 180 94 96 163 22 37 216 51 186 57 22 230 230 154 118 141 104 193 193 209 133 205 39 7 165 27 140 184 104 11 227 11 231 13 188 236 232 228 226 130 142 158 229 214 200 172 158 236 49 49 251 141 123 217 217 45 44 203 201 57 215 122 120 252 132 35 71 85 245 67 110 191 70 179 53 62 252 94 186 215 88 91 197 155 92 191 221 60 6 70 172 234 220 56 225 207 188 176 206 220 209 31 184 215 47 54 201 88 102 96 54 240 206 64 27 95 106 1 227 217 217 206 187 162 245 182 161 201 63 247 4 165 19 218 247 104 219 85 40 70 77 161 203 52 22 56 75 71 56 119 219 25 220 127 169 208 77 244 21 135 65 104 114 234 113 178 243 126 104 249 211 240 101 178 63 221 238 68 26 51 162 69 163 89 234 115 127 89 18 126 198 243 19 204 68 210 87 29 156 228 46 5 226 178 207 15 227 107 229 16 226 172 141 15 176 153 185 183 113 52 235 236 54 161 51 220 25 253 156 5 225 175 178 70 86 234 162 4 83 153 37 25 15 161 82 95 15 188 196 212 166 197 147 125 66 13 74 175 237 65 171 122 160 0 31 55 228 10 145 237 166 124 98 159 122 180 158 145 244 213 155 137 185 205 75 170 34 110 240 83 39 37 100 57 109 184 227 28 196 26 97 255 17 5 85 243 5 57 154 59 13 13 143 143 180 33 127 153 56 140 181 253 152 220 213 240 185 54 76 200 133 64 168 232 91 152 148 32 23 227 238 231 101 73 241 225 209 85 163 192 147 154 193 196 61 100 199 66 234 214 229 76 26 25 142 78 67 56 143 140 108 35 237 109 31 9 39 76 161 248 69 202 233 100 64 125 229 2 124 193 153 127 141 158 174 91 132 70 251 47 38 68 235 168 116 236 230 102 144 231 81 104 203 178 12 30 216 7 235 69 153 144 101 8 49 157 114 105 25 88 134 19 17 125 143 65 83 203 222 83 91 212 249 82 201 122 67 174 118 68 27 221 224 19 169 41 165 232 66 89 203 188 104 217 235 115 10 130 189 56 25 73 2 183 37 185 60 253 136 10 197 104 155 243 132 205 77 182 25 228 51 77 245 39 65 148 251 177 29 191 109 254 160 136 142 164 187 20 33 76 122 79 54 236 8 240 232 175 8 57 250 231 246 255 16 146 213 81 111 72 9 18 5 134 158 78 211 227 35 13 81 182 129 124 39 89 245 87 151 14 16 108 154 95 45 188 35 171 244 120 51 215 129 236 184 110 158 43 99 152 151 150 190 27 18 37 202 16 57 65 165 102 50 115 175 201 31 182 1 185 169 119 35 195 18 229 198 189 193 17 253 219 130 184 189 212 65 95 204 196 133 101 247 106 195 105 79 164 206 251 38 224 134 27 203 84 222 40 182 77 65 12 123 100 15 58 124 206 237 131 103 244 246 48 136 210 210 175 120 103 206 57 109 145 212 95 140 71 214 201 209 14 124 34 172 79 198 16 131 31 142 155 118 71 8 169 222 187 228 237 115 178 101 235 144 192 3 147 189 65 3 190 86 109 143 28 26 245 86 65 12 44 110 87 108 180 164 126 208 219 151 30 103 162 16 5 242 186 39 113 49 2 100 165 244 197 58 86 133 48 213 42 74 147 31 159 241 177 208 112 93 84 169 132 120 25 172 185 50 194 225 44 115 224 124 208 55 16 15 248 42 221 80 10 61 129 27 236 230 38 188 117 251 14 120 73 185 28 160 242 116 116 126 106 114 118 255 29 73 53 139 0 235 135 229 88 38 49 120 10 200 202 179 229 140 122 135 46 131 138 195 89 23 152 201 248 23 191 152 3 183 6 201 184 176 30 235 230 230 92 125 29 13 15 145 82 148 151 232 225 183 209 0 3 117 167 203 114 240 208 26 112 254 104 98 75 124 186 12 213 234 199 234 24 115 18 214 243 76 137 76 96 121 202 37 40 51 13 164 48 112 175 114 231 196 69 33 228 101 97 207 2 115 182 217 226 119 217 9 78 2 42 185 1 133 105 31 175 177 185 195 80 254 18 165 248 57 71 147 200 84 214 61 223 64 158 91 82 90 127 216 194 115 72 218 222 116 178 94 38 82 174]",0xD6
606,867,"[124 70 175 62 144 182 197 68 22 55 153 10 40 254 97 127 2 151 83 135 134 247 68 146 97 108 14 176 49 119 111 119 96 62 114 11 62 200 215 183 161 207 32 134 29 199 133 207 204 119 127 7 134 173 59 252 249 72 182 7 170 159 210 77 224 219 171 120 158 186 249 31 80 199 104 172 34 181 172 149 195 225 212 32 190 115 85 225 143 128 200 141 219 26 198 41 57 45 61 187 167 58 69 25 106 96 37 213 218 27 68 188 222 18 231 15 162 5 237 90 166 47 82 191 249 253 207 216 248 10 43 13 128 245 149 142 211 237 178 229 44 128 93 85 54 228 115 135 70 246 156 0 68 255 249 139 144 230 181 238 122 249 138 165 21 156 196 112 128 100 248 122 32 7 197 140 0 97 233 242 13 31 1 222 18 27 58 234 176 157 200 177 190 18 150 192 144 3 54 246 180 176 169 32 1 112 113 207 46 70 20 102 65 67 65 59 81 137 112 16 109 216 25 241 78 3 64 17 144 80 206 187 119 143 155 69 35 96 24 80 141 138 30 2 22 9 102 99 61 55 101 22 54 103 24 215 173 98 38 49 30 40 108 62 226 245 176 207 65 170 14 245 171 81 197 4 96 229 67 170 92 100 190 233 42 70 124 157 119 206 196 103 10 49 124 237 145 135 185 38 37 88 254 224 174 100 141 77 172 107 30 55 155 177 24 206 211 185 174 59 235 68 46 163 93 238 117 41 245 131 132 98 214 73 3 127 237 69 68 188 198 111 213 44 93 103 80 55 86 4 180 175 115 82 111 239 154 187 58 24 21 120 183 198 184 233 13 218 169 44 174 131 91 63 118 61 21 216 151 93 114 221 81 97 196 51 168 111 128 201 254 212 41 57 104 184 130 230 12 66 56 190 118 3 197 92 66 46 242 241 19 59 165 171 106 145 179 243 185 28 183 17 128 134 199 2 223 169 7 40 10 196 43 11 35 143 126 63 241 218 80 121 132 193 109 139 105 195 142 211 13 231 209 209 35 67 250 243 57 110 39 67 47 20 148 61 254 131 91 233 158 32 127 112 195 177 94 120 132 108 27 231 172 120 145 54 135 190 136 123 118 194 192 192 63 158 199 143 199 218 44 78 153 74 240 49 91 254 48 114 80 207 77 41 238 81 189 74 45 205 14 84 199 131 176 17 191 44 207 144 189 54 101 205 233 58 203 27 108 240 241 75 49 38 123 23 91 4 66 230 114 18 165 244 118 159 235 107 170 112 246 128 226 129 171 98 234 165 5 4 173 29 183 82 137 44 63 111 170 39 72 52 220 165 119 242 188 238 152 35 172 51 88 130 40 5 83 211 3 28 206 78 240 97 203 66 15 225 237 181 197 1 192 120 115 138 69 178 75 143 35 172 48 43 6 31 59 56 83 13 239 30 179 136 141 27 62 199 118 117 139 111 206 191 81 207 132 160 221 121 193 160 109 201 26 148 11 39 153 78 67 244 93 144 136 15 172 131 97 16 75 226 44 56 52 228 179 225 233 237 124 121 212 84 5 84 183 31 200 208 25 25 50 91 136 124 218 36 178 140 188 87 120 7 29 95 123 21 211 242 152 13 189 55 187 111 13 71 109 188 34 73 21 157 121 237 189 199 42 68 131 3 222 199 14 217 1 29 14 122 200 45 197 47 253 218 188 151 62 30 117 103 172 43 143 177 76 199 110 41 49 71 40 144 242 229 82 221 244 75 231 255 204 99 155 93 254 17 228 19 10 240 222 92 245 220 230 152 245 207 240 72 136 222 148 205 249 205 80 30 69 169 2 48 83 224 13 12 141 45 62 47 148 14 240 31 243 199 211 44 171 209 142 141 40 106 38 249 175 12 122 163 24 170 45 104 160 93 97 215 79 167 217 39 11 211 141 211 54 213 24 226 210 145 155 88 51 116 168 255 209 111 190 27 106 108 255]",0x55
607,18,"[178 74 222 123 84 194 106 188 182 185 219 217 170 244 5 238 37 54]",0x25
608,461,"[66 57 66 57 66 57 66 57 66 57 66 57 66 57 66 57 66 57 66 57 66 57 66 57 66 57 66 57 66 57 66 57 66 57 66 57 66 57 66 57 66 57 66 57 66 57 66 57 66 57 66 57 66 57 66 57 66 57 66 57 66 57 66 57 66 57 66 57 66 57 66 57 66 57 66 57 66 57 66 57 66 57 66 57 66 57 66 57 66 57 66 57 66 57 66 57 66 57 66 57 66 57 66 57 66 57 66 57 66 57 66 57 66 57 66 57 66 57 66 57 66 57 66 57 66 57 66 57 66 57 66 57 66 57 66 57 66 57 66 57 66 57 66 57 66 57 66 57 66 57 66 57 66 57 66 57 66 57 66 57 66 57 66 57 66 57 66 57 66 57 66 57 66 57 66 57 66 57 66 57 66 57 66 57 66 57 66 57 66 57 66 57 66 57 66 57 66 57 66 57 66 57 66 57 66 57 66 57 66 57 66 57 66 57 66 57 66 57 66 57 66 57 66 57 66 57 66 57 66 57 66 57 66 57 66 57 66 57 66 57 66 57 66 57 66 57 66 57 66 57 66 57 66 57 66 57 66 57 66 57 66 57 66 57 66 57 66 57 66 57 66 57 66 57 66 57 66 57 66 57 66 57 66 57 66 57 66 57 66 57 66 57 66 57 66 57 66 57 66 57 66 57 66 57 66 57 66 57 66 57 66 57 66 57 66 57 66 57 66 57 66 57 66 57 66 57 66 57 66 57 66 57 66 57 66 57 66 57 66 57 66 57 66 57 66 57 66 57 66 57 66 57 66 57 66 57 66 57 66 57 66 57 66 57 66 57 66 57 66 57 66 57 66 57 66 57 66 57 66 57 66 57 66 57 66 57 66 57 66 57 66 57 66 57 66 57 66 57 66 57 66 57 66 57 66 57 66 57 66 57 66 57 66 57 66 57 66 57 66 57 66 57 66 57 66 57 66 57 66 57 66 57 66 57 66 57 66 57 66 57 66 57 66 57 66 57 66 57 66 57 66 57 66 57 66 57 66 57 66 57 66]",0xC3
609,2,"[180 181]",0x34
610,434,"[193 28 218 43 17 25 142 74 246 218 205 207 228 221 237 239 76 56 164 54 197 166 166 243 170 110 71 86 71 8 66 213 186 159 230 67 147 8 228 114 45 61 217 27 236 95 64 84 104 140 150 114 114 73 98 119 152 33 195 174 76 117 242 5 207 131 158 175 116 49 232 189 143 114 127 210 3 221 11 157 85 173 21 142 218 126 21 9 159 17 18 108 53 52 123 71 56 131 74 20 174 149 54 149 244 244 136 25 117 6 106 232 119 140 40 4 254 86 71 146 190 64 134 85 123 41 130 12 215 160 241 153 46 123 170 95 141 41 198 232 80 203 23 63 118 98 158 144 22 33 13 243 165 219 138 49 160 129 104 95 166 158 38 208 162 137 191 39 235 69 67 208 85 212 83 140 59 187 42 95 120 6 249 208 114 235 238 136 59 124 83 114 233 72 214 239 206 134 144 209 11 188 135 101 196 68 229 176 156 133 54 157 185 2 93 213 161 157 58 161 201 102 46 19 129 175 41 107 145 39 69 155 185 162 182 148 213 211 203 147 254 10 50 207 211 209 223 108 238 53 239 142 41 188 75 56 44 7 195 124 250 112 215 247 5 26 89 222 214 93 205 206 207 208 209 210 211 212 213 214 215 216 217 218 219 220 221 222 223 224 225 226 227 228 229 230 231 232 233 234 235 236 237 238 239 240 241 242 243 244 245 246 247 248 249 250 251 252 253 254 255 0 1 2 3 4 5 6 7 8 9 10 11 12 13 14 15 16 17 18 19 20 21 22 23 24 25 26 27 28 29 30 31 32 33 34 35 36 37 38 39 40 41 42 43 44 45 46 47 48 49 50 51 52 53 54 55 56 57 58 59 60 61 62 63 64 65 66 67 68 69 70 71 72 73 74 75 76 77 78 79 80 81 82 83 84 85 86 87 88 89 90 91 92 93 94 95 96 97 98 99 100 101 102 103 104 105 106 107 108 109 110 111 112]",0x7D
611,13,"[10 255 255 45 255 0 0 0 0 78 99 0 215]",0x2E
612,676,"[245 165 244 245 165 244 245 165 244 245 165 244 245 165 244 245 165 244 245 165 244 245 165 244 245 165 244 245 165 244 245 165 244 245 165 244 245 165 244 245 165 244 245 165 244 245 165 244 245 165 244 245 165 244 245 165 244 245 165 244 245 165 244 245 165 244 245 165 244 245 165 244 245 165 244 245 165 244 245 165 244 245 165 244 245 165 244 245 165 244 245 165 244 245 165 244 245 165 244 245 165 244 245 165 244 245 165 244 245 165 244 245 165 244 245 165 244 245 165 244 245 165 244 245 165 244 245 165 244 245 165 244 245 165 244 245 165 244 245 165 244 245 165 244 245 165 244 245 165 244 245 165 244 245 165 244 245 165 244 245 165 244 245 165 244 245 165 244 245 165 244 245 165 244 245 165 244 245 165 244 245 165 244 245 165 244 245 165 244 245 165 244 245 165 244 245 165 244 245 165 244 245 165 244 245 165 244 245 165 244 245 165 244 245 165 244 245 165 244 245 165 244 245 165 244 245 165 244 245 165 244 245 165 244 245 165 244 245 165 244 245 165 244 245 165 244 245 165 244 245 165 244 245 165 244 245 165 244 245 165 244 245 165 244 245 165 244 245 165 244 245 165 244 245 165 244 245 165 244 245 165 244 245 165 244 245 165 244 245 165 244 245 165 244 245 165 244 245 165 244 245 165 244 245 165 244 245 165 244 245 165 244 245 165 244 245 165 244 245 165 244 245 165 244 245 165 244 245 165 244 245 165 244 245 165 244 245 165 244 245 165 244 245 165 244 245 165 244 245 165 244 245 165 244 245 165 244 245 165 244 245 165 244 245 165 244 245 165 244 245 165 244 245 165 244 245 165 244 245 165 244 245 165 244 245 165 244 245 165 244 245 165 244 245 165 244 245 165 244 245 165 244 245 165 244 245 165 244 245 165 244 245 165 244 245 165 244 245 165 244 245 165 244 245 165 244 245 165 244 245 165 244 245 165 244 245 165 244 245 165 244 245 165 244 245 165 244 245 165 244 245 165 244 245 165 244 245 165 244 245 165 244 245 165 244 245 165 244 245 165 244 245 165 244 245 165 244 245 165 244 245 165 244 245 165 244 245 165 244 245 165 244 245 165 244 245 165 244 245 165 244 245 165 244 245 165 244 245 165 244 245 165 244 245 165 244 245 165 244 245 165 244 245 165 244 245 165 244 245 165 244 245 165 244 245 165 244 245 165 244 245 165 244 245 165 244 245 165 244 245 165 244 245 165 244 245 165 244 245 165 244 245 165 244 245 165 244 245 165 244 245 165 244 245 165 244 245 165 244 245 165 244 245 165 244 245 165 244 245 165 244 245 165 244 245 165 244 245 165 244 245 165 244 245 165 244 245 165 244 245 165 244 245 165 244 245 165 244 245 165 244 245 165 244 245 165 244 245 165 244 245 165 244 245 165 244 245 165 244 245 165 244 245 165 244 245 165 244 245 165 244 245 165 244 245 165 244 245 165 244 245 165 244 245 165 244 245 165 244 245 165 244 245 165 244 245]",0x02
613,87,"[225 224 223 222 221 220 219 218 217 216 215 214 213 212 211 210 209 208 207 206 205 204 203 202 201 200 199 198 197 196 195 194 193 192 191 190 189 188 187 186 185 184 183 182 181 180 179 178 177 176 175 174 173 172 171 170 169 168 167 166 165 164 163 162 161 160 159 158 157 156 155 154 153 152 151 150 149 148 147 146 145 144 143 142 141 140 139]",0xDF
614,533,"[238 237 236 235 234 233 232 231 230 229 228 227 226 225 224 223 222 221 220 219 218 217 216 215 214 213 212 211 210 209 208 207 206 205 204 203 202 201 200 199 198 197 196 195 194 193 192 191 190 189 188 187 186 185 184 183 182 181 180 179 178 177 176 175 174 173 172 171 170 169 168 167 166 165 164 163 162 161 160 159 158 157 156 155 154 153 152 151 150 149 148 147 146 145 144 143 142 141 140 139 138 137 136 135 134 133 132 131 130 129 128 127 126 125 124 123 122 121 120 119 118 117 116 115 114 113 112 111 110 109 108 107 106 105 104 103 102 101 100 99 98 97 96 95 94 93 92 91 90 89 88 87 86 85 84 83 82 81 80 79 78 77 76 75 74 73 72 71 70 69 68 67 66 65 64 63 62 61 60 59 58 57 56 55 54 53 52 51 50 49 48 47 46 45 44 43 42 41 40 39 38 37 36 35 34 33 32 31 30 29 28 27 26 25 24 23 22 21 20 19 18 17 16 15 14 13 12 11 10 9 8 7 6 5 4 3 2 1 0 255 254 253 252 251 250 249 248 247 246 245 244 243 242 241 240 239 238 237 236 235 234 233 232 231 230 229 228 227 226 225 224 223 222 221 220 219 218 217 216 215 214 213 212 211 210 209 208 207 206 205 204 203 202 201 200 199 198 197 196 195 194 193 192 191 190 189 188 187 186 185 184 183 182 181 180 179 178 177 176 175 174 173 172 171 170 169 168 167 166 165 164 163 162 161 160 159 158 157 156 155 154 153 152 151 150 149 148 147 146 145 144 143 142 141 140 139 138 137 136 135 134 133 132 131 130 129 128 127 126 125 124 123 122 121 120 119 118 117 116 115 114 113 112 111 110 109 108 107 106 105 104 103 102 101 100 99 98 97 96 95 94 93 92 91 90 89 88 87 86 85 84 83 82 81 80 79 78 77 76 75 74 73 72 71 70 69 68 67 66 65 64 63 62 61 60 59 58 57 56 55 54 53 52 51 50 49 48 47 46 45 44 43 42 41 40 39 38 37 36 35 34 33 32 31 30 29 28 27 26 25 24 23 22 21 20 19 18 17 16 15 14 13 12 11 10 9 8 7 6 5 4 3 2 1 0 255 254 253 252 251 250 249 248 247 246 245 244 243 242 241 240 239 238 237 236 235 234 233 232 231 230 229 228 227 226 225 224 223 222 221 220 219 218]",0x47
615,96,"[3 126 217 63 177 140 74 73 18 137 115 74 248 209 134 133 49 166 244 229 21 13 246 51 140 19 215 30 164 14 40 131 11 50 34 10 248 115 219 91 10 178 9 141 35 171 228 244 135 136 9 197 244 112 203 204 201 194 55 192 36 182 0 235 211 174 24 211 224 176 249 23 181 134 37 168 204 42 203 23 151 204 37 146 108 155 108 64 64 221 40 31 24 18 3 41]",0x6D
616,3,"[24 138 183]",0x16
617,602,"[162 230 162 230 162 230 162 230 162 230 162 230 162 230 162 230 162 230 162 230 162 230 162 230 162 230 162 230 162 230 162 230 162 230 162 230 162 230 162 230 162 230 162 230 162 230 162 230 162 230 162 230 162 230 162 230 162 230 162 230 162 230 162 230 162 230 162 230 162 230 162 230 162 230 162 230 162 230 162 230 162 230 162 230 162 230 162 230 162 230 162 230 162 230 162 230 162 230 162 230 162 230 162 230 162 230 162 230 162 230 162 230 162 230 162 230 162 230 162 230 162 230 162 230 162 230 162 230 162 230 162 230 162 230 162 230 162 230 162 230 162 230 162 230 162 230 162 230 162 230 162 230 162 230 162 230 162 230 162 230 162 230 162 230 162 230 162 230 162 230 162 230 162 230 162 230 162 230 162 230 162 230 162 230 162 230 162 230 162 230 162 230 162 230 162 230 162 230 162 230 162 230 162 230 162 230 162 230 162 230 162 230 162 230 162 230 162 230 162 230 162 230 162 230 162 230 162 230 162 230 162 230 162 230 162 230 162 230 162 230 162 230 162 230 162 230 162 230 162 230 162 230 162 230 162 230 162 230 162 230 162 230 162 230 162 230 162 230 162 230 162 230 162 230 162 230 162 230 162 230 162 230 162 230 162 230 162 230 162 230 162 230 162 230 162 230 162 230 162 230 162 230 162 230 162 230 162 230 162 230 162 230 162 230 162 230 162 230 162 230 162 230 162 230 162 230 162 230 162 230 162 230 162 230 162 230 162 230 162 230 162 230 162 230 162 230 162 230 162 230 162 230 162 230 162 230 162 230 162 230 162 230 162 230 162 230 162 230 162 230 162 230 162 230 162 230 162 230 162 230 162 230 162 230 162 230 162 230 162 230 162 230 162 230 162 230 162 230 162 230 162 230 162 230 162 230 162 230 162 230 162 230 162 230 162 230 162 230 162 230 162 230 162 230 162 230 162 230 162 230 162 230 162 230 162 230 162 230 162 230 162 230 162 230 162 230 162 230 162 230 162 230 162 230 162 230 162 230 162 230 162 230 162 230 162 230 162 230 162 230 162 230 162 230 162 230 162 230 162 230 162 230 162 230 162 230 162 230 162 230 162 230 162 230 162 230 162 230 162 230 162 230 162 230 162 230 162 230 162 230 162 230 162 230 162 230 162 230 162 230 162 230 162 230 162 230 162 230 162 230 162 230 162 230 162 230 162 230 162 230 162 230 162 230 162 230 162 230 162 230 162 230 162 230 162 230 162 230 162 230 162 230 162 230 162 230 162 230 162 230 162 230 162 230 162 230 162 230 162 230 162 230 162 230 162 230 162 230 162 230 162 230 162 230 162 230 162 230 162 230 162 230]",0xA5
618,155,"[53 54 55 56 57 58 59 60 61 62 63 64 65 66 67 68 69 70 71 72 73 74 75 76 77 78 79 80 81 82 83 84 85 86 87 88 89 90 91 92 93 94 95 96 97 98 99 100 101 102 103 104 105 106 107 108 109 110 111 112 113 114 115 116 117 118 119 120 121 122 123 124 125 126 127 128 129 130 131 132 133 134 135 136 137 138 139 140 141 142 143 144 145 146 147 148 149 150 151 152 153 154 155 156 157 158 159 160 161 162 163 164 165 166 167 168 169 170 171 172 173 174 175 176 177 178 179 180 181 182 183 184 185 186 187 188 189 190 191 192 193 194 195 196 197 198 199 200 201 202 203 204 205 206 207]",0x52
619,62,"[68 67 66 65 64 63 62 61 60 59 58 57 56 55 54 53 52 51 50 49 48 47 46 45 44 43 42 41 40 39 38 37 36 35 34 33 32 31 30 29 28 27 26 25 24 23 22 21 20 19 18 17 16 15 14 13 12 11 10 9 8 7]",0x16
620,84,"[11 12 13 14 15 16 17 18 19 20 21 22 23 24 25 26 27 28 29 30 31 32 33 34 35 36 37 38 39 40 41 42 43 44 45 46 47 48 49 50 51 52 53 54 55 56 57 58 59 60 61 62 63 64 65 66 67 68 69 70 71 72 73 74 75 76 77 78 79 80 81 82 83 84 85 86 87 88 89 90 91 92 93 94]",0xDA
621,948,"[255 255 0 217 0 0 80 255 0 255 255 255 255 255 0 10 28 255 255 0 0 0 255 255 210 255 0 103 0 255 72 0 0 255 255 255 0 102 79 0 0 255 255 191 0 232 255 255 15 255 255 189 0 255 32 0 0 0 107 255 0 188 119 255 255 73 255 255 0 52 53 81 0 0 255 210 1 0 255 208 151 123 28 255 0 255 85 207 255 217 0 140 0 0 255 0 191 132 255 0 0 255 0 156 255 255 0 255 0 0 0 0 255 0 252 0 0 0 163 255 0 255 0 255 255 0 255 255 255 255 160 153 45 0 109 0 51 255 255 255 255 0 255 102 104 0 0 0 121 0 0 255 0 255 0 131 54 41 0 255 0 0 0 148 0 0 255 139 255 9 255 0 0 0 196 0 0 255 0 30 11 174 171 255 255 0 0 7 255 0 255 255 255 57 255 255 227 122 147 63 0 0 0 0 0 255 0 255 245 0 97 255 255 0 0 191 255 193 255 50 182 108 0 148 255 255 204 255 0 255 0 0 126 255 0 232 255 0 0 0 255 255 0 0 137 15 0 255 255 255 0 0 198 103 87 255 151 0 255 255 255 255 127 255 255 255 0 255 0 0 255 0 0 216 202 255 255 0 0 0 255 0 135 255 0 255 255 0 0 0 27 0 255 0 255 0 255 255 0 0 255 0 255 0 255 28 0 0 255 206 10 255 255 233 0 0 72 255 0 255 157 255 0 0 255 255 37 161 0 0 0 255 27 117 0 187 0 255 146 255 240 179 255 36 235 180 255 0 255 255 255 255 255 0 255 0 31 0 0 145 255 255 196 255 255 0 246 49 255 255 0 34 0 0 255 174 214 255 178 255 255 212 255 255 0 0 0 255 0 255 0 255 0 0 0 0 130 242 64 255 143 255 255 255 255 255 195 255 0 0 0 0 0 0 194 255 255 0 84 255 86 99 255 255 255 0 255 0 0 226 255 0 255 255 0 37 134 131 0 255 155 0 227 0 61 255 255 0 255 0 0 0 255 255 0 255 255 0 0 255 255 65 0 255 0 196 239 31 0 0 255 255 0 255 37 107 255 85 0 255 11 253 0 0 0 93 255 164 0 255 255 26 190 244 0 0 255 0 255 0 0 255 255 83 0 255 255 0 255 0 0 255 255 0 255 164 2 255 255 0 0 104 255 237 255 0 255 255 255 182 0 0 10 194 0 0 255 0 255 196 255 0 0 255 255 255 14 255 0 251 185 0 0 255 255 0 255 255 0 0 255 236 252 0 0 255 0 141 0 0 199 0 255 255 197 71 0 0 36 255 175 255 255 100 91 0 0 0 17 0 235 255 0 255 255 53 255 176 255 255 0 0 0 0 0 167 0 112 255 255 255 255 72 236 255 0 255 229 255 0 255 0 0 0 0 49 255 0 0 255 0 41 255 0 182 255 0 255 255 0 255 0 0 0 131 0 0 213 255 123 0 0 141 0 255 204 114 113 0 0 255 0 0 0 102 255 0 116 255 255 255 0 74 0 0 157 255 255 255 0 173 0 0 0 255 255 255 255 255 0 0 110 0 150 255 214 87 0 212 0 255 255 0 65 138 255 212 255 32 0 144 0 255 217 15 132 123 0 95 0 255 0 255 0 255 255 0 0 5 0 127 236 255 27 255 0 231 0 209 26 255 255 255 0 0 0 0 255 0 255 0 199 180 255 255 255 0 255 255 0 255 255 59 255 255 255 176 255 0 140 255 145 0 235 0 0 255 255 255 31 0 139 0 0 156 255 255 217 173 198 0 0 242 255 255 255 251 101 255 255 0 255 255 255 64 255 74 255 255 237 141 0 0 0 0 0 207 190 255 139 18 0 32 255 21 52 0 255 0 0 29 255 30 0 255 0 137 108 0 0 0 255 162 254 195 0 255 0 255 0 0 170 255 255 0 255 215 255 255 255 255 73 255 0 0 255 0 0 128 0 48 229 20 0 255 0 36 255 255 255 255 0 0 192 0 162 255 0 255 255 255 0 207 2 0 255 255 255 0 255 0 0 159 255 255 112 0 255 149 255 185 0 255 255 255 0 0 20 255 104 255 0 255 255 196 193 255 255 42 239 255 255 255 255 255 255 255 121 0 193 255 255 255 0 0 0 255 83]",0xAC
622,886,"[57 33 57 33 57 33 57 33 57 33 57 33 57 33 57 33 57 33 57 33 57 33 57 33 57 33 57 33 57 33 57 33 57 33 57 33 57 33 57 33 57 33 57 33 57 33 57 33 57 33 57 33 57 33 57 33 57 33 57 33 57 33 57 33 57 33 57 33 57 33 57 33 57 33 57 33 57 33 57 33 57 33 57 33 57 33 57 33 57 33 57 33 57 33 57 33 57 33 57 33 57 33 57 33 57 33 57 33 57 33 57 33 57 33 57 33 57 33 57 33 57 33 57 33 57 33 57 33 57 33 57 33 57 33 57 33 57 33 57 33 57 33 57 33 57 33 57 33 57 33 57 33 57 33 57 33 57 33 57 33 57 33 57 33 57 33 57 33 57 33 57 33 57 33 57 33 57 33 57 33 57 33 57 33 57 33 57 33 57 33 57 33 57 33 57 33 57 33 57 33 57 33 57 33 57 33 57 33 57 33 57 33 57 33 57 33 57 33 57 33 57 33 57 33 57 33 57 33 57 33 57 33 57 33 57 33 57 33 57 33 57 33 57 33 57 33 57 33 57 33 57 33 57 33 57 33 57 33 57 33 57 33 57 33 57 33 57 33 57 33 57 33 57 33 57 33 57 33 57 33 57 33 57 33 57 33 57 33 57 33 57 33 57 33 57 33 57 33 57 33 57 33 57 33 57 33 57 33 57 33 57 33 57 33 57 33 57 33 57 33 57 33 57 33 57 33 57 33 57 33 57 33 57 33 57 33 57 33 57 33 57 33 57 33 57 33 57 33 57 33 57 33 57 33 57 33 57 33 57 33 57 33 57 33 57 33 57 33 57 33 57 33 57 33 57 33 57 33 57 33 57 33 57 33 57 33 57 33 57 33 57 33 57 33 57 33 57 33 57 33 57 33 57 33 57 33 57 33 57 33 57 33 57 33 57 33 57 33 57 33 57 33 57 33 57 33 57 33 57 33 57 33 57 33 57 33 57 33 57 33 57 33 57 33 57 33 57 33 57 33 57 33 57 33 57 33 57 33 57 33 57 33 57 33 57 33 57 33 57 33 57 33 57 33 57 33 57 33 57 33 57 33 57 33 57 33 57 33 57 33 57 33 57 33 57 33 57 33 57 33 57 33 57 33 57 33 57 33 57 33 57 33 57 33 57 33 57 33 57 33 57 33 57 33 57 33 57 33 57 33 57 33 57 33 57 33 57 33 57 33 57 33 57 33 57 33 57 33 57 33 57 33 57 33 57 33 57 33 57 33 57 33 57 33 57 33 57 33 57 33 57 33 57 33 57 33 57 33 57 33 57 33 57 33 57 33 57 33 57 33 57 33 57 33 57 33 57 33 57 33 57 33 57 33 57 33 57 33 57 33 57 33 57 33 57 33 57 33 57 33 57 33 57 33 57 33 57 33 57 33 57 33 57 33 57 33 57 33 57 33 57 33 57 33 57 33 57 33 57 33 57 33 57 33 57 33 57 33 57 33 57 33 57 33 57 33 57 33 57 33 57 33 57 33 57 33 57 33 57 33 57 33 57 33 57 33 57 33 57 33 57 33 57 33 57 33 57 33 57 33 57 33 57 33 57 33 57 33 57 33 57 33 57 33 57 33 57 33 57 33 57 33 57 33 57 33 57 33 57 33 57 33 57 33 57 33 57 33 57 33 57 33 57 33 57 33 57 33 57 33 57 33 57 33 57 33 57 33 57 33 57 33 57 33 57 33 57 33 57 33 57 33 57 33 57 33 57 33 57 33 57 33 57 33 57 33 57 33 57 33 57 33 57 33 57 33 57 33 57 33 57 33 57 33 57 33 57 33 57 33 57 33 57 33 57 33 57 33 57 33 57 33 57 33 57 33 57 33 57 33 57 33 57 33 57 33 57 33 57 33 57 33 57 33 57 33 57 33 57 33 57 33 57 33 57 33 57 33 57 33 57 33 57 33 57 33 57 33 57 33 57 33 57 33 57 33 57 33 57 33 57 33 57 33 57 33]",0x3F
623,8,"[177 137 177 137 177 137 177 137]",0x5A
624,22,"[207 7 35 193 207 7 35 193 207 7 35 193 207 7 35 193 207 7 35 193 207 7]",0xA6
625,68,"[123 124 125 126 127 128 129 130 131 132 133 134 135 136 137 138 139 140 141 142 143 144 145 146 147 148 149 150 151 152 153 154 155 156 157 158 159 160 161 162 163 164 165 166 167 168 169 170 171 172 173 174 175 176 177 178 179 180 181 182 183 184 185 186 187 188 189 190]",0x43
626,10,"[2 57 254 18 223 40 27 199 216 202]",0x8D
627,90,"[87 118 17 148 143 253 159 101 202 85 136 14 82 135 179 25 204 230 71 195 46 133 204 98 6 138 216 27 7 207 68 93 22 24 157 141 74 115 99 177 220 195 1 25 109 218 60 225 28 18 233 41 118 83 37 161 246 168 90 182 36 148 120 92 189 30 136 218 51 67 169 197 72 92 189 73 170 40 105 176 117 4 104 73 25 2 11 243 191 240]",0x9E
628,6,"[6 119 165 16 93 23]",0x0C
629,53,"[149 85 99 149 85 99 149 85 99 149 85 99 149 85 99 149 85 99 149 85 99 149 85 99 149 85 99 149 85 99 149 85 99 149 85 99 149 85 99 149 85 99 149 85 99 149 85 99 149 85 99 149 85]",0x96
630,44,"[255 255 227 0 0 182 110 0 0 255 137 0 0 255 116 47 255 0 255 116 239 0 90 255 255 255 0 255 0 255 0 5 255 0 255 80 255 0 255 52 0 0 0 0]",0x0D
631,616,"[0 255 0 255 168 255 255 81 230 255 255 0 255 51 255 255 255 198 0 255 0 0 107 255 0 255 255 255 0 0 0 0 255 0 0 0 182 112 209 10 255 255 247 222 255 0 231 255 0 101 0 0 255 114 38 121 164 255 255 255 255 14 26 31 0 74 255 255 255 255 255 0 0 0 0 150 11 255 156 0 135 0 0 82 255 0 0 255 73 0 255 255 255 255 0 219 9 213 0 0 106 0 0 255 0 201 255 0 6 114 0 255 255 255 0 0 79 255 255 255 0 219 140 255 255 0 255 30 255 0 255 255 165 0 169 0 0 0 121 0 255 255 0 0 98 128 255 18 255 224 255 255 0 255 0 255 0 173 255 0 0 255 0 0 14 0 0 255 255 49 0 255 255 255 255 255 111 0 0 255 0 255 255 0 0 255 0 0 220 87 0 0 255 255 255 38 255 164 0 255 91 130 0 255 255 255 0 255 119 0 0 255 255 255 39 9 51 17 255 255 255 255 0 221 0 255 255 36 217 0 0 255 239 232 0 0 0 255 4 0 255 0 0 121 7 0 139 72 0 255 0 0 0 206 0 0 0 217 255 0 0 56 255 255 0 79 122 47 0 255 255 255 38 0 0 90 255 248 128 255 0 124 255 0 209 0 255 186 225 62 85 211 255 255 0 0 0 0 77 0 255 0 0 0 0 239 0 0 254 0 0 255 180 0 49 0 0 255 255 243 0 255 19 31 255 255 0 0 133 26 77 0 0 255 10 18 156 255 255 255 0 255 0 0 255 0 159 0 38 0 0 255 0 53 1 255 193 255 255 249 0 255 0 255 0 8 80 0 0 255 54 0 0 255 0 193 0 255 144 255 255 255 0 255 0 255 255 255 68 222 255 205 255 255 255 0 236 0 255 255 84 255 255 255 0 0 113 255 255 0 255 255 255 255 240 0 216 0 96 0 0 0 71 255 255 123 0 255 0 255 117 255 255 168 0 0 255 127 0 0 0 255 0 147 255 0 255 255 255 255 0 255 0 255 0 238 0 138 0 255 0 0 255 255 255 0 42 255 251 255 0 255 255 255 0 255 0 0 255 0 244 140 255 146 154 219 255 255 255 255 255 255 255 196 0 57 36 255 13 255 0 0 255 245 255 49 0 255 0 0 179 0 255 255 255 240 0 255 255 17 0 36 109 255 0 255 104 213 8 0 255 207 0 255 0 0 255 255 111 66 220 33 241 23 0 3 134 255 69 0 255 0 255 255 0 255 0 0 117 255 0 255 182 255 221 255 46 2 255 255 255 0 23 0 255 0 94 0 255 165 155 251 0 0 255 0 0 0 0 174 255 62 255 0 0 0 255 234 0 0 0 0 1 255 255 54 205 255 255 0 255 212 255 233 0 0]",0x66
632,167,"[41 207 41 207 41 207 41 207 41 207 41 207 41 207 41 207 41 207 41 207 41 207 41 207 41 207 41 207 41 207 41 207 41 207 41 207 41 207 41 207 41 207 41 207 41 207 41 207 41 207 41 207 41 207 41 207 41 207 41 207 41 207 41 207 41 207 41 207 41 207 41 207 41 207 41 207 41 207 41 207 41 207 41 207 41 207 41 207 41 207 41 207 41 207 41 207 41 207 41 207 41 207 41 207 41 207 41 207 41 207 41 207 41 207 41 207 41 207 41 207 41 207 41 207 41 207 41 207 41 207 41 207 41 207 41 207 41 207 41 207 41 207 41 207 41 207 41 207 41 207 41 207 41 207 41 207 41 207 41 207 41 207 41 207 41 207 41]",0x03
633,5,"[23 96 23 96 23]",0xC9
634,224,"[122 122 122 122 122 122 122 122 122 122 122 122 122 122 122 122 122 122 122 122 122 122 122 122 122 122 122 122 122 122 122 122 122 122 122 122 122 122 122 122 122 122 122 122 122 122 122 122 122 122 122 122 122 122 122 122 122 122 122 122 122 183 184 185 186 187 188 189 190 191 192 193 194 195 196 197 198 199 200 201 202 203 204 205 206 207 208 209 210 211 212 213 214 215 216 217 218 219 220 221 222 223 224 225 226 227 228 229 230 231 232 233 234 235 236 237 238 239 240 241 242 243 244 245 246 247 248 249 250 251 252 253 254 255 0 1 2 3 4 5 6 7 8 9 10 11 12 13 14 15 16 17 18 19 20 21 22 23 24 25 26 27 28 29 30 31 32 33 34 35 36 37 38 39 40 41 42 43 44 45 46 47 48 49 50 51 52 53 54 55 56 57 58 59 60 61 62 63 64 65 66 67 68 69 70 71 72 73 74 75 76 77 78 79 80 81 82 83 84 85 86 87 88 89]",0xEE
635,9,"[135 136 137 138 139 140 141 142 143]",0x00
636,796,"[219 218 217 216 215 214 213 212 211 210 209 208 207 206 205 204 203 202 201 200 199 198 197 196 195 194 193 192 191 190 189 188 187 186 185 184 183 182 181 180 179 178 177 176 175 174 173 172 171 170 169 168 167 166 165 164 163 162 161 160 159 158 157 156 155 154 153 152 151 150 149 148 147 146 145 144 143 142 141 140 139 138 137 136 135 134 133 132 131 130 129 128 127 126 125 124 123 122 121 120 119 118 117 116 115 114 113 112 111 110 109 108 107 106 105 104 103 102 101 100 99 98 97 96 95 94 93 92 91 90 89 88 87 86 85 84 83 82 81 80 79 78 77 76 75 74 73 72 71 70 69 68 67 66 65 64 63 62 61 60 59 58 57 56 55 54 53 52 51 50 49 48 47 46 45 44 43 42 41 40 39 38 37 36 35 34 33 32 31 30 29 28 27 26 25 24 23 22 21 20 19 18 17 16 15 14 13 12 11 10 9 8 7 6 5 4 3 2 1 0 255 254 253 252 251 250 249 248 247 246 245 244 243 242 241 240 239 238 237 236 235 234 233 232 231 230 229 228 227 226 225 224 223 222 221 220 219 218 217 216 215 214 213 212 211 210 209 208 207 206 205 204 203 202 201 200 199 198 197 196 195 194 193 192 191 190 189 188 187 186 185 184 183 182 181 180 179 178 177 176 175 174 173 172 171 170 169 168 167 166 165 164 163 162 161 160 159 158 157 156 155 154 153 152 151 150 149 148 147 146 145 144 143 142 141 140 139 138 137 136 135 134 133 132 131 130 129 128 127 126 125 124 123 122 121 120 119 118 117 116 115 114 113 112 111 110 109 108 107 106 105 104 103 102 101 100 99 98 97 96 95 94 93 92 91 90 89 88 87 86 85 84 83 82 81 80 79 78 77 76 75 74 73 72 71 70 69 68 67 66 65 64 63 62 61 60 59 58 57 56 55 54 53 52 51 50 49 48 47 46 45 44 43 42 41 40 39 38 37 36 35 34 33 32 31 30 29 28 27 26 25 24 23 22 21 20 19 18 17 16 15 14 13 12 11 10 9 8 7 6 5 4 3 2 1 0 255 254 253 252 251 250 249 248 247 246 245 244 243 242 241 240 239 238 237 236 235 234 233 232 231 230 229 228 227 226 225 224 223 222 221 220 219 218 217 216 215 214 213 212 211 210 209 208 207 206 205 204 203 202 201 200 199 198 197 196 195 194 193 192 191 190 189 188 187 186 185 184 183 182 181 180 179 178 177 176 175 174 173 172 171 170 169 168 167 166 165 164 163 162 161 160 159 158 157 156 155 154 153 152 151 150 149 148 147 146 145 144 143 142 141 140 139 138 137 136 135 134 133 132 131 130 129 128 127 126 125 124 123 122 121 120 119 118 117 116 115 114 113 112 111 110 109 108 107 106 105 104 103 102 101 100 99 98 97 96 95 94 93 92 91 90 89 88 87 86 85 84 83 82 81 80 79 78 77 76 75 74 73 72 71 70 69 68 67 66 65 64 63 62 61 60 59 58 57 56 55 54 53 52 51 50 49 48 47 46 45 44 43 42 41 40 39 38 37 36 35 34 33 32 31 30 29 28 27 26 25 24 23 22 21 20 19 18 17 16 15 14 13 12 11 10 9 8 7 6 5 4 3 2 1 0 255 254 253 252 251 250 249 248 247 246 245 244 243 242 241 240 239 238 237 236 235 234 233 232 231 230 229 228 227 226 225 224 223 222 221 220 219 218 217 216 215 214 213 212 211 210 209 208 207 206 205 204 203 202 201 200 199 198 197 196 195 194 193 192]",0x4D
637,8,"[71 72 73 74 75 76 77 78]",0xAD
638,9,"[42 41 40 39 38 37 36 35 34]",0x19
639,54,"[152 120 152 120 152 120 152 120 152 120 152 120 152 120 152 120 152 120 152 120 152 120 152 120 152 120 152 120 152 120 152 120 152 120 152 120 152 120 152 120 152 120 152 120 152 120 152 120 152 120 152 120 152 120]",0xCB
640,896,"[224 56 224 56 224 56 224 56 224 56 224 56 224 56 224 56 224 56 224 56 224 56 224 56 224 56 224 56 224 56 224 56 224 56 224 56 224 56 224 56 224 56 224 56 224 56 224 56 224 56 224 56 224 56 224 56 224 56 224 56 224 56 224 56 224 56 224 56 224 56 224 56 224 56 224 56 224 56 224 56 224 56 224 56 224 56 224 56 224 56 224 56 224 56 224 56 224 56 224 56 224 56 224 56 224 56 224 56 224 56 224 56 224 56 224 56 224 56 224 56 224 56 224 56 224 56 224 56 224 56 224 56 224 56 224 56 224 56 224 56 224 56 224 56 224 56 224 56 224 56 224 56 224 56 224 56 224 56 224 56 224 56 224 56 224 56 224 56 224 56 224 56 224 56 224 56 224 56 224 56 224 56 224 56 224 56 224 56 224 56 224 56 224 56 224 56 224 56 224 56 224 56 224 56 224 56 224 56 224 56 224 56 224 56 224 56 224 56 224 56 224 56 224 56 224 56 224 56 224 56 224 56 224 56 224 56 224 56 224 56 224 56 224 56 224 56 224 56 224 56 224 56 224 56 224 56 224 56 224 56 224 56 224 56 224 56 224 56 224 56 224 56 224 56 224 56 224 56 224 56 224 56 224 56 224 56 224 56 224 56 224 56 224 56 224 56 224 56 224 56 224 56 224 56 224 56 224 56 224 56 224 56 224 56 224 56 224 56 224 56 224 56 224 56 224 56 224 56 224 56 224 56 224 56 224 56 224 56 224 56 224 56 224 56 224 56 224 56 224 56 224 56 224 56 224 56 224 56 224 56 224 56 224 56 224 56 224 56 224 56 224 56 224 56 224 56 224 56 224 56 224 56 224 56 224 56 224 56 224 56 224 56 224 56 224 56 224 56 224 56 224 56 224 56 224 56 224 56 224 56 224 56 224 56 224 56 224 56 224 56 224 56 224 56 224 56 224 56 224 56 224 56 224 56 224 56 224 56 224 56 224 56 224 56 224 56 224 56 224 56 224 56 224 56 224 56 224 56 224 56 224 56 224 56 224 56 224 56 224 56 224 56 224 56 224 56 224 56 224 56 224 56 224 56 224 56 224 56 224 56 224 56 224 56 224 56 224 56 224 56 224 56 224 56 224 56 224 56 224 56 224 56 224 56 224 56 224 56 224 56 224 56 224 56 224 56 224 56 224 56 224 56 224 56 224 56 224 56 224 56 224 56 224 56 224 56 224 56 224 56 224 56 224 56 224 56 224 56 224 56 224 56 224 56 224 56 224 56 224 56 224 56 224 56 224 56 224 56 224 56 224 56 224 56 224 56 224 56 224 56 224 56 224 56 224 56 224 56 224 56 224 56 224 56 224 56 224 56 224 56 224 56 224 56 224 56 224 56 224 56 224 56 224 56 224 56 224 56 224 56 224 56 224 56 224 56 224 56 224 56 224 56 224 56 224 56 224 56 224 56 224 56 224 56 224 56 224 56 224 56 224 56 224 56 224 56 224 56 224 56 224 56 224 56 224 56 224 56 224 56 224 56 224 56 224 56 224 56 224 56 224 56 224 56 224 56 224 56 224 56 224 56 224 56 224 56 224 56 224 56 224 56 224 56 224 56 224 56 224 56 224 56 224 56 224 56 224 56 224 56 224 56 224 56 224 56 224 56 224 56 224 56 224 56 224 56 224 56 224 56 224 56 224 56 224 56 224 56 224 56 224 56 224 56 224 56 224 56 224 56 224 56 224 56 224 56 224 56 224 56 224 56 224 56 224 56 224 56 224 56 224 56 224 56 224 56 224 56 224 56 224 56 224 56 224 56 224 56 224 56 224 56 224 56 224 56 224 56 224 56 224 56 224 56 224 56 224 56 224 56 224 56 224 56 224 56 224 56 224 56 224 56 224 56 224 56 224 56 224 56 224 56 224 56 224 56 224 56 224 56 224 56 224 56 224 56 224 56 224 56 224 56 224 56 224 56 224 56 224 56 224 56 224 56 224 56 224 56 224 56 224 56 224 56 224 56]",0xF6
641,3,"[252 253 254]",0x4D
642,69,"[151 150 149 148 147 146 145 144 143 142 141 140 139 138 137 136 135 134 133 132 131 130 129 128 127 126 125 124 123 122 121 120 119 118 117 116 115 114 113 112 111 110 109 108 107 106 105 104 103 102 101 100 99 98 97 96 95 94 93 92 91 90 89 88 87 86 85 84 83]",0x36
643,50,"[244 145 244 145 244 145 244 145 244 145 244 145 244 145 244 145 244 145 244 145 244 145 244 145 244 145 244 145 244 145 244 145 244 145 244 145 244 145 244 145 244 145 244 145 244 145 244 145 244 145]",0xFF
644,620,"[98 99 100 101 102 103 104 105 106 107 108 109 110 111 112 113 114 115 116 117 118 119 120 121 122 123 124 125 126 127 128 129 130 131 132 133 134 135 136 137 138 139 140 141 142 143 144 145 146 147 148 149 150 151 152 153 154 155 156 157 158 159 160 161 162 163 164 165 166 167 168 169 170 171 172 173 174 175 176 177 178 179 180 181 182 183 184 185 186 187 188 189 190 191 192 193 194 195 196 197 198 199 200 201 202 203 204 205 206 207 208 209 210 211 212 213 214 215 216 217 218 219 220 221 222 223 224 225 226 227 228 229 230 231 232 233 234 235 236 237 238 239 240 241 242 243 244 245 246 247 248 249 250 251 252 253 254 255 0 1 2 3 4 5 6 7 8 9 10 11 12 13 14 15 16 17 18 19 20 21 22 23 24 25 26 27 28 29 30 31 32 33 34 35 36 37 38 39 40 41 42 43 44 45 46 47 48 49 50 51 52 53 54 55 56 57 58 59 60 61 62 63 64 65 66 67 68 69 70 71 72 73 74 75 76 77 78 79 80 81 82 83 84 85 86 87 88 89 90 91 92 93 94 95 96 97 98 99 100 101 102 103 104 105 106 107 108 109 110 111 112 113 114 115 116 117 118 119 120 121 122 123 124 125 126 127 128 129 130 131 132 133 134 135 136 137 138 139 140 141 142 143 144 145 146 147 148 149 150 151 152 153 154 155 156 157 158 159 160 161 162 163 164 165 166 167 168 169 170 171 172 173 174 175 176 177 178 179 180 181 182 183 184 185 186 187 188 189 190 191 192 193 194 195 196 197 198 199 200 201 202 203 204 205 206 207 208 209 210 211 212 213 214 215 216 217 218 219 220 221 222 223 224 225 226 227 228 229 230 231 232 233 234 235 236 237 238 239 240 241 242 243 244 245 246 247 248 249 250 251 252 253 254 255 0 1 2 3 4 5 6 7 8 9 10 11 12 13 14 15 16 17 18 19 20 21 22 23 24 25 26 27 28 29 30 31 32 33 34 35 36 37 38 39 40 41 42 43 44 45 46 47 48 49 50 51 52 53 54 55 56 57 58 59 60 61 62 63 64 65 66 67 68 69 70 71 72 73 74 75 76 77 78 79 80 81 82 83 84 85 86 87 88 89 90 91 92 93 94 95 96 97 98 99 100 101 102 103 104 105 106 107 108 109 110 111 112 113 114 115 116 117 118 119 120 121 122 123 124 125 126 127 128 129 130 131 132 133 134 135 136 137 138 139 140 141 142 143 144 145 146 147 148 149 150 151 152 153 154 155 156 157 158 159 160 161 162 163 164 165 166 167 168 169 170 171 172 173 174 175 176 177 178 179 180 181 182 183 184 185 186 187 188 189 190 191 192 193 194 195 196 197 198 199 200 201 202 203 204 205]",0x18
645,480,"[24 60 144 212 136 190 165 134 54 226 70 64 65 24 127 83 133 115 133 76 208 136 53 230 28 187 173 18 230 80 189 70 134 248 156 75 117 173 113 233 222 37 200 241 81 60 2 29 245 100 99 68 41 130 185 141 9 205 238 112 93 58 77 164 197 85 86 115 43 237 180 110 31 217 123 204 8 70 159 124 75 51 77 190 47 152 108 195 51 69 102 42 118 106 253 152 17 117 224 221 246 228 45 0 157 179 33 42 246 241 40 63 228 111 204 101 188 101 230 83 133 133 166 78 164 36 228 36 215 177 87 83 247 49 185 47 231 189 238 225 140 38 56 51 56 121 222 5 61 152 221 76 97 95 75 178 167 215 234 230 138 47 56 151 235 135 239 67 22 203 225 114 26 10 16 112 60 118 125 117 158 173 101 86 94 17 82 51 74 182 253 236 210 188 241 192 120 153 78 0 90 103 187 219 246 90 245 204 7 152 93 8 136 149 64 240 156 45 184 127 121 213 35 125 199 169 1 201 241 180 224 92 89 82 188 241 226 38 160 254 75 162 232 230 82 24 165 242 130 117 221 108 174 99 96 48 22 226 46 15 149 139 145 119 36 5 11 241 136 102 105 166 96 203 66 94 239 66 169 93 120 11 42 26 216 246 17 19 141 129 166 188 204 38 9 227 120 248 136 130 159 43 65 231 54 59 130 164 0 116 102 221 214 231 215 201 219 44 87 175 236 170 53 241 194 183 195 168 5 64 244 73 197 108 232 142 161 61 14 193 17 184 142 209 52 138 157 19 189 99 33 99 25 227 116 35 64 185 201 10 15 234 84 49 31 121 197 133 5 123 79 174 134 247 153 161 133 79 161 85 183 60 94 149 160 171 179 81 228 7 48 17 171 70 50 123 158 158 142 253 220 61 194 145 18 12 204 139 146 86 238 182 237 25 149 163 32 88 54 252 139 80 170 168 88 254 207 102 168 181 44 224 211 193 57 34 46 23 240 217 23 173 62 4 74 112 5 82 179 58 124 227 7 201 98 138 59 148 187 51 87 145 106 75 115 74 77 156 122 173 214 241 38 160 149 221 229 194 152 51]",0x24
646,65,"[47 48 49 50 51 52 53 54 55 56 57 58 59 60 61 62 63 64 65 66 67 68 69 70 71 72 73 74 75 76 77 78 79 80 81 82 83 84 85 86 87 88 89 90 91 92 93 94 95 96 97 98 99 100 101 102 103 104 105 106 107 108 109 110 111]",0x98
647,961,"[220 240 134 114 235 1 215 75 164 82 133 206 46 169 229 230 228 132 196 114 117 72 73 9 136 79 48 31 88 230 132 142 13 133 170 38 251 234 254 92 210 84 191 242 39 35 26 204 170 133 198 217 243 51 113 236 118 124 241 188 141 91 234 2 82 242 127 159 136 101 170 196 93 151 21 140 191 149 224 73 125 22 179 113 135 32 255 197 102 145 158 245 196 89 250 77 147 179 69 244 55 113 46 223 56 8 9 105 133 10 23 24 171 76 144 18 228 77 199 211 252 189 113 39 12 226 114 191 127 225 191 21 192 68 197 242 238 32 13 198 181 45 175 3 161 213 164 16 253 91 97 21 42 69 204 177 149 221 255 98 100 188 164 3 167 184 252 150 175 201 24 188 139 25 171 60 137 71 26 64 112 126 38 82 220 233 137 125 148 54 254 190 61 69 165 82 90 199 68 180 239 31 36 241 52 5 222 72 76 58 234 198 152 116 36 237 191 71 242 239 168 252 47 187 38 177 235 137 195 36 162 16 9 162 146 84 131 175 165 18 173 168 171 216 147 240 250 192 91 36 209 37 37 235 143 75 246 181 136 84 173 187 182 50 178 148 217 159 37 81 190 189 57 90 3 84 6 223 170 248 228 154 128 226 76 57 104 13 77 21 13 141 181 137 18 101 28 166 211 29 17 103 77 66 54 81 247 219 153 204 3 28 74 164 226 59 35 217 104 179 140 45 179 107 73 231 1 103 76 13 20 44 129 72 214 61 184 53 10 67 214 21 88 2 161 241 98 147 115 249 188 11 27 120 161 74 172 147 111 149 234 62 202 3 21 243 178 162 85 47 97 153 162 43 114 145 245 140 148 195 107 98 151 200 163 47 101 131 134 86 133 172 119 115 205 193 108 254 17 83 9 214 193 175 54 181 90 222 51 55 245 132 114 90 212 90 91 31 133 236 245 254 121 198 141 140 206 213 5 241 210 184 218 137 197 153 138 54 216 226 248 30 74 175 218 192 116 185 18 169 2 12 193 122 15 123 16 88 40 56 50 95 27 135 104 215 211 211 120 74 106 175 135 159 177 235 241 215 16 250 180 177 5 122 160 71 21 136 114 11 132 27 108 69 248 8 143 38 81 47 254 8 138 155 197 160 59 153 249 217 116 122 34 145 71 27 121 11 30 56 253 206 138 59 132 166 1 252 160 252 120 159 118 2 217 114 120 92 110 185 179 206 249 100 86 126 39 194 148 54 221 158 8 50 228 97 251 135 53 152 26 206 160 246 176 12 121 136 234 110 151 47 62 140 178 111 110 65 178 1 131 0 151 7 240 122 175 218 60 138 221 137 100 94 98 157 11 106 143 201 135 237 113 166 4 61 208 150 242 192 115 199 119 84 12 221 107 175 39 212 210 123 172 133 141 227 247 94 84 77 197 185 11 22 165 70 23 105 224 93 178 230 43 156 232 49 253 93 55 214 119 171 125 164 9 89 168 89 198 245 9 218 43 234 242 145 122 194 235 59 97 106 216 35 159 89 226 86 250 4 61 117 65 188 208 178 248 116 250 31 216 9 136 124 219 179 112 229 226 6 222 134 214 46 38 184 70 143 176 156 178 158 97 23 218 216 1 215 38 85 105 173 23 211 241 243 23 235 145 186 238 169 116 134 175 241 227 147 54 88 92 74 191 214 81 216 188 112 178 196 143 113 26 0 239 68 169 241 209 31 205 185 84 176 211 74 222 20 135 59 186 44 87 32 207 33 185 181 36 144 127 152 239 20 210 220 32 167 179 140 128 81 176 73 117 219 22 135 124 96 152 4 126 124 132 54 53 165 23 78 212 26 119 171 36 79 143 83 28 59 28 251 60 135 109 145 127 186 223 73 47 251 221 93 229 171 111 223 172 211 106 204 93 188 111 103 203 32 237 130 162 103 165 181 222 218 91 157 199 195 228 212 183 191 206 214 90 200 242 59 12 18 55 235 32 191 221 224 106 126 82 37 54 34 104 43 103 217 167 169 207 10 203 50 88 78 27 44 244 153 121 193 208 28 189 238 149 157 222 173 254 72 216 156 93 226 255 14 236 51 52 10 236 194 13 162 30 192 104 13 212 146 197 172 111 178 3 86 199 195 227 156 241 142 128 50 199 177 117 22 32 29 96 40 220 230 219 155 152 228 104]",0xCD
648,5,"[138 139 140 141 142]",0xD7
649,8,"[64 63 62 61 60 59 58 57]",0x24
650,82,"[70 120 216 204 38 118 77 102 138 127 36 31 33 215 5 51 244 16 9 99 38 144 86 53 255 87 164 223 236 104 249 185 149 177 92 108 150 83 196 64 203 38 55 192 67 203 200 65 18 42 192 216 98 42 19 55 250 43 22 201 157 136 114 179 178 108 59 215 42 136 177 163 158 169 224 93 160 178 151 231 167 108]",0x88
651,541,"[149 150 151 152 153 154 155 156 157 158 159 160 161 162 163 164 165 166 167 168 169 170 171 172 173 174 175 176 177 178 179 180 181 182 183 184 185 186 187 188 189 190 191 192 193 194 195 196 197 198 199 200 201 202 203 204 205 206 207 208 209 210 211 212 213 214 215 216 217 218 219 220 221 222 223 224 225 226 227 228 229 230 231 232 233 234 235 236 237 238 239 240 241 242 243 244 245 246 247 248 249 250 251 252 253 254 255 0 1 2 3 4 5 6 7 8 9 10 11 12 13 14 15 16 17 18 19 20 21 22 23 24 25 26 27 28 29 30 31 32 33 34 35 36 37 38 39 40 41 42 43 44 45 46 47 48 49 50 51 52 53 54 55 56 57 58 59 60 61 62 63 64 65 66 67 68 69 70 71 72 73 74 75 76 77 78 79 80 81 82 83 84 85 86 87 88 89 90 91 92 93 94 95 96 97 98 99 100 101 102 103 104 105 106 107 108 109 110 111 112 113 114 115 116 117 118 119 120 121 122 123 124 125 126 127 128 129 130 131 132 133 134 135 136 137 138 139 140 141 142 143 144 145 146 147 148 149 150 151 152 153 154 155 156 157 158 159 160 161 162 163 164 165 166 167 168 169 170 171 172 173 174 175 176 177 178 179 180 181 182 183 184 185 186 187 188 189 190 191 192 193 194 195 196 197 198 199 200 201 202 203 204 205 206 207 208 209 210 211 212 213 214 215 216 217 218 219 220 221 222 223 224 225 226 227 228 229 230 231 232 233 234 235 236 237 238 239 240 241 242 243 244 245 246 247 248 249 250 251 252 253 254 255 0 1 2 3 4 5 6 7 8 9 10 11 12 13 14 15 16 17 18 19 20 21 22 23 24 25 26 27 28 29 30 31 32 33 34 35 36 37 38 39 40 41 42 43 44 45 46 47 48 49 50 51 52 53 54 55 56 57 58 59 60 61 62 63 64 65 66 67 68 69 70 71 72 73 74 75 76 77 78 79 80 81 82 83 84 85 86 87 88 89 90 91 92 93 94 95 96 97 98 99 100 101 102 103 104 105 106 107 108 109 110 111 112 113 114 115 116 117 118 119 120 121 122 123 124 125 126 127 128 129 130 131 132 133 134 135 136 137 138 139 140 141 142 143 144 145 146 147 148 149 150 151 152 153 154 155 156 157 158 159 160 161 162 163 164 165 166 167 168 169 170 171 172 173 174 175 176 177]",0x8B
652,76,"[222 193 90 57 99 206 8 119 65 223 105 178 91 84 83 173 246 53 164 67 140 138 115 127 225 22 212 118 85 45 208 151 186 80 100 233 246 189 191 177 150 152 246 192 167 48 250 133 241 182 10 137 228 13 221 157 11 95 7 0 229 191 74 29 13 234 160 41 174 255 201 114 208 190 22 236]",0x38
653,632,"[58 59 60 61 62 63 64 65 66 67 68 69 70 71 72 73 74 75 76 77 78 79 80 81 82 83 84 85 86 87 88 89 90 91 92 93 94 95 96 97 98 99 100 101 102 103 104 105 106 107 108 109 110 111 112 113 114 115 116 117 118 119 120 121 122 123 124 125 126 127 128 129 130 131 132 133 134 135 136 137 138 139 140 141 142 143 144 145 146 147 148 149 150 151 152 153 154 155 156 157 158 159 160 161 162 163 164 165 166 167 168 169 170 171 172 173 174 175 176 177 178 179 180 181 182 183 184 185 186 187 188 189 190 191 192 193 194 195 196 197 198 199 200 201 202 203 204 205 206 207 208 209 210 211 212 213 214 215 216 217 218 219 220 221 222 223 224 225 226 227 228 229 230 231 232 233 234 235 236 237 238 239 240 241 242 243 244 245 246 247 248 249 250 251 252 253 254 255 0 1 2 3 4 5 6 7 8 9 10 11 12 13 14 15 16 17 18 19 20 21 22 23 24 25 26 27 28 29 30 31 32 33 34 35 36 37 38 39 40 41 42 43 44 45 46 47 48 49 50 51 52 53 54 55 56 57 58 59 60 61 62 63 64 65 66 67 68 69 70 71 72 73 74 75 76 77 78 79 80 81 82 83 84 85 86 87 88 89 90 91 92 93 94 95 96 97 98 99 100 101 102 103 104 105 106 107 108 109 110 111 112 113 114 115 116 117 118 119 120 121 122 123 124 125 126 127 128 129 130 131 132 133 134 135 136 137 138 139 140 141 142 143 144 145 146 147 148 149 150 151 152 153 154 155 156 157 158 159 160 161 162 163 164 165 166 167 168 169 170 171 172 173 174 175 176 177 178 179 180 181 182 183 184 185 186 187 188 189 190 191 192 193 194 195 196 197 198 199 200 201 202 203 204 205 206 207 208 209 210 211 212 213 214 215 216 217 218 219 220 221 222 223 224 225 226 227 228 229 230 231 232 233 234 235 236 237 238 239 240 241 242 243 244 245 246 247 248 249 250 251 252 253 254 255 0 1 2 3 4 5 6 7 8 9 10 11 12 13 14 15 16 17 18 19 20 21 22 23 24 25 26 27 28 29 30 31 32 33 34 35 36 37 38 39 40 41 42 43 44 45 46 47 48 49 50 51 52 53 54 55 56 57 58 59 60 61 62 63 64 65 66 67 68 69 70 71 72 73 74 75 76 77 78 79 80 81 82 83 84 85 86 87 88 89 90 91 92 93 94 95 96 97 98 99 100 101 102 103 104 105 106 107 108 109 110 111 112 113 114 115 116 117 118 119 120 121 122 123 124 125 126 127 128 129 130 131 132 133 134 135 136 137 138 139 140 141 142 143 144 145 146 147 148 149 150 151 152 153 154 155 156 157 158 159 160 161 162 163 164 165 166 167 168 169 170 171 172 173 174 175 176 177]",0x4E
654,489,"[43 44 45 46 47 48 49 50 51 52 53 54 55 56 57 58 59 60 61 62 63 64 65 66 67 68 69 70 71 72 73 74 75 76 77 78 79 80 81 82 83 84 85 86 87 88 89 90 91 92 93 94 95 96 97 98 99 100 101 102 103 104 105 106 107 108 109 110 111 112 113 114 115 116 117 118 119 120 121 122 123 124 125 126 127 128 129 130 131 132 133 134 135 136 137 138 139 140 141 142 143 144 145 146 147 148 149 150 151 152 153 154 155 156 157 158 159 160 161 162 163 164 165 166 167 168 169 170 171 172 173 174 175 176 177 178 179 180 181 182 183 184 185 186 187 188 189 190 191 192 193 194 195 196 197 198 199 200 201 202 203 204 205 206 207 208 209 210 211 212 213 214 215 216 217 218 219 220 221 222 223 224 225 226 227 228 229 230 231 232 233 234 235 236 237 238 239 240 241 242 243 244 245 246 247 248 249 250 251 252 253 254 255 0 1 2 3 4 5 6 7 8 9 10 11 12 13 14 15 16 17 18 19 20 21 22 23 24 25 26 27 28 29 30 31 32 33 34 35 36 37 38 39 40 41 42 43 44 45 46 47 48 49 50 51 52 53 54 55 56 57 58 59 60 61 62 63 64 65 66 67 68 69 70 71 72 73 74 75 76 77 78 79 80 81 82 83 84 85 86 87 88 89 90 91 92 93 94 95 96 97 98 99 100 101 102 103 104 105 106 107 108 109 110 111 112 113 114 115 116 117 118 119 120 121 122 123 124 125 126 127 128 129 130 131 132 133 134 135 136 137 138 139 140 141 142 143 144 145 146 147 148 149 150 151 152 153 154 155 156 157 158 159 160 161 162 163 164 165 166 167 168 169 170 171 172 173 174 175 176 177 178 179 180 181 182 183 184 185 186 187 188 189 190 191 192 193 194 195 196 197 198 199 200 201 202 203 204 205 206 207 208 209 210 211 212 213 214 215 216 217 218 219 220 221 222 223 224 225 226 227 228 229 230 231 232 233 234 235 236 237 238 239 240 241 242 243 244 245 246 247 248 249 250 251 252 253 254 255 0 1 2 3 4 5 6 7 8 9 10 11 12 13 14 15 16 17 18 19]",0x65
655,99,"[208 212 208 212 208 212 208 212 208 212 208 212 208 212 208 212 208 212 208 212 208 212 208 212 208 212 208 212 208 212 208 212 208 212 208 212 208 212 208 212 208 212 208 212 208 212 208 212 208 212 208 212 208 212 208 212 208 212 208 212 208 212 208 212 208 212 208 212 208 212 208 212 208 212 208 212 208 212 208 212 208 212 208 212 208 212 208 212 208 212 208 212 208 212 208 212 208 212 208]",0x9C
656,985,"[243 93 243 93 243 93 243 93 243 93 243 93 243 93 243 93 243 93 243 93 243 93 243 93 243 93 243 93 243 93 243 93 243 93 243 93 243 93 243 93 243 93 243 93 243 93 243 93 243 93 243 93 243 93 243 93 243 93 243 93 243 93 243 93 243 93 243 93 243 93 243 93 243 93 243 93 243 93 243 93 243 93 243 93 243 93 243 93 243 93 243 93 243 93 243 93 243 93 243 93 243 93 243 93 243 93 243 93 243 93 243 93 243 93 243 93 243 93 243 93 243 93 243 93 243 93 243 93 243 93 243 93 243 93 243 93 243 93 243 93 243 93 243 93 243 93 243 93 243 93 243 93 243 93 243 93 243 93 243 93 243 93 243 93 243 93 243 93 243 93 243 93 243 93 243 93 243 93 243 93 243 93 243 93 243 93 243 93 243 93 243 93 243 93 243 93 243 93 243 93 243 93 243 93 243 93 243 93 243 93 243 93 243 93 243 93 243 93 243 93 243 93 243 93 243 93 243 93 243 93 243 93 243 93 243 93 243 93 243 93 243 93 243 93 243 93 243 93 243 93 243 93 243 93 243 93 243 93 243 93 243 93 243 93 243 93 243 93 243 93 243 93 243 93 243 93 243 93 243 93 243 93 243 93 243 93 243 93 243 93 243 93 243 93 243 93 243 93 243 93 243 93 243 93 243 93 243 93 243 93 243 93 243 93 243 93 243 93 243 93 243 93 243 93 243 93 243 93 243 93 243 93 243 93 243 93 243 93 243 93 243 93 243 93 243 93 243 93 243 93 243 93 243 93 243 93 243 93 243 93 243 93 243 93 243 93 243 93 243 93 243 93 243 93 243 93 243 93 243 93 243 93 243 93 243 93 243 93 243 93 243 93 243 93 243 93 243 93 243 93 243 93 243 93 243 93 243 93 243 93 243 93 243 93 243 93 243 93 243 93 243 93 243 93 243 93 243 93 243 93 243 93 243 93 243 93 243 93 243 93 243 93 243 93 243 93 243 93 243 93 243 93 243 93 243 93 243 93 243 93 243 93 243 93 243 93 243 93 243 93 243 93 243 93 243 93 243 93 243 93 243 93 243 93 243 93 243 93 243 93 243 93 243 93 243 93 243 93 243 93 243 93 243 93 243 93 243 93 243 93 243 93 243 93 243 93 243 93 243 93 243 93 243 93 243 93 243 93 243 93 243 93 243 93 243 93 243 93 243 93 243 93 243 93 243 93 243 93 243 93 243 93 243 93 243 93 243 93 243 93 243 93 243 93 243 93 243 93 243 93 243 93 243 93 243 93 243 93 243 93 243 93 243 93 243 93 243 93 243 93 243 93 243 93 243 93 243 93 243 93 243 93 243 93 243 93 243 93 243 93 243 93 243 93 243 93 243 93 243 93 243 93 243 93 243 93 243 93 243 93 243 93 243 93 243 93 243 93 243 93 243 93 243 93 243 93 243 93 243 93 243 93 243 93 243 93 243 93 243 93 243 93 243 93 243 93 243 93 243 93 243 93 243 93 243 93 243 93 243 93 243 93 243 93 243 93 243 93 243 93 243 93 243 93 243 93 243 93 243 93 243 93 243 93 243 93 243 93 243 93 243 93 243 93 243 93 243 93 243 93 243 93 243 93 243 93 243 93 243 93 243 93 243 93 243 93 243 93 243 93 243 93 243 93 243 93 243 93 243 93 243 93 243 93 243 93 243 93 243 93 243 93 243 93 243 93 243 93 243 93 243 93 243 93 243 93 243 93 243 93 243 93 243 93 243 93 243 93 243 93 243 93 243 93 243 93 243 93 243 93 243 93 243 93 243 93 243 93 243 93 243 93 243 93 243 93 243 93 243 93 243 93 243 93 243 93 243 93 243 93 243 93 243 93 243 93 243 93 243 93 243 93 243 93 243 93 243 93 243 93 243 93 243 93 243 93 243 93 243 93 243 93 243 93 243 93 243 93 243 93 243 93 243 93 243 93 243 93 243 93 243 93 243 93 243 93 243 93 243 93 243 93 243 93 243 93 243 93 243 93 243 93 243 93 243 93 243 93 243 93 243 93 243 93 243 93 243 93 243 93 243 93 243 93 243 93 243 93 243 93 243 93 243 93 243 93 243 93 243 93 243 93 243 93 243 93 243 93 243 93 243 93 243 93 243 93 243 93 243 93 243 93 243 93 243 93 243 93 243 93 243 93 243 93 243 93 243 93 243 93 243 93 243 93 243]",0xE2
657,840,"[146 146 146 146 146 146 146 146 146 146 146 146 146 146 146 146 146 146 146 146 146 146 146 146 146 146 146 146 146 146 146 146 146 146 146 146 146 146 146 146 146 146 146 146 146 146 146 146 146 146 146 146 146 146 146 146 146 146 146 146 146 146 146 146 146 146 146 146 146 146 146 146 146 146 146 146 146 146 146 146 146 146 146 146 146 146 146 146 146 146 204 32 223 104 42 203 51 100 145 92 45 103 36 184 43 123 143 241 20 238 53 215 23 253 206 16 54 140 134 161 118 187 89 45 8 83 109 168 206 61 126 59 243 165 173 135 72 51 168 235 54 146 135 164 150 69 177 69 167 76 21 32 213 31 84 73 14 153 204 254 239 12 65 105 224 92 145 168 76 148 13 122 96 91 60 209 225 227 101 66 25 172 84 70 95 142 41 246 187 11 78 12 58 73 183 183 11 150 245 160 245 97 117 126 236 97 251 139 55 26 44 10 177 132 188 200 238 29 47 140 33 23 170 185 215 234 113 250 9 222 82 235 56 189 108 97 15 180 44 118 36 154 59 152 242 235 25 26 27 28 29 30 31 32 33 34 35 36 37 38 39 40 41 42 43 44 45 46 47 48 49 50 51 52 53 54 55 56 57 58 59 60 61 62 63 64 65 66 67 68 69 70 71 72 73 74 75 76 77 78 79 80 81 82 83 84 85 86 87 88 89 90 91 92 93 94 95 96 97 98 99 100 101 102 103 104 105 106 107 108 109 110 111 112 113 114 115 116 117 118 119 120 121 122 212 63 72 57 215 250 193 210 158 135 184 9 15 175 85 125 200 147 206 107 73 60 33 9 13 69 71 97 151 194 50 194 35 253 72 214 48 243 211 92 107 0 64 74 115 35 122 171 95 59 140 7 87 135 85 88 217 239 211 25 74 182 249 62 229 189 251 23 101 122 172 167 232 214 14 124 104 255 109 174 72 157 52 154 222 4 129 251 40 46 120 222 144 130 22 246 88 64 105 106 117 176 222 14 125 105 2 209 26 29 12 51 45 89 168 13 220 83 155 3 93 0 42 114 136 39 190 48 29 85 141 253 107 109 15 196 46 190 233 196 164 154 116 37 122 160 95 51 206 87 221 247 212 32 218 132 61 23 71 35 6 252 212 189 49 7 124 189 246 216 228 61 39 63 35 204 231 78 224 14 173 135 70 196 54 106 181 86 218 221 51 112 110 104 128 19 222 74 0 175 166 251 184 85 243 93 210 85 12 187 89 86 183 82 30 103 210 33 141 33 12 96 168 70 114 125 215 209 0 105 167 218 12 160 215 65 52 119 246 177 108 5 142 89 47 128 87 9 185 187 158 215 52 73 117 15 226 125 83 122 83 73 114 123 110 140 200 14 207 58 64 153 249 4 172 178 146 2 155 29 19 178 179 227 0 96 3 93 125 135 91 185 106 132 204 44 82 133 196 108 18 253 181 185 119 140 254 152 56 246 137 5 146 18 135 211 95 225 237 88 127 251 45 76 109 25 69 139 58 175 89 22 195 145 211 92 4 11 203 105 249 212 4 222 54 124 129 15 32 108 164 67 134 97 161 108 218 251 233 43 117 117 215 91 140 155 28 142 63 52 64 25 17 165 240 176 79 85 138 221 51 119 127 238 137 199 22 83 156 173 226 151 74 138 182 200 241 48 169 51 81 36 197 233 7 208 61 124 191 129 59 231 151 238 216 224 92 252 218 86 229 193 185 1 5 177 71 14 73 214 120 157 204 82 2 82 244 123 145 194 29 187 76 99 68 39 92 24 216 78 167 75 53 182 159 55 156 1 45 186 104 52 129 119 162 18 209 14 116 181 88 232 193 109 47 11 205 49 69 2 4 58 223 199 197 211 47 250 59 38 75 135 31 189 95 145]",0x1A
658,912,"[255 255 0 255 0 0 255 0 0 0 0 255 255 0 255 0 255 255 0 246 232 0 255 0 255 41 0 255 203 0 0 0 255 57 8 255 255 22 0 0 0 0 0 255 255 121 255 56 165 255 255 67 255 255 0 255 71 0 255 235 255 58 255 255 255 255 255 54 87 255 255 218 67 255 255 255 0 255 0 255 255 255 0 255 210 14 255 0 0 168 0 78 0 255 255 149 228 14 0 118 208 0 255 137 0 255 255 147 207 111 0 213 0 0 255 0 194 255 13 0 216 255 70 94 0 231 234 255 255 0 0 155 101 202 0 180 0 0 0 0 63 0 0 255 0 0 0 0 255 255 0 66 0 255 255 255 132 134 0 0 0 65 255 255 140 0 255 188 255 167 0 0 255 177 0 0 0 0 0 164 255 188 62 253 0 255 255 37 255 178 255 187 255 0 7 255 0 255 0 0 72 255 0 127 255 255 255 139 255 118 0 255 255 57 0 0 0 246 255 80 255 255 244 75 255 0 255 255 255 255 111 255 255 72 190 0 255 0 255 255 0 0 0 255 0 218 255 0 255 255 192 118 0 255 0 0 0 255 255 85 86 0 255 0 0 255 0 0 70 0 0 0 122 0 0 0 55 255 255 255 99 147 0 115 78 163 9 255 255 45 0 255 0 85 101 0 255 255 255 255 0 255 134 129 255 154 59 56 255 71 20 255 182 35 255 255 167 0 255 139 0 255 0 0 84 0 0 48 0 78 0 255 255 0 0 255 0 62 0 0 255 104 0 206 0 0 125 0 255 0 0 255 237 255 255 255 255 189 103 255 0 255 255 0 0 255 169 0 73 255 255 87 193 219 162 255 0 172 0 0 0 127 255 126 255 255 0 131 255 8 255 255 0 0 59 63 0 255 0 0 200 0 255 0 81 0 164 255 113 86 255 15 198 30 0 0 0 0 0 0 0 162 255 0 225 255 255 255 0 34 84 65 255 0 0 156 0 255 0 255 0 0 255 0 255 0 0 255 0 0 21 10 160 0 0 123 129 0 255 218 255 0 0 190 0 255 255 107 255 0 255 191 235 218 255 222 175 255 0 255 44 255 255 0 255 23 255 0 0 255 0 255 0 129 255 0 255 198 255 255 255 255 0 108 218 0 207 220 0 0 255 0 83 0 255 255 0 0 255 0 57 191 0 255 0 128 170 0 55 8 169 255 0 239 255 0 255 0 61 255 0 255 111 174 0 255 184 255 89 255 109 82 255 158 0 216 0 117 255 0 0 183 255 255 0 75 0 0 255 10 0 0 79 0 204 53 0 255 255 255 218 0 82 255 255 34 255 87 255 0 0 110 0 255 229 255 76 255 255 0 0 0 169 62 0 0 255 255 68 106 255 255 255 0 255 255 0 71 0 0 0 0 0 6 140 76 255 0 86 255 255 78 111 42 0 0 141 255 255 255 255 80 123 0 255 114 0 255 255 255 255 0 255 0 0 133 255 255 255 0 255 255 0 255 232 0 255 255 255 255 255 255 255 216 255 255 0 0 0 255 0 0 159 174 134 0 0 0 255 23 255 255 0 0 0 0 0 0 0 255 255 0 0 255 136 188 255 255 77 255 195 255 255 145 255 255 0 255 0 0 255 255 0 0 255 0 147 0 113 255 0 0 0 196 94 255 255 255 95 255 0 234 0 0 0 0 255 255 111 255 204 0 205 0 255 0 0 27 54 210 223 255 255 0 201 255 0 74 255 0 255 172 46 255 0 30 0 9 252 0 0 255 255 146 255 255 0 0 255 0 174 158 0 255 255 255 255 255 0 0 255 0 0 0 186 255 93 0 255 255 255 255 255 70 0 69 255 0 255 255 0 255 26 82 71 0 1 255 254 0 8 108 255 255 255 255 201 80 242 255 0 255 0 0 0 88 0 108 255 0 255 0 255 0 0 0 198 74 0 166 0 255 0 0 73 0 255 255 0 255 0 0 255 255 0 0 255 0 175 255 0 255 255 255 0 147 0 255 0 0 251 255 0 255 255 255 225 255 0 255 67 0 255 0 255 82 255 0 0 255 145 0]",0x6B
659,24,"[67 90 67 90 67 90 67 90 67 90 67 90 67 90 67 90 67 90 67 90 67 90 67 90]",0x63
660,66,"[105 106 107 108 109 110 111 112 113 114 115 116 117 118 119 120 121 122 123 124 125 126 127 128 129 130 131 132 133 134 135 136 137 138 139 140 141 142 143 144 145 146 147 148 149 150 151 152 153 154 155 156 157 158 159 160 161 162 163 164 165 166 167 168 169 170]",0x28
661,2,"[16 63]",0x13
662,8,"[57 56 55 54 53 52 51 50]",0xF3
663,2,"[7 7]",0xED
664,91,"[10 11 12 13 14 15 16 17 18 19 20 21 22 23 24 25 26 27 28 29 30 31 32 33 34 35 36 37 38 39 40 41 42 43 44 45 46 47 48 49 50 51 52 53 54 55 56 57 58 59 60 61 62 63 64 65 66 67 68 69 70 71 72 73 74 75 76 77 78 79 80 81 82 83 84 85 86 87 88 89 90 91 92 93 94 95 96 97 98 99 100]",0x4B
665,54,"[180 236 126 155 132 122 148 9 47 54 98 111 189 42 145 69 132 160 149 55 181 238 162 207 27 178 81 210 122 148 66 166 9 191 41 58 0 80 99 59 58 228 83 60 207 193 112 225 95 153 163 243 34 34]",0x77
666,93,"[70 72 78 6 211 2 122 14 204 191 184 188 240 106 220 47 115 2 72 117 232 81 172 213 83 43 151 72 167 34 38 173 249 63 182 136 216 99 248 21 252 216 221 215 220 208 230 117 240 98 186 181 210 189 9 189 5 136 214 212 215 154 47 130 132 83 108 223 132 180 126 158 23 238 111 191 170 204 8 239 212 213 119 203 147 128 200 160 19 80 159 231 238]",0x53
667,329,"[110 112 110 112 110 112 110 112 110 112 110 112 110 112 110 112 110 112 110 112 110 112 110 112 110 112 110 112 110 112 110 112 110 112 110 112 110 112 110 112 110 112 110 112 110 112 110 112 110 112 110 112 110 112 110 112 110 112 110 112 110 112 110 112 110 112 110 112 110 112 110 112 110 112 110 112 110 112 110 112 110 112 110 112 110 112 110 112 110 112 110 112 110 112 110 112 110 112 110 112 110 112 110 112 110 112 110 112 110 112 110 112 110 112 110 112 110 112 110 112 110 112 110 112 110 112 110 112 110 112 110 112 110 112 110 112 110 112 110 112 110 112 110 112 110 112 110 112 110 112 110 112 110 112 110 112 110 112 110 112 110 112 110 112 110 112 110 112 110 112 110 112 110 112 110 112 110 112 110 112 110 112 110 112 110 112 110 112 110 112 110 112 110 112 110 112 110 112 110 112 110 112 110 112 110 112 110 112 110 112 110 112 110 112 110 112 110 112 110 112 110 112 110 112 110 112 110 112 110 112 110 112 110 112 110 112 110 112 110 112 110 112 110 112 110 112 110 112 110 112 110 112 110 112 110 112 110 112 110 112 110 112 110 112 110 112 110 112 110 112 110 112 110 112 110 112 110 112 110 112 110 112 110 112 110 112 110 112 110 112 110 112 110 112 110 112 110 112 110 112 110 112 110 112 110 112 110 112 110 112 110 112 110 112 110 112 110 112 110 112 110 112 110 112 110 112 110 112 110]",0x5E
668,2,"[158 159]",0x4F
669,40,"[82 193 82 193 82 193 82 193 82 193 82 193 82 193 82 193 82 193 82 193 82 193 82 193 82 193 82 193 82 193 82 193 82 193 82 193 82 193 82 193]",0xA5
670,1,"59",0x9E
671,153,"[39 40 41 42 43 44 45 46 47 48 49 50 51 52 53 54 55 56 57 58 59 60 61 62 63 64 65 66 67 68 69 70 71 72 73 74 75 76 77 78 79 80 81 82 83 84 85 86 87 88 89 90 91 92 93 94 95 96 97 98 99 100 101 102 103 104 105 106 107 108 109 110 111 112 113 114 115 116 117 118 119 120 121 122 123 124 125 126 127 128 129 130 131 132 133 134 135 136 137 138 139 140 141 142 143 144 145 146 147 148 149 150 151 152 153 154 155 156 157 158 159 160 161 162 163 164 165 166 167 168 169 170 171 172 173 174 175 176 177 178 179 180 181 182 183 184 185 186 187 188 189 190 191]",0x4E
672,40,"[133 161 133 161 133 161 133 161 133 161 133 161 133 161 133 161 133 161 133 161 133 161 133 161 133 161 133 161 133 161 133 161 133 161 133 161 133 161 133 161]",0x88
673,58,"[108 5 95 156 114 117 139 178 184 0 141 246 192 87 93 77 161 24 74 127 137 155 204 41 57 223 212 210 53 14 133 222 60 231 36 76 76 38 223 105 48 107 108 109 110 111 112 113 114 115 116 117 118 119 120 121 122 123]",0x8F
674,2,"[6 255]",0x9F
675,76,"[234 233 232 231 230 229 228 227 226 225 224 223 222 221 220 219 218 217 216 215 214 213 212 211 210 209 208 207 206 205 204 203 202 201 200 199 198 197 196 195 194 193 192 191 190 189 188 187 186 185 184 183 182 181 180 179 178 177 176 175 174 173 172 171 170 169 168 167 166 165 164 163 162 161 160 159]",0xA0
676,6,"[85 47 172 85 47 172]",0x72
677,9,"[157 158 159 160 161 162 163 164 165]",0x46
678,166,"[103 86 196 209 85 123 107 151 38 206 204 151 191 253 236 156 130 136 119 122 187 253 11 58 53 213 107 134 120 218 127 170 4 167 61 221 192 27 26 75 32 189 252 167 63 144 206 246 1 134 116 106 128 103 88 29 127 210 26 189 68 97 252 172 184 154 82 172 117 213 197 217 210 102 94 36 71 30 10 157 230 33 203 97 158 195 181 34 29 236 20 55 112 210 154 146 177 205 59 4 32 42 10 191 226 181 48 155 133 209 241 190 131 130 206 31 39 87 191 16 88 81 124 118 182 160 46 110 102 28 42 86 188 38 67 173 152 241 37 15 77 6 7 148 228 103 77 234 15 121 64 97 105 139 116 252 6 193 13 110 51 241 184 118 243 184]",0x76
679,735,"[157 250 54 202 47 115 21 87 198 11 81 161 242 62 44 52 60 163 255 134 69 191 40 7 154 53 102 59 235 86 114 60 21 131 222 90 199 8 60 33 103 228 95 154 229 92 93 22 89 191 216 185 1 29 187 241 178 57 27 224 25 38 152 48 58 36 241 31 238 83 210 243 132 197 68 98 141 217 158 5 78 221 61 94 99 39 89 209 217 148 173 136 11 178 255 58 251 255 36 237 172 119 88 161 215 8 137 166 6 227 243 156 29 238 206 7 148 29 36 49 101 224 7 176 246 164 208 230 182 168 4 132 120 133 110 232 227 32 136 245 153 205 95 96 83 5 236 89 93 194 134 92 226 211 250 164 176 83 25 27 165 28 232 180 57 71 181 210 214 153 39 209 202 213 40 175 245 65 183 66 78 124 229 9 253 197 92 90 123 224 4 140 14 29 176 59 10 42 53 197 159 188 94 28 206 35 97 67 75 154 42 114 163 222 95 81 94 128 80 64 96 199 64 216 72 154 248 243 111 17 231 32 236 187 239 170 254 119 84 100 89 102 226 151 185 73 253 71 40 199 214 100 138 106 75 208 193 124 116 46 163 236 184 129 9 238 78 76 120 109 246 42 176 27 70 184 205 120 202 239 239 87 79 185 167 100 58 158 110 33 163 178 93 212 18 126 244 48 44 96 68 56 243 88 15 230 114 188 94 239 73 169 211 60 205 202 246 236 99 151 236 1 160 55 189 203 182 254 122 143 104 249 236 252 252 229 238 30 44 226 186 223 197 35 234 197 146 136 146 99 205 232 64 9 51 193 222 89 39 219 54 61 23 233 83 43 244 85 191 58 186 59 163 112 204 186 239 96 193 248 86 74 196 114 102 139 239 21 119 28 226 34 22 246 144 211 120 111 233 253 158 235 220 139 240 53 226 79 7 201 238 55 136 191 84 37 100 116 190 50 208 128 231 144 114 73 27 95 105 145 220 118 80 223 187 78 42 74 31 231 156 221 210 39 113 248 59 12 88 130 14 109 64 54 67 26 19 152 242 206 213 188 244 243 199 183 78 23 23 188 7 209 93 49 104 180 70 44 188 225 149 134 193 187 1 72 238 245 130 143 0 172 54 32 77 170 111 89 186 208 222 113 183 226 232 125 90 230 66 203 232 189 174 12 52 170 201 16 4 79 165 131 2 38 192 76 30 13 217 120 128 15 125 165 31 231 200 205 137 85 163 57 35 137 122 38 135 139 223 194 55 209 248 183 201 68 253 45 192 101 91 73 112 202 240 106 166 201 25 245 54 234 252 25 228 164 209 27 213 160 130 143 190 76 241 78 224 3 234 218 31 188 95 122 17 54 244 106 6 131 254 85 36 164 235 219 168 47 200 210 217 103 104 39 197 188 25 5 243 4 160 116 199 22 174 157 218 132 186 112 251 143 192 23 118 16 31 129 90 117 127 40 93 220 219 125 191 192 11 156 205 152 138 135 130 199 164 55 110 135 107 60 31 30 75 103 174 252 229 208 208 152 64 120 36 145 5 48 182 70 107 213 11 5 58 175 60 221 90 72 59 146 219 103 64 107 231 85 167 84 172 225 153 242 153 249 185 167 212 2 65 55 28 240 33 67 85 159 196 154 191 102 254 43 102 213 63 192 93 45 103 200 28 132 189]",0x0D
680,451,"[219 53 219 53 219 53 219 53 219 53 219 53 219 53 219 53 219 53 219 53 219 53 219 53 219 53 219 53 219 53 219 53 219 53 219 53 219 53 219 53 219 53 219 53 219 53 219 53 219 53 219 53 219 53 219 53 219 53 219 53 219 53 219 53 219 53 219 53 219 53 219 53 219 53 219 53 219 53 219 53 219 53 219 53 219 53 219 53 219 53 219 53 219 53 219 53 219 53 219 53 219 53 219 53 219 53 219 53 219 53 219 53 219 53 219 53 219 53 219 53 219 53 219 53 219 53 219 53 219 53 219 53 219 53 219 53 219 53 219 53 219 53 219 53 219 53 219 53 219 53 219 53 219 53 219 53 219 53 219 53 219 53 219 53 219 53 219 53 219 53 219 53 219 53 219 53 219 53 219 53 219 53 219 53 219 53 219 53 219 53 219 53 219 53 219 53 219 53 219 53 219 53 219 53 219 53 219 53 219 53 219 53 219 53 219 53 219 53 219 53 219 53 219 53 219 53 219 53 219 53 219 53 219 53 219 53 219 53 219 53 219 53 219 53 219 53 219 53 219 53 219 53 219 53 219 53 219 53 219 53 219 53 219 53 219 53 219 53 219 53 219 53 219 53 219 53 219 53 219 53 219 53 219 53 219 53 219 53 219 53 219 53 219 53 219 53 219 53 219 53 219 53 219 53 219 53 219 53 219 53 219 53 219 53 219 53 219 53 219 53 219 53 219 53 219 53 219 53 219 53 219 53 219 53 219 53 219 53 219 53 219 53 219 53 219 53 219 53 219 53 219 53 219 53 219 53 219 53 219 53 219 53 219 53 219 53 219 53 219 53 219 53 219 53 219 53 219 53 219 53 219 53 219 53 219 53 219 53 219 53 219 53 219 53 219 53 219 53 219 53 219 53 219 53 219 53 219 53 219 53 219 53 219 53 219 53 219 53 219 53 219 53 219 53 219 53 219 53 219 53 219 53 219 53 219 53 219 53 219 53 219 53 219 53 219 53 219 53 219 53 219]",0x74
681,478,"[32 32 32 32 32 32 32 32 32 32 32 32 32 32 32 32 32 32 32 32 32 32 32 32 32 32 32 32 32 32 32 32 32 32 32 32 32 32 32 32 32 32 32 32 32 32 32 32 32 32 32 32 32 32 32 32 32 32 32 32 32 32 32 32 32 32 32 32 32 32 32 32 32 32 32 32 32 32 32 32 32 32 32 32 32 32 32 32 32 32 32 32 32 32 32 32 32 32 32 32 32 32 32 32 32 32 32 32 32 32 32 32 32 32 32 32 32 32 32 32 32 32 32 32 32 32 32 32 32 32 32 32 32 32 32 32 32 32 32 32 32 32 32 32 32 32 32 32 32 32 32 32 32 32 32 32 32 32 32 32 32 32 32 32 32 32 32 32 32 32 32 32 32 32 32 32 32 32 32 32 32 32 32 32 32 32 32 32 32 32 32 32 32 32 32 32 32 32 32 32 32 32 32 32 32 32 32 32 32 32 32 32 32 32 32 32 32 32 32 32 32 32 32 32 32 32 32 32 32 32 32 32 32 32 32 32 32 32 32 32 32 32 32 32 32 32 32 32 32 32 32 32 32 32 32 32 32 32 32 32 32 32 32 32 32 32 32 32 32 32 32 32 32 32 32 32 32 32 32 32 32 32 32 32 32 32 32 32 32 32 32 32 32 32 32 32 32 32 32 32 32 32 32 32 32 32 32 32 32 32 32 32 32 32 32 32 32 32 32 32 32 32 32 32 32 32 32 32 32 32 32 32 32 32 32 32 32 32 32 32 32 32 32 32 32 32 32 32 32 32 32 32 32 32 32 32 32 32 32 32 32 32 32 32 32 32 32 32 32 32 32 32 32 32 32 32 32 32 32 32 32 32 32 32 32 32 32 32 32 32 32 32 32 32 32 32 32 32 32 32 32 32 32 32 32 32 32 32 32 32 32 32 32 32 32 32 32 32 32 32 32 32 32 32 32 32 32 32 32 32 32 32 32 32 32 32 32 32 32 32 32 32 32 32 32 32 32 32 32 32 32 32 32 32 32 32 32 32 32 32 32 32 32 32 32 32 32 32 32 32 32 32 32 32 32 32 32 32]",0xAF
682,685,"[237 238 239 240 241 242 243 244 245 246 247 248 249 250 251 252 253 254 255 0 1 2 3 4 5 6 7 8 9 10 11 12 13 14 15 16 17 18 19 20 21 22 23 24 25 26 27 28 29 30 31 32 33 34 35 36 37 38 39 40 41 42 43 44 45 46 47 48 49 50 51 52 53 54 55 56 57 58 59 60 61 62 63 64 65 66 67 68 69 70 71 72 73 74 75 76 77 78 79 80 81 82 83 84 85 86 87 88 89 90 91 92 93 94 95 96 97 98 99 100 101 102 103 104 105 106 107 108 109 110 111 112 113 114 115 116 117 118 119 120 121 122 123 124 125 126 127 128 129 130 131 132 133 134 135 136 137 138 139 140 141 142 143 144 145 146 147 148 149 150 151 152 153 154 155 156 157 158 159 160 161 162 163 164 165 166 167 168 169 170 171 172 173 174 175 176 177 178 179 180 181 182 183 184 185 186 187 188 189 190 191 192 193 194 195 196 197 198 199 200 201 202 203 204 205 206 207 208 209 210 211 212 213 214 215 216 217 218 219 220 221 222 223 224 225 226 227 228 229 230 231 232 233 234 235 236 237 238 239 240 241 242 243 244 245 246 247 248 249 250 251 252 253 254 255 0 1 2 3 4 5 6 7 8 9 10 11 12 13 14 15 16 17 18 19 20 21 22 23 24 25 26 27 28 29 30 31 32 33 34 35 36 37 38 39 40 41 42 43 44 45 46 47 48 49 50 51 52 53 54 55 56 57 58 59 60 61 62 63 64 65 66 67 68 69 70 71 72 73 74 75 76 77 78 79 80 81 82 83 84 85 86 87 88 89 90 91 92 93 94 95 96 97 98 99 100 101 102 103 104 105 106 107 108 109 110 111 112 113 114 115 116 117 118 119 120 121 122 123 124 125 126 127 128 129 130 131 132 133 134 135 136 137 138 139 140 141 142 143 144 145 146 147 148 149 150 151 152 153 154 155 156 157 158 159 160 161 162 163 164 165 166 167 168 169 170 171 172 173 174 175 176 177 178 179 180 181 182 183 184 185 186 187 188 189 190 191 192 193 194 195 196 197 198 199 200 201 202 203 204 205 206 207 208 209 210 211 212 213 214 215 216 217 218 219 220 221 222 223 224 225 226 227 228 229 230 231 232 233 234 235 236 237 238 239 240 241 242 243 244 245 246 247 248 249 250 251 252 253 254 255 0 1 2 3 4 5 6 7 8 9 10 11 12 13 14 15 16 17 18 19 20 21 22 23 24 25 26 27 28 29 30 31 32 33 34 35 36 37 38 39 40 41 42 43 44 45 46 47 48 49 50 51 52 53 54 55 56 57 58 59 60 61 62 63 64 65 66 67 68 69 70 71 72 73 74 75 76 77 78 79 80 81 82 83 84 85 86 87 88 89 90 91 92 93 94 95 96 97 98 99 100 101 102 103 104 105 106 107 108 109 110 111 112 113 114 115 116 117 118 119 120 121 122 123 124 125 126 127 128 129 130 131 132 133 134 135 136 137 138 139 140 141 142 143 144 145 146 147 148 149 150 151 152 153]",0xD4
683,343,"[164 164 164 164 164 164 164 164 164 164 164 164 164 164 164 164 164 164 164 164 164 164 164 164 164 164 164 164 164 164 164 164 164 164 164 164 164 164 164 164 164 164 164 164 164 164 164 164 164 164 164 164 164 164 164 164 164 164 164 164 164 164 164 164 164 164 164 164 164 164 164 164 164 164 164 164 164 164 164 164 164 164 164 164 164 164 164 164 164 164 164 164 164 164 164 164 164 164 164 164 164 164 164 164 164 164 164 164 164 164 164 164 164 164 164 164 164 164 164 164 164 164 164 164 164 164 164 164 164 164 164 164 164 164 164 164 164 164 164 164 164 164 164 164 164 164 164 164 164 164 164 164 164 164 164 164 164 164 164 164 164 164 164 164 164 164 164 164 164 164 164 164 164 164 164 164 164 164 164 164 164 164 164 164 164 164 164 164 164 164 164 164 164 164 164 164 164 164 164 164 164 164 164 164 164 164 164 164 164 164 164 164 164 164 164 164 164 164 164 164 164 164 164 164 164 164 164 164 164 164 164 164 164 164 164 164 164 164 164 164 164 164 164 164 164 164 164 164 164 164 164 164 164 164 164 164 164 164 164 164 164 164 164 164 164 164 164 164 164 164 164 164 164 164 164 164 164 164 164 164 164 164 164 164 164 164 164 164 164 164 164 164 164 164 164 164 164 164 164 164 164 164 164 164 164 164 164 164 164 164 164 164 164 164 164 164 164 164 164 164 164 164 164 164 164 164 164 164 164 164 164 164 164 164 164 164 164 164 164 164 164 164 164]",0xC8
684,457,"[253 252 251 250 249 248 247 246 245 244 243 242 241 240 239 238 237 236 235 234 233 232 231 230 229 228 227 226 225 224 223 222 221 220 219 218 217 216 215 214 213 212 211 210 209 208 207 206 205 204 203 202 201 200 199 198 197 196 195 194 193 192 191 190 189 188 187 186 185 184 183 182 181 180 179 178 177 176 175 174 173 172 171 170 169 168 167 166 165 164 163 162 161 160 159 158 157 156 155 154 153 152 151 150 149 148 147 146 145 144 143 142 141 140 139 138 137 136 135 134 133 132 131 130 129 128 127 126 125 124 123 122 121 120 119 118 117 116 115 114 113 112 111 110 109 108 107 106 105 104 103 102 101 100 99 98 97 96 95 94 93 92 91 90 89 88 87 86 85 84 83 82 81 80 79 78 77 76 75 74 73 72 71 70 69 68 67 66 65 64 63 62 61 60 59 58 57 56 55 54 53 52 51 50 49 48 47 46 45 44 43 42 41 40 39 38 37 36 35 34 33 32 31 30 29 28 27 26 25 24 23 22 21 20 19 18 17 16 15 14 13 12 11 10 9 8 7 6 5 4 3 2 1 0 255 254 253 252 251 250 249 248 247 246 245 244 243 242 241 240 239 238 237 236 235 234 233 232 231 230 229 228 227 226 225 224 223 222 221 220 219 218 217 216 215 214 213 212 211 210 209 208 207 206 205 204 203 202 201 200 199 198 197 196 195 194 193 192 191 190 189 188 187 186 185 184 183 182 181 180 179 178 177 176 175 174 173 172 171 170 169 168 167 166 165 164 163 162 161 160 159 158 157 156 155 154 153 152 151 150 149 148 147 146 145 144 143 142 141 140 139 138 137 136 135 134 133 132 131 130 129 128 127 126 125 124 123 122 121 120 119 118 117 116 115 114 113 112 111 110 109 108 107 106 105 104 103 102 101 100 99 98 97 96 95 94 93 92 91 90 89 88 87 86 85 84 83 82 81 80 79 78 77 76 75 74 73 72 71 70 69 68 67 66 65 64 63 62 61 60 59 58 57 56 55 54 53]",0x33
685,685,"[244 244 244 244 244 244 244 244 244 244 244 244 244 244 244 244 244 244 244 244 244 244 244 244 244 244 244 244 244 244 244 244 244 244 244 244 244 244 244 244 244 244 244 244 244 244 244 244 244 244 244 244 244 244 244 244 244 244 244 244 244 244 244 244 244 244 244 244 244 244 244 244 244 244 244 244 244 244 244 244 244 244 244 244 244 244 244 244 244 244 244 244 244 244 244 244 244 244 244 244 244 244 244 244 244 244 244 244 244 244 244 244 244 244 244 244 244 244 244 244 244 244 244 244 244 244 244 244 244 244 244 244 244 244 244 244 244 244 244 244 244 244 244 244 244 244 244 244 244 244 244 244 244 244 244 244 244 244 244 244 244 244 244 244 244 244 244 244 244 244 244 244 244 244 244 244 244 244 244 244 244 244 244 244 244 244 244 244 244 244 244 244 244 244 244 244 244 244 244 244 244 244 244 244 244 244 244 244 244 244 244 244 244 244 244 244 244 244 244 244 244 244 244 244 244 244 244 244 244 244 244 244 244 244 244 244 244 244 244 244 244 244 244 244 244 244 244 244 244 244 244 244 244 244 244 244 244 244 244 244 244 244 244 244 244 244 244 244 244 244 244 244 244 244 244 244 244 244 244 244 244 244 244 244 244 244 244 244 244 244 244 244 244 244 244 244 244 244 244 244 244 244 244 244 244 244 244 244 244 244 244 244 244 244 244 244 244 244 244 244 244 244 244 244 244 244 244 244 244 244 244 244 244 244 244 244 244 244 244 244 244 244 244 244 244 244 244 244 244 244 244 244 244 244 244 244 244 244 244 244 244 244 244 244 244 244 244 244 244 244 244 244 244 244 244 244 244 244 244 244 244 244 244 244 244 244 244 244 244 244 244 244 244 244 244 244 244 244 244 244 244 244 244 244 244 244 244 244 244 244 244 244 244 244 244 244 244 244 244 244 244 244 244 244 244 244 244 244 244 244 244 244 244 244 244 244 244 244 244 244 244 244 244 244 244 244 244 244 244 244 244 244 244 244 244 244 244 244 244 244 244 244 244 244 244 244 244 244 244 244 244 244 244 244 244 244 244 244 244 244 244 244 244 244 244 244 244 244 244 244 244 244 244 244 244 244 244 244 244 244 244 244 244 244 244 244 244 244 244 244 244 244 244 244 244 244 244 244 244 244 244 244 244 244 244 244 244 244 244 244 244 244 244 244 244 244 244 244 244 244 244 244 244 244 244 244 244 244 244 244 244 244 244 244 244 244 244 244 244 244 244 244 244 244 244 244 244 244 244 244 244 244 244 244 244 244 244 244 244 244 244 244 244 244 244 244 244 244 244 244 244 244 244 244 244 244 244 244 244 244 244 244 244 244 244 244 244 244 244 244 244 244 244 244 244 244 244 244 244 244 244 244 244 244 244 244 244 244 244 244 244 244 244 244 244 244 244 244 244 244 244 244 244 244 244 244 244 244 244 244 244 244 244 244 244 244 244 244 244 244 244 244 244 244 244 244 244 244 244 244 244 244 244 244 244 244 244 244 244 244 244 244 244 244 244]",0x4A
686,727,"[194 171 145 159 235 1 40 229 2 231 7 199 228 156 164 12 53 230 210 15 208 108 143 27 102 111 171 168 140 8 41 41 227 230 206 44 215 48 141 187 13 153 64 127 98 175 125 77 233 245 205 148 226 154 38 4 185 192 237 211 163 48 152 111 59 204 38 161 156 77 109 29 6 3 44 221 133 29 231 145 7 195 121 136 156 24 242 65 159 219 84 160 253 218 199 112 115 124 176 36 220 4 43 123 64 93 85 68 97 129 121 207 78 72 129 12 28 205 126 17 112 101 63 95 48 114 104 155 241 47 106 143 140 169 68 162 51 32 212 121 101 237 181 173 49 53 123 166 101 16 174 198 241 104 66 237 183 16 148 7 57 18 52 125 76 22 123 181 13 225 167 132 101 100 85 29 20 79 170 73 207 97 161 110 127 64 131 28 99 114 180 102 170 44 6 129 121 171 80 7 185 241 100 156 139 144 222 188 197 23 37 169 138 198 23 145 124 218 47 89 38 115 225 171 190 23 115 214 214 252 134 0 230 244 237 197 54 35 179 35 244 114 7 38 74 180 188 54 166 8 26 136 180 234 112 30 237 111 127 218 149 77 138 159 227 60 143 235 11 49 88 173 215 50 63 210 37 66 187 42 211 125 114 34 173 226 177 81 178 130 218 117 60 25 71 144 43 10 114 88 107 116 196 245 67 241 58 193 174 13 185 230 238 175 201 18 41 67 136 98 168 114 198 182 191 212 213 199 16 159 5 190 15 251 157 46 119 211 46 137 0 201 49 99 135 37 237 120 59 188 228 233 110 92 237 13 192 45 119 244 148 134 15 70 0 224 165 30 93 207 35 58 138 37 97 251 139 179 169 54 216 31 235 55 244 204 43 41 21 63 168 133 157 7 20 177 217 92 42 78 105 161 104 229 102 46 63 119 200 222 47 0 222 58 210 140 103 37 172 209 118 114 193 128 201 13 219 67 43 8 213 15 244 144 178 185 74 206 242 94 213 197 150 94 106 78 109 253 93 170 81 119 21 195 169 88 134 223 11 238 120 220 220 15 200 187 11 240 162 42 31 143 15 42 242 190 157 53 55 114 193 1 11 222 208 177 127 37 26 231 97 178 116 187 49 124 96 62 153 137 126 151 36 94 83 196 9 72 235 76 38 193 12 109 218 244 63 75 145 57 38 109 18 228 85 86 202 87 194 46 135 196 115 18 188 126 81 254 224 9 151 90 9 2 149 81 180 116 196 208 168 107 253 78 131 133 109 31 90 55 230 167 73 144 218 239 19 201 247 119 254 245 168 216 75 234 151 130 213 227 179 6 152 210 139 239 229 135 103 14 161 68 171 204 104 3 221 140 80 162 172 37 165 73 205 241 26 234 231 87 7 169 88 49 27 50 60 203 200 126 141 234 232 212 95 93 227 237 204 193 142 86 61 35 186 198 91 1 240 111 249 173 31 83 168 166 59 45 70 201 61 179 222 100 1 36 79 48 74 139 5 16 219 133 239 0 0 189 121 233 201 129 122 207 205 70 172 164 219 222 68 225 236 28 146 111 102 180 33 209 6 148 57 170 134 255 220 86 135 81 186 108 29 169 2 76 232 24 129 203 231 143 39 240 191 101 70 12 49 199 27 33 50 101 48 231 65]",0x8B
687,987,"[0 255 0 0 0 255 255 255 255 255 255 0 255 255 36 255 255 0 255 61 255 0 255 0 255 255 255 255 0 0 255 255 137 0 0 194 0 0 0 255 255 255 119 255 255 232 255 76 0 255 255 202 255 0 0 55 255 114 0 0 0 201 0 0 255 255 255 255 168 250 255 0 0 84 0 80 255 0 0 0 199 255 255 0 0 58 0 0 0 68 0 0 0 226 0 255 255 255 85 255 0 242 249 0 0 255 255 255 255 255 0 228 94 0 0 255 255 255 255 0 255 0 0 0 255 0 255 255 255 255 63 255 0 0 255 255 255 17 183 68 0 255 255 113 215 0 0 255 255 0 255 255 0 255 255 0 0 0 255 0 255 0 0 0 0 0 0 255 0 255 0 255 0 0 255 127 27 139 80 255 96 174 255 0 255 255 47 0 255 230 255 207 0 189 131 255 0 0 255 0 189 0 0 255 255 0 255 255 18 255 255 0 154 255 57 68 255 255 255 255 178 0 0 47 255 213 250 0 119 4 255 255 0 0 0 0 226 168 255 0 255 82 0 124 0 0 255 0 255 255 255 0 247 255 255 0 0 255 0 255 255 0 255 0 0 174 49 255 0 255 0 255 255 208 0 0 35 52 0 0 255 255 255 0 145 37 255 255 0 255 18 0 211 255 0 0 255 255 0 0 255 83 255 255 0 0 0 0 161 151 213 171 255 255 255 33 255 213 0 255 136 49 255 0 255 0 128 50 255 0 0 54 255 255 97 255 0 184 111 255 255 0 255 234 0 198 0 0 171 110 255 18 255 255 110 0 165 255 0 255 255 255 0 255 255 255 255 168 0 255 255 1 0 249 255 1 0 81 0 255 255 0 255 0 222 0 0 0 0 0 251 0 0 0 0 88 0 255 0 141 0 255 255 0 0 255 0 0 203 226 255 255 255 255 255 255 132 255 0 255 0 255 0 255 255 255 255 0 0 0 255 250 0 0 0 255 0 0 0 254 255 255 255 191 0 0 0 255 148 255 64 120 63 182 255 40 0 255 0 255 0 255 255 255 255 27 115 245 255 0 0 255 255 223 0 0 255 255 255 22 0 0 15 255 119 255 0 152 0 255 255 208 255 255 88 255 0 255 255 248 255 255 0 0 43 0 185 0 0 35 12 255 255 255 206 255 255 0 165 0 0 0 59 255 255 0 0 255 200 0 0 35 255 79 255 255 255 201 0 0 0 0 12 70 0 0 0 0 255 0 0 0 0 92 126 217 255 0 61 19 255 0 255 0 0 255 255 0 0 255 255 255 255 0 193 0 17 255 0 0 255 255 137 9 0 0 0 143 255 209 157 0 0 240 0 255 0 0 255 255 255 58 255 255 0 0 255 255 0 255 255 34 255 115 255 0 44 255 241 0 255 0 50 255 0 96 255 19 255 0 255 0 255 0 24 0 255 255 110 97 0 0 255 255 104 255 31 0 18 112 227 0 255 203 0 0 255 235 255 137 0 255 255 0 0 20 255 158 247 248 227 0 25 110 255 255 255 0 255 134 255 200 0 255 0 0 20 255 106 255 43 0 255 255 255 113 255 255 0 0 206 11 255 255 255 255 190 0 18 77 141 109 61 255 255 255 0 0 0 255 255 0 15 0 0 0 255 32 255 141 147 255 255 81 255 243 0 255 19 255 1 0 142 255 52 255 255 0 199 255 78 11 0 255 231 255 0 255 255 147 255 255 255 255 255 0 0 255 45 123 35 255 0 255 255 0 255 0 255 255 255 0 195 255 255 0 152 255 48 0 255 0 0 0 0 0 23 0 104 0 0 255 220 0 111 241 255 0 118 0 0 255 98 0 30 0 255 255 228 0 250 64 0 0 255 0 0 203 255 255 0 0 255 255 173 0 159 98 255 255 255 255 255 255 0 0 255 123 142 130 255 101 2 176 255 0 255 255 190 255 255 255 0 255 255 201 0 106 211 61 255 255 255 255 206 0 255 255 164 255 0 0 59 0 86 0 0 204 255 255 0 217 0 97 255 0 117 255 0 73 1 255 199 0 0 255 255 255 203 255 230 11 0 255 222 155 195 0 255 255 42 25 217 0 255 0 255 255 182 255 0 0 107 194 0 43 0 0 255 11 0 0 255 144 255 96 255 0 169 0 193 0 255 0 255 141 0 255 0 221 255 70 24 255 115 255 9 0 255 0 164 138 155 255 88 255 255 11 255 0 0 255 16 255 18 255 255]",0x80
688,3,"[188 189 190]",0xA1
689,222,"[119 50 2 67 55 175 220 60 57 99 44 242 62 23 142 137 161 247 82 92 86 160 154 135 93 109 202 155 183 70 233 9 152 207 221 81 117 8 202 31 109 253 234 84 57 64 175 185 55 61 82 110 234 6 163 220 185 55 122 233 29 252 36 36 208 212 9 43 242 71 3 65 188 234 39 57 113 191 168 83 16 64 56 5 249 65 214 124 248 38 28 0 183 78 222 162 147 124 66 16 113 25 231 212 158 115 116 118 190 32 136 208 130 3 62 171 239 228 210 243 71 3 90 147 81 11 129 51 186 22 245 224 223 202 162 13 169 191 33 157 122 120 51 189 236 201 94 251 93 60 247 202 194 19 49 4 198 71 33 46 164 110 240 93 213 139 180 43 191 21 176 119 58 122 219 39 43 136 160 107 68 17 12 10 230 33 75 252 237 10 141 162 13 186 252 109 115 168 188 202 19 204 221 11 10 141 127 250 75 151 129 137 168 137 1 215 51 59 165 122 147 127]",0xBD
690,54,"[248 249 250 251 252 253 254 255 0 1 2 3 4 5 6 7 8 9 10 11 12 13 14 15 16 17 18 19 20 21 22 23 24 25 26 27 28 29 30 31 32 33 34 35 36 37 38 39 40 41 42 43 44 45]",0x85
691,36,"[229 228 227 226 225 224 223 222 221 220 219 218 217 216 215 214 213 212 211 210 209 208 207 206 205 204 203 202 201 200 199 198 197 196 195 194]",0xD8
692,40,"[55 207 55 207 55 207 55 207 55 207 55 207 55 207 55 207 55 207 55 207 55 207 55 207 55 207 55 207 55 207 55 207 55 207 55 207 55 207 55 207]",0x47
693,16,"[134 135 136 254 142 144 206 113 116 94 243 235 125 126 127 128]",0x27
694,7,"[22 255 70 0 255 0 0]",0x84
695,512,"[0 199 0 255 255 255 132 0 255 0 160 0 255 0 0 192 215 255 255 0 255 0 158 0 15 129 218 19 0 255 255 253 119 255 0 0 255 255 0 255 255 92 255 0 255 49 222 0 94 255 255 255 255 255 255 0 255 249 255 255 255 150 200 168 0 61 255 255 255 196 117 255 255 196 255 0 140 0 0 0 255 0 0 0 0 0 255 0 0 247 0 36 0 0 255 255 255 0 255 14 183 0 255 0 0 0 16 0 0 0 0 255 255 255 0 255 18 255 0 0 0 0 255 69 255 255 255 255 0 14 255 0 0 0 168 0 0 255 105 255 0 255 0 153 244 241 43 0 0 92 231 0 60 0 255 0 0 255 0 214 160 255 0 233 0 255 255 132 169 255 255 255 255 0 46 255 0 0 0 0 178 255 0 184 255 0 0 11 255 0 142 0 255 156 255 255 255 95 100 255 255 255 6 255 224 255 110 20 0 0 0 0 255 255 0 255 4 255 255 224 0 103 255 255 85 0 0 0 255 39 255 255 0 0 0 0 0 0 70 0 255 23 255 59 174 0 255 0 255 255 199 255 0 255 0 113 255 0 0 255 255 0 0 255 255 139 255 255 125 255 255 148 0 0 0 255 55 0 97 227 0 0 0 68 255 0 0 181 0 0 0 0 0 49 255 0 0 19 122 180 255 0 255 255 255 0 18 255 167 255 255 0 0 0 122 255 0 255 0 0 105 30 255 0 0 0 115 0 0 0 0 255 0 255 167 0 255 0 228 29 175 0 4 0 255 89 255 0 255 52 0 255 248 27 255 255 0 0 0 0 231 0 255 147 144 255 255 255 185 105 238 34 118 255 0 0 255 207 255 138 232 255 0 202 255 223 255 237 224 255 255 0 212 45 124 255 255 35 0 255 151 81 255 132 0 255 255 0 0 220 208 200 0 81 0 0 255 80 14 106 255 0 0 217 255 174 255 0 0 255 255 48 255 34 255 0 255 0 64 0 246 0 135 255 0 255 0 0 255 215 0 16 32 172 250 77 0 0 125 18 255 55 255 59 0 247 255 40 0 27 0 255 255 0 255 156 255 255 255 0 255 0 115 0 255 255 0 228 255 0 0 221 0 119 0 255 255 255 114 0 255 116 0 73 0 228 255 255 255 210 255 0]",0x4E
696,839,"[173 174 175 176 177 178 179 180 181 182 183 184 185 186 187 188 189 190 191 192 193 194 195 196 197 198 199 200 201 202 203 204 205 206 207 208 209 210 211 212 213 214 215 216 217 218 219 220 221 222 223 224 225 226 227 228 229 230 231 232 233 234 235 236 237 238 239 240 241 242 243 244 245 246 247 248 249 250 251 252 253 254 255 0 1 2 3 4 5 6 7 8 9 10 11 12 13 14 15 16 17 18 19 20 21 22 23 24 25 26 27 28 29 30 31 32 33 34 35 36 37 38 39 40 41 42 43 44 45 46 47 48 49 50 51 52 53 54 55 56 57 58 59 60 61 62 63 64 65 66 67 68 69 70 71 72 73 74 75 76 77 78 79 80 81 82 83 84 85 86 87 88 89 90 91 92 93 94 95 96 97 98 99 100 101 102 103 104 105 106 107 108 109 110 111 112 113 114 115 116 117 118 119 120 121 122 123 124 125 126 127 128 129 130 131 132 133 134 135 136 137 138 139 140 141 142 143 144 145 146 147 148 149 150 151 152 153 154 155 156 157 158 159 160 161 162 163 164 165 166 167 168 169 170 171 172 173 174 175 176 177 178 179 180 181 182 183 184 185 186 187 188 189 190 191 192 193 194 195 196 197 198 199 200 201 202 203 204 205 206 207 208 209 210 211 212 213 214 215 216 217 218 219 220 221 222 223 224 225 226 227 228 229 230 231 232 233 234 235 236 237 238 239 240 241 242 243 244 245 246 247 248 249 250 251 252 253 254 255 0 1 2 3 4 5 6 7 8 9 10 11 12 13 14 15 16 17 18 19 20 21 22 23 24 25 26 27 28 29 30 31 32 33 34 35 36 37 38 39 40 41 42 43 44 45 46 47 48 49 50 51 52 53 54 55 56 57 58 59 60 61 62 63 64 65 66 67 68 69 70 71 72 73 74 75 76 77 78 79 80 81 82 83 84 85 86 87 88 89 90 91 92 93 94 95 96 97 98 99 100 101 102 103 104 105 106 107 108 109 110 111 112 113 114 115 116 117 118 119 120 121 122 123 124 125 126 127 128 129 130 131 132 133 134 135 136 137 138 139 140 141 142 143 144 145 146 147 148 149 150 151 152 153 154 155 156 157 158 159 160 161 162 163 164 165 166 167 168 169 170 171 172 173 174 175 176 177 178 179 180 181 182 183 184 185 186 187 188 189 190 191 192 193 194 195 196 197 198 199 200 201 202 203 204 205 206 207 208 209 210 211 212 213 214 215 216 217 218 219 220 221 222 223 224 225 226 227 228 229 230 231 232 233 234 235 236 237 238 239 240 241 242 243 244 245 246 247 248 249 250 251 252 253 254 255 0 1 2 3 4 5 6 7 8 9 10 11 12 13 14 15 16 17 18 19 20 21 22 23 24 25 26 27 28 29 30 31 32 33 34 35 36 37 38 39 40 41 42 43 44 45 46 47 48 49 50 51 52 53 54 55 56 57 58 59 60 61 62 63 64 65 66 67 68 69 70 71 72 73 74 75 76 77 78 79 80 81 82 83 84 85 86 87 88 89 90 91 92 93 94 95 96 97 98 99 100 101 102 103 104 105 106 107 108 109 110 111 112 113 114 115 116 117 118 119 120 121 122 123 124 125 126 127 128 129 130 131 132 133 134 135 136 137 138 139 140 141 142 143 144 145 146 147 148 149 150 151 152 153 154 155 156 157 158 159 160 161 162 163 164 165 166 167 168 169 170 171 172 173 174 175 176 177 178 179 180 181 182 183 184 185 186 187 188 189 190 191 192 193 194 195 196 197 198 199 200 201 202 203 204 205 206 207 208 209 210 211 212 213 214 215 216 217 218 219 220 221 222 223 224 225 226 227 228 229 230 231 232 233 234 235 236 237 238 239 240 241 242 243]",0xD2
697,327,"[70 71 72 73 74 75 76 77 78 79 80 81 82 83 84 85 86 87 88 89 90 91 92 93 94 95 96 97 98 99 100 101 102 103 104 105 106 107 108 109 110 111 112 113 114 115 116 117 118 119 120 121 122 123 124 125 126 127 128 129 130 131 132 133 134 135 136 137 138 139 140 141 142 143 144 145 146 147 148 149 150 151 152 153 154 155 156 157 158 159 160 161 162 163 164 165 166 167 168 169 170 171 172 173 174 175 176 177 178 179 180 181 182 183 184 185 186 187 188 189 190 191 192 193 194 195 196 197 198 199 200 201 202 203 204 205 206 207 208 209 210 211 212 213 214 215 216 217 218 219 220 221 222 223 224 225 226 227 228 229 230 231 232 233 234 235 236 237 238 239 240 241 242 243 244 245 246 247 248 249 250 251 252 253 254 255 0 1 2 3 4 5 6 7 8 9 10 11 12 13 14 15 16 17 18 19 20 21 22 23 24 25 26 27 28 29 30 31 32 33 34 35 36 37 38 39 40 41 42 43 44 45 46 47 48 49 50 51 52 53 54 55 56 57 58 59 60 61 62 63 64 65 66 67 68 69 70 71 72 73 74 75 76 77 78 79 80 81 82 83 84 85 86 87 88 89 90 91 92 93 94 95 96 97 98 99 100 101 102 103 104 105 106 107 108 109 110 111 112 113 114 115 116 117 118 119 120 121 122 123 124 125 126 127 128 129 130 131 132 133 134 135 136 137 138 139 140]",0x5C
698,623,"[7 241 7 241 7 241 7 241 7 241 7 241 7 241 7 241 7 241 7 241 7 241 7 241 7 241 7 241 7 241 7 241 7 241 7 241 7 241 7 241 7 241 7 241 7 241 7 241 7 241 7 241 7 241 7 241 7 241 7 241 7 241 7 241 7 241 7 241 7 241 7 241 7 241 7 241 7 241 7 241 7 241 7 241 7 241 7 241 7 241 7 241 7 241 7 241 7 241 7 241 7 241 7 241 7 241 7 241 7 241 7 241 7 241 7 241 7 241 7 241 7 241 7 241 7 241 7 241 7 241 7 241 7 241 7 241 7 241 7 241 7 241 7 241 7 241 7 241 7 241 7 241 7 241 7 241 7 241 7 241 7 241 7 241 7 241 7 241 7 241 7 241 7 241 7 241 7 241 7 241 7 241 7 241 7 241 7 241 7 241 7 241 7 241 7 241 7 241 7 241 7 241 7 241 7 241 7 241 7 241 7 241 7 241 7 241 7 241 7 241 7 241 7 241 7 241 7 241 7 241 7 241 7 241 7 241 7 241 7 241 7 241 7 241 7 241 7 241 7 241 7 241 7 241 7 241 7 241 7 241 7 241 7 241 7 241 7 241 7 241 7 241 7 241 7 241 7 241 7 241 7 241 7 241 7 241 7 241 7 241 7 241 7 241 7 241 7 241 7 241 7 241 7 241 7 241 7 241 7 241 7 241 7 241 7 241 7 241 7 241 7 241 7 241 7 241 7 241 7 241 7 241 7 241 7 241 7 241 7 241 7 241 7 241 7 241 7 241 7 241 7 241 7 241 7 241 7 241 7 241 7 241 7 241 7 241 7 241 7 241 7 241 7 241 7 241 7 241 7 241 7 241 7 241 7 241 7 241 7 241 7 241 7 241 7 241 7 241 7 241 7 241 7 241 7 241 7 241 7 241 7 241 7 241 7 241 7 241 7 241 7 241 7 241 7 241 7 241 7 241 7 241 7 241 7 241 7 241 7 241 7 241 7 241 7 241 7 241 7 241 7 241 7 241 7 241 7 241 7 241 7 241 7 241 7 241 7 241 7 241 7 241 7 241 7 241 7 241 7 241 7 241 7 241 7 241 7 241 7 241 7 241 7 241 7 241 7 241 7 241 7 241 7 241 7 241 7 241 7 241 7 241 7 241 7 241 7 241 7 241 7 241 7 241 7 241 7 241 7 241 7 241 7 241 7 241 7 241 7 241 7 241 7 241 7 241 7 241 7 241 7 241 7 241 7 241 7 241 7 241 7 241 7 241 7 241 7 241 7 241 7 241 7 241 7 241 7 241 7 241 7 241 7 241 7 241 7 241 7 241 7 241 7 241 7 241 7 241 7 241 7 241 7 241 7 241 7 241 7 241 7 241 7 241 7 241 7 241 7 241 7 241 7]",0x25
699,83,"[217 40 217 40 217 40 217 40 217 40 217 40 217 40 217 40 217 40 217 40 217 40 217 40 217 40 217 40 217 40 217 40 217 40 217 40 217 40 217 40 217 40 217 40 217 40 217 40 217 40 217 40 217 40 217 40 217 40 217 40 217 40 217 40 217 40 217 40 217 40 217 40 217 40 217 40 217 40 217 40 217 40 217]",0x78
700,41,"[113 124 29 109 50 224 130 243 87 87 86 68 200 72 73 12 247 226 74 133 123 22 135 29 111 22 150 12 160 181 146 120 15 2 87 197 165 32 176 147 42]",0xF0
701,848,"[162 163 164 165 166 167 168 169 170 171 172 173 174 175 176 177 178 179 180 181 182 183 184 185 186 187 188 189 190 191 192 193 194 195 196 197 198 199 200 201 202 203 204 205 206 207 208 209 210 211 212 213 214 215 216 217 218 219 220 221 222 223 224 225 226 227 228 229 230 231 232 233 234 235 236 237 238 239 240 241 242 243 244 245 246 247 248 249 250 251 252 253 254 255 0 1 2 3 4 5 6 7 8 9 10 11 12 13 14 15 16 17 18 19 20 21 22 23 24 25 26 27 28 29 30 31 32 33 34 35 36 37 38 39 40 41 42 43 44 45 46 47 48 49 50 51 52 53 54 55 56 57 58 59 60 61 62 63 64 65 66 67 68 69 70 71 72 73 74 75 76 77 78 79 80 81 82 83 84 85 86 87 88 89 90 91 92 93 94 95 96 97 98 99 100 101 102 103 104 105 106 107 108 109 110 111 112 113 114 115 116 117 118 119 120 121 122 123 124 125 126 127 128 129 130 131 132 133 134 135 136 137 138 139 140 141 142 143 144 145 146 147 148 149 150 151 152 153 154 155 156 157 158 159 160 161 162 163 164 165 166 167 168 169 170 171 172 173 174 175 176 177 178 179 180 181 182 183 184 185 186 187 188 189 190 191 192 193 194 195 196 197 198 199 200 201 202 203 204 205 206 207 208 209 210 211 212 213 214 215 216 217 218 219 220 221 222 223 224 225 226 227 228 229 230 231 232 233 234 235 236 237 238 239 240 241 242 243 244 245 246 247 248 249 250 251 252 253 254 255 0 1 2 3 4 5 6 7 8 9 10 11 12 13 14 15 16 17 18 19 20 21 22 23 24 25 26 27 28 29 30 31 32 33 34 35 36 37 38 39 40 41 42 43 44 45 46 47 48 49 50 51 52 53 54 55 56 57 58 59 60 61 62 63 64 65 66 67 68 69 70 71 72 73 74 75 76 77 78 79 80 81 82 83 84 85 86 87 88 89 90 91 92 93 94 95 96 97 98 99 100 101 102 103 104 105 106 107 108 109 110 111 112 113 114 115 116 117 118 119 120 121 122 123 124 125 126 127 128 129 130 131 132 133 134 135 136 137 138 139 140 141 142 143 144 145 146 147 148 149 150 151 152 153 154 155 156 157 158 159 160 161 162 163 164 165 166 167 168 169 170 171 172 173 174 175 176 177 178 179 180 181 182 183 184 185 186 187 188 189 190 191 192 193 194 195 196 197 198 199 200 201 202 203 204 205 206 207 208 209 210 211 212 213 214 215 216 217 218 219 220 221 222 223 224 225 226 227 228 229 230 231 232 233 234 235 236 237 238 239 240 241 242 243 244 245 246 247 248 249 250 251 252 253 254 255 0 1 2 3 4 5 6 7 8 9 10 11 12 13 14 15 16 17 18 19 20 21 22 23 24 25 26 27 28 29 30 31 32 33 34 35 36 37 38 39 40 41 42 43 44 45 46 47 48 49 50 51 52 53 54 55 56 57 58 59 60 61 62 63 64 65 66 67 68 69 70 71 72 73 74 75 76 77 78 79 80 81 82 83 84 85 86 87 88 89 90 91 92 93 94 95 96 97 98 99 100 101 102 103 104 105 106 107 108 109 110 111 112 113 114 115 116 117 118 119 120 121 122 123 124 125 126 127 128 129 130 131 132 133 134 135 136 137 138 139 140 141 142 143 144 145 146 147 148 149 150 151 152 153 154 155 156 157 158 159 160 161 162 163 164 165 166 167 168 169 170 171 172 173 174 175 176 177 178 179 180 181 182 183 184 185 186 187 188 189 190 191 192 193 194 195 196 197 198 199 200 201 202 203 204 205 206 207 208 209 210 211 212 213 214 215 216 217 218 219 220 221 222 223 224 225 226 227 228 229 230 231 232 233 234 235 236 237 238 239 240 241]",0x96
702,16,"[81 255 0 222 18 251 90 255 0 49 152 255 255 255 255 0]",0x7B
703,10,"[205 206 207 208 209 210 211 212 213 214]",0xDE
704,34,"[216 176 216 176 216 176 216 176 216 176 216 176 216 176 216 176 216 176 216 176 216 176 216 176 216 176 216 176 216 176 216 176 216 176]",0xD5
705,143,"[220 141 103 203 223 188 232 160 171 146 124 167 143 187 239 95 105 3 134 33 183 199 185 139 136 165 142 192 228 137 28 33 96 127 57 115 34 61 187 252 47 86 89 57 52 33 232 166 74 66 150 178 64 88 74 22 98 136 167 106 251 160 226 234 210 69 110 0 115 75 28 214 172 255 127 84 67 111 79 253 46 4 33 228 177 200 82 159 181 83 185 161 75 13 60 158 153 129 64 113 36 169 222 118 54 211 80 152 19 183 117 239 125 4 245 3 137 162 228 173 207 197 54 179 163 62 32 192 248 189 191 42 63 149 8 170 37 105 81 27 148 92 11]",0x77
706,64,"[149 150 151 152 153 154 155 156 157 158 159 160 161 162 163 164 165 166 167 168 169 170 171 172 173 174 175 176 177 178 179 180 181 182 183 184 185 186 187 188 189 190 191 192 193 194 195 196 197 198 199 200 201 202 203 204 205 206 207 208 209 210 211 212]",0x67
707,34,"[0 233 0 255 255 255 33 0 255 255 12 195 0 0 255 0 255 0 236 0 0 0 21 0 255 255 0 249 204 215 255 0 255 255]",0xC2
708,22,"[92 192 92 192 92 192 92 192 92 192 92 192 92 192 92 192 92 192 92 192 92 192]",0x2B
709,23,"[160 71 160 71 160 71 160 71 160 71 160 71 160 71 160 71 160 71 160 71 160 71 160]",0x05
710,5,"[42 41 197 187 212]",0xD7
711,86,"[147 8 147 8 147 8 147 8 147 8 147 8 147 8 147 8 147 8 147 8 147 8 147 8 147 8 147 8 147 8 147 8 147 8 147 8 147 8 147 8 147 8 147 8 147 8 147 8 147 8 147 8 147 8 147 8 147 8 147 8 147 8 147 8 147 8 147 8 147 8 147 8 147 8 147 8 147 8 147 8 147 8 147 8 147 8]",0x8A
712,561,"[41 42 43 44 45 46 47 48 49 50 51 52 53 54 55 56 57 58 59 60 61 62 63 64 65 66 67 68 69 70 71 72 73 74 75 76 77 78 79 80 81 82 83 84 85 86 87 88 89 90 91 92 93 94 95 96 97 98 99 100 101 102 103 104 105 106 107 108 109 110 111 112 113 114 115 116 117 118 119 120 121 122 123 124 125 126 127 128 129 130 131 132 133 134 135 136 137 138 139 140 141 142 143 144 145 146 147 148 149 150 151 152 153 154 155 156 157 158 159 160 161 162 163 164 165 166 167 168 169 170 171 172 173 174 175 176 177 178 179 180 181 182 183 184 185 186 187 188 189 190 191 192 193 194 195 196 197 198 199 200 201 202 203 204 205 206 207 208 209 210 211 212 213 214 215 216 217 218 219 220 221 222 223 224 225 226 227 228 229 230 231 232 233 234 235 236 237 238 239 240 241 242 243 244 245 246 247 248 249 250 251 252 253 254 255 0 1 2 3 4 5 6 7 8 9 10 11 12 13 14 15 16 17 18 19 20 21 22 23 24 25 26 27 28 29 30 31 32 33 34 35 36 37 38 39 40 41 42 43 44 45 46 47 48 49 50 51 52 53 54 55 56 57 58 59 60 61 62 63 64 65 66 67 68 69 70 71 72 73 74 75 76 77 78 79 80 81 82 83 84 85 86 87 88 89 90 91 92 93 94 95 96 97 98 99 100 101 102 103 104 105 106 107 108 109 110 111 112 113 114 115 116 117 118 119 120 121 122 123 124 125 126 127 128 129 130 131 132 133 134 135 136 137 138 139 140 141 142 143 144 145 146 147 148 149 150 151 152 153 154 155 156 157 158 159 160 161 162 163 164 165 166 167 168 169 170 171 172 173 174 175 176 177 178 179 180 181 182 183 184 185 186 187 188 189 190 191 192 193 194 195 196 197 198 199 200 201 202 203 204 205 206 207 208 209 210 211 212 213 214 215 216 217 218 219 220 221 222 223 224 225 226 227 228 229 230 231 232 233 234 235 236 237 238 239 240 241 242 243 244 245 246 247 248 249 250 251 252 253 254 255 0 1 2 3 4 5 6 7 8 9 10 11 12 13 14 15 16 17 18 19 20 21 22 23 24 25 26 27 28 29 30 31 32 33 34 35 36 37 38 39 40 41 42 43 44 45 46 47 48 49 50 51 52 53 54 55 56 57 58 59 60 61 62 63 64 65 66 67 68 69 70 71 72 73 74 75 76 77 78 79 80 81 82 83 84 85 86 87 88 89]",0x8C
713,174,"[138 59 138 59 138 59 138 59 138 59 138 59 138 59 138 59 138 59 138 59 138 59 138 59 138 59 138 59 138 59 138 59 138 59 138 59 138 59 138 59 138 59 138 59 138 59 138 59 138 59 138 59 138 59 138 59 138 59 138 59 138 59 138 59 138 59 138 59 138 59 138 59 138 59 138 59 138 59 138 59 138 59 138 59 138 59 138 59 138 59 138 59 138 59 138 59 138 59 138 59 138 59 138 59 138 59 138 59 138 59 138 59 138 59 138 59 138 59 138 59 138 59 138 59 138 59 138 59 138 59 138 59 138 59 138 59 138 59 138 59 138 59 138 59 138 59 138 59 138 59 138 59 138 59 138 59 138 59 138 59 138 59 138 59 138 59 138 59 138 59 138 59 138 59]",0x63
714,5,"[53 53 53 53 53]",0x27
715,22,"[173 56 85 111 112 113 114 229 30 240 37 88 187 9 18 30 145 150 171 171 171 171]",0x37
716,813,"[242 150 229 157 123 186 56 26 23 217 233 208 231 252 134 39 155 90 88 186 23 9 177 66 98 78 157 39 184 236 214 232 239 95 203 126 69 191 62 28 180 73 78 225 34 195 98 228 112 104 110 214 2 180 52 225 96 86 182 184 162 84 156 13 244 115 77 220 82 255 176 166 38 156 39 200 35 91 122 206 161 191 62 60 97 4 212 94 17 223 247 165 91 105 65 182 91 8 11 157 74 43 141 71 18 49 199 218 223 136 243 38 173 180 13 72 242 194 14 138 166 249 183 163 232 169 238 126 183 161 141 82 231 69 40 182 139 67 222 73 16 3 236 102 54 145 124 255 227 69 178 99 93 93 163 137 193 39 108 220 0 159 201 98 226 188 155 50 171 213 186 147 182 250 2 169 203 163 69 210 233 174 130 93 84 185 155 40 36 18 174 80 5 86 213 63 162 112 140 152 116 14 145 101 51 229 188 72 137 246 62 242 174 138 251 85 71 86 192 86 26 164 57 1 50 209 240 169 79 111 49 225 170 21 93 137 204 235 33 213 16 61 5 16 8 37 224 72 122 124 254 93 67 246 151 74 73 22 142 185 121 226 123 88 64 62 81 253 92 134 70 36 165 139 17 225 129 85 199 28 121 140 198 94 218 178 197 248 216 88 165 222 134 174 44 208 193 227 181 224 41 208 243 208 157 237 24 4 247 174 29 87 191 192 43 120 206 247 159 163 120 137 25 89 129 70 92 248 1 77 149 71 173 76 163 217 168 12 203 54 162 165 205 129 96 132 139 210 52 216 93 190 85 181 204 142 158 181 176 186 217 56 54 248 217 151 2 218 192 244 3 7 132 219 253 81 9 50 224 119 218 113 13 158 111 125 242 117 203 15 122 150 28 77 189 47 32 76 219 195 198 82 25 8 150 179 96 135 71 93 186 183 7 241 68 232 131 127 115 236 53 156 81 234 43 173 107 169 40 100 27 248 54 254 107 18 4 153 157 134 16 84 91 180 107 146 73 185 11 253 164 38 183 201 201 69 245 4 97 26 98 14 165 15 157 59 45 88 164 148 174 235 52 105 68 150 72 142 210 141 214 156 222 238 130 202 120 180 9 247 228 228 72 72 103 225 219 74 138 121 166 54 21 6 97 242 175 191 241 108 121 92 46 196 232 208 12 76 151 83 38 137 133 181 255 165 81 244 146 165 91 115 107 239 207 23 80 14 132 71 18 197 23 69 197 130 209 106 208 137 22 120 141 156 237 46 155 192 227 134 54 209 231 27 58 223 124 43 165 117 247 57 92 42 12 70 209 68 178 134 133 200 158 40 56 139 216 38 27 132 48 254 1 114 41 174 161 206 144 48 13 184 112 56 64 38 72 202 158 252 134 133 48 150 155 52 22 94 44 128 134 155 154 172 58 187 134 111 165 128 134 5 205 108 132 99 141 13 98 171 240 217 246 200 161 108 31 64 69 109 156 158 116 70 14 253 240 46 154 75 49 175 201 104 15 102 136 228 168 181 51 184 128 210 55 131 53 73 213 176 186 17 186 125 117 105 218 45 208 237 43 255 253 159 68 109 43 30 180 148 144 63 60 253 160 209 96 215 184 89 183 236 54 140 247 210 158 17 104 166 104 255 192 47 125 98 152 114 60 185 27 136 79 247 77 87 181 32 83 178 7 79 2 38 154 116 39 19 14 21 24 22 14 178 240 219 68 52 12 39 145 255 219 131 108 37 107 152 152 142 210 130 121 78 46 0 82 162 143 135 197 59 173 155 86 55 144 241 19 243 118 181 205 38 11 32 87 244 10 235 143 26 39 176 155 42 231 34 130 135 222 5 34]",0x43
717,1,"58",0xC0
718,81,"[196 199 196 199 196 199 196 199 196 199 196 199 196 199 196 199 196 199 196 199 196 199 196 199 196 199 196 199 196 199 196 199 196 199 196 199 196 199 196 199 196 199 196 199 196 199 196 199 196 199 196 199 196 199 196 199 196 199 196 199 196 199 196 199 196 199 196 199 196 199 196 199 196 199 196 199 196 199 196 199 196]",0x9E
719,12,"[210 103 214 140 50 182 142 90 22 26 48 172]",0x83
720,668,"[181 168 181 168 181 168 181 168 181 168 181 168 181 168 181 168 181 168 181 168 181 168 181 168 181 168 181 168 181 168 181 168 181 168 181 168 181 168 181 168 181 168 181 168 181 168 181 168 181 168 181 168 181 168 181 168 181 168 181 168 181 168 181 168 181 168 181 168 181 168 181 168 181 168 181 168 181 168 181 168 181 168 181 168 181 168 181 168 181 168 181 168 181 168 181 168 181 168 181 168 181 168 181 168 181 168 181 168 181 168 181 168 181 168 181 168 181 168 181 168 181 168 181 168 181 168 181 168 181 168 181 168 181 168 181 168 181 168 181 168 181 168 181 168 181 168 181 168 181 168 181 168 181 168 181 168 181 168 181 168 181 168 181 168 181 168 181 168 181 168 181 168 181 168 181 168 181 168 181 168 181 168 181 168 181 168 181 168 181 168 181 168 181 168 181 168 181 168 181 168 181 168 181 168 181 168 181 168 181 168 181 168 181 168 181 168 181 168 181 168 181 168 181 168 181 168 181 168 181 168 181 168 181 168 181 168 181 168 181 168 181 168 181 168 181 168 181 168 181 168 181 168 181 168 181 168 181 168 181 168 181 168 181 168 181 168 181 168 181 168 181 168 181 168 181 168 181 168 181 168 181 168 181 168 181 168 181 168 181 168 181 168 181 168 181 168 181 168 181 168 181 168 181 168 181 168 181 168 181 168 181 168 181 168 181 168 181 168 181 168 181 168 181 168 181 168 181 168 181 168 181 168 181 168 181 168 181 168 181 168 181 168 181 168 181 168 181 168 181 168 181 168 181 168 181 168 181 168 181 168 181 168 181 168 181 168 181 168 181 168 181 168 181 168 181 168 181 168 181 168 181 168 181 168 181 168 181 168 181 168 181 168 181 168 181 168 181 168 181 168 181 168 181 168 181 168 181 168 181 168 181 168 181 168 181 168 181 168 181 168 181 168 181 168 181 168 181 168 181 168 181 168 181 168 181 168 181 168 181 168 181 168 181 168 181 168 181 168 181 168 181 168 181 168 181 168 181 168 181 168 181 168 181 168 181 168 181 168 181 168 181 168 181 168 181 168 181 168 181 168 181 168 181 168 181 168 181 168 181 168 181 168 181 168 181 168 181 168 181 168 181 168 181 168 181 168 181 168 181 168 181 168 181 168 181 168 181 168 181 168 181 168 181 168 181 168 181 168 181 168 181 168 181 168 181 168 181 168 181 168 181 168 181 168 181 168 181 168 181 168 181 168 181 168 181 168 181 168 181 168 181 168 181 168 181 168 181 168 181 168 181 168 181 168 181 168 181 168 181 168 181 168 181 168 181 168 181 168 181 168 181 168 181 168 181 168 181 168 181 168 181 168 181 168 181 168 181 168 181 168 181 168 181 168 181 168 181 168 181 168 181 168 181 168 181 168 181 168 181 168 181 168 181 168 181 168 181 168 181 168 181 168 181 168 181 168 181 168 181 168 181 168 181 168 181 168 181 168 181 168 181 168 181 168 181 168 181 168]",0xF9
721,318,"[68 89 245 55 211 159 42 103 130 88 57 64 149 176 120 241 186 228 121 3 151 209 137 145 249 93 205 129 118 37 191 210 110 195 148 65 236 178 224 72 234 93 2 19 22 53 47 14 229 212 195 122 108 108 67 155 15 168 131 209 249 224 184 110 54 170 51 5 146 100 224 165 165 201 85 245 56 223 233 9 161 191 244 64 143 197 37 218 103 163 10 57 122 74 245 203 221 119 121 206 99 123 135 155 166 174 113 75 235 211 0 131 70 164 128 5 186 70 66 8 212 148 124 173 88 145 63 16 143 56 192 115 64 155 29 194 115 208 35 97 46 15 244 186 83 63 52 11 26 26 170 152 145 188 64 87 32 150 238 220 142 165 254 132 222 128 12 239 28 180 60 230 51 35 112 127 209 195 84 98 147 141 220 120 228 52 222 77 202 144 224 59 179 217 198 144 172 50 55 68 211 42 76 235 193 187 116 179 144 18 147 115 29 88 229 205 233 183 161 35 27 63 80 155 224 228 174 146 62 240 171 136 26 211 89 230 43 12 111 20 15 182 65 163 146 36 98 16 107 46 24 81 0 193 40 160 213 234 142 201 116 125 139 171 171 201 157 225 181 237 192 189 220 167 45 21 80 208 5 38 27 9 207 71 186 36 104 29 0 156 123 106 20 150 199 17 105 79 228 67 241 212 25 123 166 151 173 109 231 69 24 250 166 168 209 107 98 242]",0xC1
722,18,"[24 183 68 190 24 183 68 190 24 183 68 190 24 183 68 190 24 183]",0xE2
723,68,"[43 44 45 46 47 48 49 50 51 52 53 54 55 56 57 58 59 60 61 62 63 64 65 66 67 68 69 70 71 72 73 74 75 76 77 78 79 80 81 82 83 84 85 86 87 88 89 90 91 92 93 94 95 96 97 98 99 100 101 102 103 104 105 106 107 108 109 110]",0x7D
724,9,"[80 79 78 77 76 75 74 73 72]",0x1E
725,851,"[182 183 184 185 186 187 188 189 190 191 192 193 194 195 196 197 198 199 200 201 202 203 204 205 206 207 208 209 210 211 212 213 214 215 216 217 218 219 220 221 222 223 224 225 226 227 228 229 230 231 232 233 234 235 236 237 238 239 240 241 242 243 244 245 246 247 248 249 250 251 252 253 254 255 0 1 2 3 4 5 6 7 8 9 10 11 12 13 14 15 16 17 18 19 20 21 22 23 24 25 26 27 28 29 30 31 32 33 34 35 36 37 38 39 40 41 42 43 44 45 46 47 48 49 50 51 52 53 54 55 56 57 58 59 60 61 62 63 64 65 66 67 68 69 70 71 72 73 74 75 76 77 78 79 80 81 82 83 84 85 86 87 88 89 90 91 92 93 94 95 96 97 98 99 100 101 102 103 104 105 106 107 108 109 110 111 112 113 114 115 116 117 118 119 120 121 122 123 124 125 126 127 128 129 130 131 132 133 134 135 136 137 138 139 140 141 142 143 144 145 146 147 148 149 150 151 152 153 154 155 156 157 158 159 160 161 162 163 164 165 166 167 168 169 170 171 172 173 174 175 176 177 178 179 180 181 182 183 184 185 186 187 188 189 190 191 192 193 194 195 196 197 198 199 200 201 202 203 204 205 206 207 208 209 210 211 212 213 214 215 216 217 218 219 220 221 222 223 224 225 226 227 228 229 230 231 232 233 234 235 236 237 238 239 240 241 242 243 244 245 246 247 248 249 250 251 252 253 254 255 0 1 2 3 4 5 6 7 8 9 10 11 12 13 14 15 16 17 18 19 20 21 22 23 24 25 26 27 28 29 30 31 32 33 34 35 36 37 38 39 40 41 42 43 44 45 46 47 48 49 50 51 52 53 54 55 56 57 58 59 60 61 62 63 64 65 66 67 68 69 70 71 72 73 74 75 76 77 78 79 80 81 82 83 84 85 86 87 88 89 90 91 92 93 94 95 96 97 98 99 100 101 102 103 104 105 106 107 108 109 110 111 112 113 114 115 116 117 118 119 120 121 122 123 124 125 126 127 128 129 130 131 132 133 134 135 136 137 138 139 140 141 142 143 144 145 146 147 148 149 150 151 152 153 154 155 156 157 158 159 160 161 162 163 164 165 166 167 168 169 170 171 172 173 174 175 176 177 178 179 180 181 182 183 184 185 186 187 188 189 190 191 192 193 194 195 196 197 198 199 200 201 202 203 204 205 206 207 208 209 210 211 212 213 214 215 216 217 218 219 220 221 222 223 224 225 226 227 228 229 230 231 232 233 234 235 236 237 238 239 240 241 242 243 244 245 246 247 248 249 250 251 252 253 254 255 0 1 2 3 4 5 6 7 8 9 10 11 12 13 14 15 16 17 18 19 20 21 22 23 24 25 26 27 28 29 30 31 32 33 34 35 36 37 38 39 40 41 42 43 44 45 46 47 48 49 50 51 52 53 54 55 56 57 58 59 60 61 62 63 64 65 66 67 68 69 70 71 72 73 74 75 76 77 78 79 80 81 82 83 84 85 86 87 88 89 90 91 92 93 94 95 96 97 98 99 100 101 102 103 104 105 106 107 108 109 110 111 112 113 114 115 116 117 118 119 120 121 122 123 124 125 126 127 128 129 130 131 132 133 134 135 136 137 138 139 140 141 142 143 144 145 146 147 148 149 150 151 152 153 154 155 156 157 158 159 160 161 162 163 164 165 166 167 168 169 170 171 172 173 174 175 176 177 178 179 180 181 182 183 184 185 186 187 188 189 190 191 192 193 194 195 196 197 198 199 200 201 202 203 204 205 206 207 208 209 210 211 212 213 214 215 216 217 218 219 220 221 222 223 224 225 226 227 228 229 230 231 232 233 234 235 236 237 238 239 240 241 242 243 244 245 246 247 248 249 250 251 252 253 254 255 0 1 2 3 4 5 6 7 8]",0x33
726,53,"[153 88 153 88 153 88 153 88 153 88 153 88 153 88 153 88 153 88 153 88 153 88 153 88 153 88 153 88 153 88 153 88 153 88 153 88 153 88 153 88 153 88 153 88 153 88 153 88 153 88 153 88 153]",0xBE
727,7,"[200 69 199 87 216 48 36]",0x41
728,218,"[104 122 205 104 122 205 104 122 205 104 122 205 104 122 205 104 122 205 104 122 205 104 122 205 104 122 205 104 122 205 104 122 205 104 122 205 104 122 205 104 122 205 104 122 205 104 122 205 104 122 205 104 122 205 104 122 205 104 122 205 104 122 205 104 122 205 104 122 205 104 122 205 104 122 205 104 122 205 104 122 205 104 122 205 104 122 205 104 122 205 104 122 205 104 122 205 104 122 205 104 122 205 104 122 205 104 122 205 104 122 205 104 122 205 104 122 205 104 122 205 104 122 205 104 122 205 104 122 205 104 122 205 104 122 205 104 122 205 104 122 205 104 122 205 104 122 205 104 122 205 104 122 205 104 122 205 104 122 205 104 122 205 104 122 205 104 122 205 104 122 205 104 122 205 104 122 205 104 122 205 104 122 205 104 122 205 104 122 205 104 122 205 104 122 205 104 122 205 104 122 205 104 122 205 104 122 205 104 122 205 104 122 205 104 122 205 104 122]",0xC0
729,521,"[104 94 104 94 104 94 104 94 104 94 104 94 104 94 104 94 104 94 104 94 104 94 104 94 104 94 104 94 104 94 104 94 104 94 104 94 104 94 104 94 104 94 104 94 104 94 104 94 104 94 104 94 104 94 104 94 104 94 104 94 104 94 104 94 104 94 104 94 104 94 104 94 104 94 104 94 104 94 104 94 104 94 104 94 104 94 104 94 104 94 104 94 104 94 104 94 104 94 104 94 104 94 104 94 104 94 104 94 104 94 104 94 104 94 104 94 104 94 104 94 104 94 104 94 104 94 104 94 104 94 104 94 104 94 104 94 104 94 104 94 104 94 104 94 104 94 104 94 104 94 104 94 104 94 104 94 104 94 104 94 104 94 104 94 104 94 104 94 104 94 104 94 104 94 104 94 104 94 104 94 104 94 104 94 104 94 104 94 104 94 104 94 104 94 104 94 104 94 104 94 104 94 104 94 104 94 104 94 104 94 104 94 104 94 104 94 104 94 104 94 104 94 104 94 104 94 104 94 104 94 104 94 104 94 104 94 104 94 104 94 104 94 104 94 104 94 104 94 104 94 104 94 104 94 104 94 104 94 104 94 104 94 104 94 104 94 104 94 104 94 104 94 104 94 104 94 104 94 104 94 104 94 104 94 104 94 104 94 104 94 104 94 104 94 104 94 104 94 104 94 104 94 104 94 104 94 104 94 104 94 104 94 104 94 104 94 104 94 104 94 104 94 104 94 104 94 104 94 104 94 104 94 104 94 104 94 104 94 104 94 104 94 104 94 104 94 104 94 104 94 104 94 104 94 104 94 104 94 104 94 104 94 104 94 104 94 104 94 104 94 104 94 104 94 104 94 104 94 104 94 104 94 104 94 104 94 104 94 104 94 104 94 104 94 104 94 104 94 104 94 104 94 104 94 104 94 104 94 104 94 104 94 104 94 104 94 104 94 104 94 104 94 104 94 104 94 104 94 104 94 104 94 104 94 104 94 104 94 104 94 104 94 104 94 104 94 104 94 104 94 104 94 104 94 104 94 104 94 104 94 104 94 104 94 104 94 104 94 104 94 104 94 104 94 104 94 104 94 104 94 104 94 104 94 104 94 104 94 104 94 104 94 104 94 104 94 104 94 104 94 104 94 104 94 104 94 104 94 104 94 104 94 104 94 104 94 104 94 104 94 104]",0x76
730,40,"[242 73 242 73 242 73 242 73 242 73 242 73 242 73 242 73 242 73 242 73 242 73 242 73 242 73 242 73 242 73 242 73 242 73 242 73 242 73 242 73]",0x66
731,539,"[120 119 118 117 116 115 114 113 112 111 110 109 108 107 106 105 104 103 102 101 100 99 98 97 96 95 94 93 92 91 90 89 88 87 86 85 84 83 82 81 80 79 78 77 76 75 74 73 72 71 70 69 68 67 66 65 64 63 62 61 60 59 58 57 56 55 54 53 52 51 50 49 48 47 46 45 44 43 42 41 40 39 38 37 36 35 34 33 32 31 30 29 28 27 26 25 24 23 22 21 20 19 18 17 16 15 14 13 12 11 10 9 8 7 6 5 4 3 2 1 0 255 254 253 252 251 250 249 248 247 246 245 244 243 242 241 240 239 238 237 236 235 234 233 232 231 230 229 228 227 226 225 224 223 222 221 220 219 218 217 216 215 214 213 212 211 210 209 208 207 206 205 204 203 202 201 200 199 198 197 196 195 194 193 192 191 190 189 188 187 186 185 184 183 182 181 180 179 178 177 176 175 174 173 172 171 170 169 168 167 166 165 164 163 162 161 160 159 158 157 156 155 154 153 152 151 150 149 148 147 146 145 144 143 142 141 140 139 138 137 136 135 134 133 132 131 130 129 128 127 126 125 124 123 122 121 120 119 118 117 116 115 114 113 112 111 110 109 108 107 106 105 104 103 102 101 100 99 98 97 96 95 94 93 92 91 90 89 88 87 86 85 84 83 82 81 80 79 78 77 76 75 74 73 72 71 70 69 68 67 66 65 64 63 62 61 60 59 58 57 56 55 54 53 52 51 50 49 48 47 46 45 44 43 42 41 40 39 38 37 36 35 34 33 32 31 30 29 28 27 26 25 24 23 22 21 20 19 18 17 16 15 14 13 12 11 10 9 8 7 6 5 4 3 2 1 0 255 254 253 252 251 250 249 248 247 246 245 244 243 242 241 240 239 238 237 236 235 234 233 232 231 230 229 228 227 226 225 224 223 222 221 220 219 218 217 216 215 214 213 212 211 210 209 208 207 206 205 204 203 202 201 200 199 198 197 196 195 194 193 192 191 190 189 188 187 186 185 184 183 182 181 180 179 178 177 176 175 174 173 172 171 170 169 168 167 166 165 164 163 162 161 160 159 158 157 156 155 154 153 152 151 150 149 148 147 146 145 144 143 142 141 140 139 138 137 136 135 134 133 132 131 130 129 128 127 126 125 124 123 122 121 120 119 118 117 116 115 114 113 112 111 110 109 108 107 106 105 104 103 102 101 100 99 98 97 96 95 94]",0x64
732,9,"[138 137 136 135 134 133 132 131 130]",0xEA
733,979,"[90 192 90 192 90 192 90 192 90 192 90 192 90 192 90 192 90 192 90 192 90 192 90 192 90 192 90 192 90 192 90 192 90 192 90 192 90 192 90 192 90 192 90 192 90 192 90 192 90 192 90 192 90 192 90 192 90 192 90 192 90 192 90 192 90 192 90 192 90 192 90 192 90 192 90 192 90 192 90 192 90 192 90 192 90 192 90 192 90 192 90 192 90 192 90 192 90 192 90 192 90 192 90 192 90 192 90 192 90 192 90 192 90 192 90 192 90 192 90 192 90 192 90 192 90 192 90 192 90 192 90 192 90 192 90 192 90 192 90 192 90 192 90 192 90 192 90 192 90 192 90 192 90 192 90 192 90 192 90 192 90 192 90 192 90 192 90 192 90 192 90 192 90 192 90 192 90 192 90 192 90 192 90 192 90 192 90 192 90 192 90 192 90 192 90 192 90 192 90 192 90 192 90 192 90 192 90 192 90 192 90 192 90 192 90 192 90 192 90 192 90 192 90 192 90 192 90 192 90 192 90 192 90 192 90 192 90 192 90 192 90 192 90 192 90 192 90 192 90 192 90 192 90 192 90 192 90 192 90 192 90 192 90 192 90 192 90 192 90 192 90 192 90 192 90 192 90 192 90 192 90 192 90 192 90 192 90 192 90 192 90 192 90 192 90 192 90 192 90 192 90 192 90 192 90 192 90 192 90 192 90 192 90 192 90 192 90 192 90 192 90 192 90 192 90 192 90 192 90 192 90 192 90 192 90 192 90 192 90 192 90 192 90 192 90 192 90 192 90 192 90 192 90 192 90 192 90 192 90 192 90 192 90 192 90 192 90 192 90 192 90 192 90 192 90 192 90 192 90 192 90 192 90 192 90 192 90 192 90 192 90 192 90 192 90 192 90 192 90 192 90 192 90 192 90 192 90 192 90 192 90 192 90 192 90 192 90 192 90 192 90 192 90 192 90 192 90 192 90 192 90 192 90 192 90 192 90 192 90 192 90 192 90 192 90 192 90 192 90 192 90 192 90 192 90 192 90 192 90 192 90 192 90 192 90 192 90 192 90 192 90 192 90 192 90 192 90 192 90 192 90 192 90 192 90 192 90 192 90 192 90 192 90 192 90 192 90 192 90 192 90 192 90 192 90 192 90 192 90 192 90 192 90 192 90 192 90 192 90 192 90 192 90 192 90 192 90 192 90 192 90 192 90 192 90 192 90 192 90 192 90 192 90 192 90 192 90 192 90 192 90 192 90 192 90 192 90 192 90 192 90 192 90 192 90 192 90 192 90 192 90 192 90 192 90 192 90 192 90 192 90 192 90 192 90 192 90 192 90 192 90 192 90 192 90 192 90 192 90 192 90 192 90 192 90 192 90 192 90 192 90 192 90 192 90 192 90 192 90 192 90 192 90 192 90 192 90 192 90 192 90 192 90 192 90 192 90 192 90 192 90 192 90 192 90 192 90 192 90 192 90 192 90 192 90 192 90 192 90 192 90 192 90 192 90 192 90 192 90 192 90 192 90 192 90 192 90 192 90 192 90 192 90 192 90 192 90 192 90 192 90 192 90 192 90 192 90 192 90 192 90 192 90 192 90 192 90 192 90 192 90 192 90 192 90 192 90 192 90 192 90 192 90 192 90 192 90 192 90 192 90 192 90 192 90 192 90 192 90 192 90 192 90 192 90 192 90 192 90 192 90 192 90 192 90 192 90 192 90 192 90 192 90 192 90 192 90 192 90 192 90 192 90 192 90 192 90 192 90 192 90 192 90 192 90 192 90 192 90 192 90 192 90 192 90 192 90 192 90 192 90 192 90 192 90 192 90 192 90 192 90 192 90 192 90 192 90 192 90 192 90 192 90 192 90 192 90 192 90 192 90 192 90 192 90 192 90 192 90 192 90 192 90 192 90 192 90 192 90 192 90 192 90 192 90 192 90 192 90 192 90 192 90 192 90 192 90 192 90 192 90 192 90 192 90 192 90 192 90 192 90 192 90 192 90 192 90 192 90 192 90 192 90 192 90 192 90 192 90 192 90 192 90 192 90 192 90 192 90 192 90 192 90 192 90 192 90 192 90 192 90 192 90 192 90 192 90 192 90 192 90 192 90 192 90 192 90 192 90 192 90 192 90 192 90 192 90 192 90 192 90 192 90 192 90 192 90 192 90 192 90 192 90 192 90 192 90 192 90 192 90 192 90 192 90 192 90 192 90]",0x95
734,18,"[180 220 37 62 180 220 37 62 180 220 37 62 180 220 37 62 180 220]",0xB5
735,98,"[153 154 155 156 157 158 159 160 161 162 163 164 165 166 167 168 169 170 171 172 173 174 175 176 177 178 179 180 181 182 183 184 185 186 187 188 189 190 191 192 193 194 195 196 197 198 199 200 201 202 203 204 205 206 207 208 209 210 211 212 213 214 215 216 217 218 219 220 221 222 223 224 225 226 227 228 229 230 231 232 233 234 235 236 237 238 239 240 241 242 243 244 245 246 247 248 249 250]",0x87
736,658,"[123 122 121 120 119 118 117 116 115 114 113 112 111 110 109 108 107 106 105 104 103 102 101 100 99 98 97 96 95 94 93 92 91 90 89 88 87 86 85 84 83 82 81 80 79 78 77 76 75 74 73 72 71 70 69 68 67 66 65 64 63 62 61 60 59 58 57 56 55 54 53 52 51 50 49 48 47 46 45 44 43 42 41 40 39 38 37 36 35 34 33 32 31 30 29 28 27 26 25 24 23 22 21 20 19 18 17 16 15 14 13 12 11 10 9 8 7 6 5 4 3 2 1 0 255 254 253 252 251 250 249 248 247 246 245 244 243 242 241 240 239 238 237 236 235 234 233 232 231 230 229 228 227 226 225 224 223 222 221 220 219 218 217 216 215 214 213 212 211 210 209 208 207 206 205 204 203 202 201 200 199 198 197 196 195 194 193 192 191 190 189 188 187 186 185 184 183 182 181 180 179 178 177 176 175 174 173 172 171 170 169 168 167 166 165 164 163 162 161 160 159 158 157 156 155 154 153 152 151 150 149 148 147 146 145 144 143 142 141 140 139 138 137 136 135 134 133 132 131 130 129 128 127 126 125 124 123 122 121 120 119 118 117 116 115 114 113 112 111 110 109 108 107 106 105 104 103 102 101 100 99 98 97 96 95 94 93 92 91 90 89 88 87 86 85 84 83 82 81 80 79 78 77 76 75 74 73 72 71 70 69 68 67 66 65 64 63 62 61 60 59 58 57 56 55 54 53 52 51 50 49 48 47 46 45 44 43 42 41 40 39 38 37 36 35 34 33 32 31 30 29 28 27 26 25 24 23 22 21 20 19 18 17 16 15 14 13 12 11 10 9 8 7 6 5 4 3 2 1 0 255 254 253 252 251 250 249 248 247 246 245 244 243 242 241 240 239 238 237 236 235 234 233 232 231 230 229 228 227 226 225 224 223 222 221 220 219 218 217 216 215 214 213 212 211 210 209 208 207 206 205 204 203 202 201 200 199 198 197 196 195 194 193 192 191 190 189 188 187 186 185 184 183 182 181 180 179 178 177 176 175 174 173 172 171 170 169 168 167 166 165 164 163 162 161 160 159 158 157 156 155 154 153 152 151 150 149 148 147 146 145 144 143 142 141 140 139 138 137 136 135 134 133 132 131 130 129 128 127 126 125 124 123 122 121 120 119 118 117 116 115 114 113 112 111 110 109 108 107 106 105 104 103 102 101 100 99 98 97 96 95 94 93 92 91 90 89 88 87 86 85 84 83 82 81 80 79 78 77 76 75 74 73 72 71 70 69 68 67 66 65 64 63 62 61 60 59 58 57 56 55 54 53 52 51 50 49 48 47 46 45 44 43 42 41 40 39 38 37 36 35 34 33 32 31 30 29 28 27 26 25 24 23 22 21 20 19 18 17 16 15 14 13 12 11 10 9 8 7 6 5 4 3 2 1 0 255 254 253 252 251 250 249 248 247 246 245 244 243 242 241 240 239 238 237 236 235 234]",0xD0
737,8,"[43 43 43 43 43 43 43 43]",0x88
738,49,"[0 255 208 255 0 0 156 255 255 0 0 0 255 255 255 0 0 255 0 0 0 255 0 255 0 0 255 255 0 131 0 255 255 0 255 33 255 0 255 0 100 0 59 0 173 177 0 155 199]",0xA7
739,50,"[70 71 72 73 74 75 76 77 78 79 80 81 82 83 84 85 86 87 88 89 90 91 92 93 94 95 96 97 98 99 100 101 102 103 104 105 106 107 108 109 110 111 112 113 114 115 116 117 118 119]",0xFE
740,80,"[178 0 255 255 0 173 255 204 0 150 64 97 0 10 0 255 62 255 255 255 0 255 0 69 67 255 255 255 0 255 0 0 255 130 255 255 255 0 229 0 255 71 0 0 0 255 207 255 0 0 89 255 157 255 255 0 0 0 71 255 0 186 47 255 255 0 80 0 255 0 0 255 0 255 218 17 255 255 0 255]",0x49
741,886,"[198 140 198 140 198 140 198 140 198 140 198 140 198 140 198 140 198 140 198 140 198 140 198 140 198 140 198 140 198 140 198 140 198 140 198 140 198 140 198 140 198 140 198 140 198 140 198 140 198 140 198 140 198 140 198 140 198 140 198 140 198 140 198 140 198 140 198 140 198 140 198 140 198 140 198 140 198 140 198 140 198 140 198 140 198 140 198 140 198 140 198 140 198 140 198 140 198 140 198 140 198 140 198 140 198 140 198 140 198 140 198 140 198 140 198 140 198 140 198 140 198 140 198 140 198 140 198 140 198 140 198 140 198 140 198 140 198 140 198 140 198 140 198 140 198 140 198 140 198 140 198 140 198 140 198 140 198 140 198 140 198 140 198 140 198 140 198 140 198 140 198 140 198 140 198 140 198 140 198 140 198 140 198 140 198 140 198 140 198 140 198 140 198 140 198 140 198 140 198 140 198 140 198 140 198 140 198 140 198 140 198 140 198 140 198 140 198 140 198 140 198 140 198 140 198 140 198 140 198 140 198 140 198 140 198 140 198 140 198 140 198 140 198 140 198 140 198 140 198 140 198 140 198 140 198 140 198 140 198 140 198 140 198 140 198 140 198 140 198 140 198 140 198 140 198 140 198 140 198 140 198 140 198 140 198 140 198 140 198 140 198 140 198 140 198 140 198 140 198 140 198 140 198 140 198 140 198 140 198 140 198 140 198 140 198 140 198 140 198 140 198 140 198 140 198 140 198 140 198 140 198 140 198 140 198 140 198 140 198 140 198 140 198 140 198 140 198 140 198 140 198 140 198 140 198 140 198 140 198 140 198 140 198 140 198 140 198 140 198 140 198 140 198 140 198 140 198 140 198 140 198 140 198 140 198 140 198 140 198 140 198 140 198 140 198 140 198 140 198 140 198 140 198 140 198 140 198 140 198 140 198 140 198 140 198 140 198 140 198 140 198 140 198 140 198 140 198 140 198 140 198 140 198 140 198 140 198 140 198 140 198 140 198 140 198 140 198 140 198 140 198 140 198 140 198 140 198 140 198 140 198 140 198 140 198 140 198 140 198 140 198 140 198 140 198 140 198 140 198 140 198 140 198 140 198 140 198 140 198 140 198 140 198 140 198 140 198 140 198 140 198 140 198 140 198 140 198 140 198 140 198 140 198 140 198 140 198 140 198 140 198 140 198 140 198 140 198 140 198 140 198 140 198 140 198 140 198 140 198 140 198 140 198 140 198 140 198 140 198 140 198 140 198 140 198 140 198 140 198 140 198 140 198 140 198 140 198 140 198 140 198 140 198 140 198 140 198 140 198 140 198 140 198 140 198 140 198 140 198 140 198 140 198 140 198 140 198 140 198 140 198 140 198 140 198 140 198 140 198 140 198 140 198 140 198 140 198 140 198 140 198 140 198 140 198 140 198 140 198 140 198 140 198 140 198 140 198 140 198 140 198 140 198 140 198 140 198 140 198 140 198 140 198 140 198 140 198 140 198 140 198 140 198 140 198 140 198 140 198 140 198 140 198 140 198 140 198 140 198 140 198 140 198 140 198 140 198 140 198 140 198 140 198 140 198 140 198 140 198 140 198 140 198 140 198 140 198 140 198 140 198 140 198 140 198 140 198 140 198 140 198 140 198 140 198 140 198 140 198 140 198 140 198 140 198 140 198 140 198 140 198 140 198 140 198 140 198 140 198 140 198 140 198 140 198 140 198 140 198 140 198 140 198 140 198 140 198 140 198 140 198 140 198 140 198 140 198 140 198 140 198 140 198 140 198 140 198 140 198 140 198 140 198 140 198 140 198 140 198 140 198 140 198 140 198 140 198 140 198 140 198 140 198 140 198 140 198 140 198 140 198 140 198 140 198 140 198 140 198 140 198 140 198 140 198 140 198 140 198 140 198 140 198 140 198 140 198 140 198 140 198 140 198 140 198 140 198 140 198 140 198 140 198 140 198 140 198 140 198 140 198 140 198 140 198 140 198 140 198 140 198 140 198 140 198 140]",0xA4
742,177,"[38 202 38 202 38 202 38 202 38 202 38 202 38 202 38 202 38 202 38 202 38 202 38 202 38 202 38 202 38 202 38 202 38 202 38 202 38 202 38 202 38 202 38 202 38 202 38 202 38 202 38 202 38 202 38 202 38 202 38 202 38 202 38 202 38 202 38 202 38 202 38 202 38 202 38 202 38 202 38 202 38 202 38 202 38 202 38 202 38 202 38 202 38 202 38 202 38 202 38 202 38 202 38 202 38 202 38 202 38 202 38 202 38 202 38 202 38 202 38 202 38 202 38 202 38 202 38 202 38 202 38 202 38 202 38 202 38 202 38 202 38 202 38 202 38 202 38 202 38 202 38 202 38 202 38 202 38 202 38 202 38 202 38 202 38 202 38 202 38 202 38 202 38 202 38 202 38]",0xBF
743,1,"124",0x5B
744,508,"[190 191 192 193 194 195 196 197 198 199 200 201 202 203 204 205 206 207 208 209 210 211 212 213 214 215 216 217 218 219 220 221 222 223 224 225 226 227 228 229 230 231 232 233 234 235 236 237 238 239 240 241 242 243 244 245 246 247 248 249 250 251 252 253 254 255 0 1 2 3 4 5 6 7 8 9 10 11 12 13 14 15 16 17 18 19 20 21 22 23 24 25 26 27 28 29 30 31 32 33 34 35 36 37 38 39 40 41 42 43 44 45 46 47 48 49 50 51 52 53 54 55 56 57 58 59 60 61 62 63 64 65 66 67 68 69 70 71 72 73 74 75 76 77 78 79 80 81 82 83 84 85 86 87 88 89 90 91 92 93 94 95 96 97 98 99 100 101 102 103 104 105 106 107 108 109 110 111 112 113 114 115 116 117 118 119 120 121 122 123 124 125 126 127 128 129 130 131 132 133 134 135 136 137 138 139 140 141 142 143 144 145 146 147 148 149 150 151 152 153 154 155 156 157 158 159 160 161 162 163 164 165 166 167 168 169 170 171 172 173 174 175 176 177 178 179 180 181 182 183 184 185 186 187 188 189 190 191 192 193 194 195 196 197 198 199 200 201 202 203 204 205 206 207 208 209 210 211 212 213 214 215 216 217 218 219 220 221 222 223 224 225 226 227 228 229 230 231 232 233 234 235 236 237 238 239 240 241 242 243 244 245 246 247 248 249 250 251 252 253 254 255 0 1 2 3 4 5 6 7 8 9 10 11 12 13 14 15 16 17 18 19 20 21 22 23 24 25 26 27 28 29 30 31 32 33 34 35 36 37 38 39 40 41 42 43 44 45 46 47 48 49 50 51 52 53 54 55 56 57 58 59 60 61 62 63 64 65 66 67 68 69 70 71 72 73 74 75 76 77 78 79 80 81 82 83 84 85 86 87 88 89 90 91 92 93 94 95 96 97 98 99 100 101 102 103 104 105 106 107 108 109 110 111 112 113 114 115 116 117 118 119 120 121 122 123 124 125 126 127 128 129 130 131 132 133 134 135 136 137 138 139 140 141 142 143 144 145 146 147 148 149 150 151 152 153 154 155 156 157 158 159 160 161 162 163 164 165 166 167 168 169 170 171 172 173 174 175 176 177 178 179 180 181 182 183 184 185]",0x17
745,22,"[141 140 139 138 137 136 135 134 133 132 131 130 129 128 127 126 125 124 123 122 121 120]",0x04
746,141,"[21 22 23 24 25 26 27 28 29 30 31 32 33 34 35 36 37 38 39 40 41 42 43 44 45 46 47 48 49 50 51 52 53 54 55 56 57 58 59 60 61 62 63 64 65 66 67 68 69 70 71 72 73 74 75 76 77 78 79 80 81 82 83 84 85 86 87 88 89 90 91 92 93 94 95 96 97 98 99 100 101 102 103 104 105 106 107 108 109 110 111 112 113 114 115 116 117 118 119 120 121 122 123 124 125 126 127 128 129 130 131 132 133 134 135 136 137 138 139 140 141 142 143 144 145 146 147 148 149 150 151 152 153 154 155 156 157 158 159 160 161]",0x75
747,785,"[107 193 107 193 107 193 107 193 107 193 107 193 107 193 107 193 107 193 107 193 107 193 107 193 107 193 107 193 107 193 107 193 107 193 107 193 107 193 107 193 107 193 107 193 107 193 107 193 107 193 107 193 107 193 107 193 107 193 107 193 107 193 107 193 107 193 107 193 107 193 107 193 107 193 107 193 107 193 107 193 107 193 107 193 107 193 107 193 107 193 107 193 107 193 107 193 107 193 107 193 107 193 107 193 107 193 107 193 107 193 107 193 107 193 107 193 107 193 107 193 107 193 107 193 107 193 107 193 107 193 107 193 107 193 107 193 107 193 107 193 107 193 107 193 107 193 107 193 107 193 107 193 107 193 107 193 107 193 107 193 107 193 107 193 107 193 107 193 107 193 107 193 107 193 107 193 107 193 107 193 107 193 107 193 107 193 107 193 107 193 107 193 107 193 107 193 107 193 107 193 107 193 107 193 107 193 107 193 107 193 107 193 107 193 107 193 107 193 107 193 107 193 107 193 107 193 107 193 107 193 107 193 107 193 107 193 107 193 107 193 107 193 107 193 107 193 107 193 107 193 107 193 107 193 107 193 107 193 107 193 107 193 107 193 107 193 107 193 107 193 107 193 107 193 107 193 107 193 107 193 107 193 107 193 107 193 107 193 107 193 107 193 107 193 107 193 107 193 107 193 107 193 107 193 107 193 107 193 107 193 107 193 107 193 107 193 107 193 107 193 107 193 107 193 107 193 107 193 107 193 107 193 107 193 107 193 107 193 107 193 107 193 107 193 107 193 107 193 107 193 107 193 107 193 107 193 107 193 107 193 107 193 107 193 107 193 107 193 107 193 107 193 107 193 107 193 107 193 107 193 107 193 107 193 107 193 107 193 107 193 107 193 107 193 107 193 107 193 107 193 107 193 107 193 107 193 107 193 107 193 107 193 107 193 107 193 107 193 107 193 107 193 107 193 107 193 107 193 107 193 107 193 107 193 107 193 107 193 107 193 107 193 107 193 107 193 107 193 107 193 107 193 107 193 107 193 107 193 107 193 107 193 107 193 107 193 107 193 107 193 107 193 107 193 107 193 107 193 107 193 107 193 107 193 107 193 107 193 107 193 107 193 107 193 107 193 107 193 107 193 107 193 107 193 107 193 107 193 107 193 107 193 107 193 107 193 107 193 107 193 107 193 107 193 107 193 107 193 107 193 107 193 107 193 107 193 107 193 107 193 107 193 107 193 107 193 107 193 107 193 107 193 107 193 107 193 107 193 107 193 107 193 107 193 107 193 107 193 107 193 107 193 107 193 107 193 107 193 107 193 107 193 107 193 107 193 107 193 107 193 107 193 107 193 107 193 107 193 107 193 107 193 107 193 107 193 107 193 107 193 107 193 107 193 107 193 107 193 107 193 107 193 107 193 107 193 107 193 107 193 107 193 107 193 107 193 107 193 107 193 107 193 107 193 107 193 107 193 107 193 107 193 107 193 107 193 107 193 107 193 107 193 107 193 107 193 107 193 107 193 107 193 107 193 107 193 107 193 107 193 107 193 107 193 107 193 107 193 107 193 107 193 107 193 107 193 107 193 107 193 107 193 107 193 107 193 107 193 107 193 107 193 107 193 107 193 107 193 107 193 107 193 107 193 107 193 107 193 107 193 107 193 107 193 107 193 107 193 107 193 107 193 107 193 107 193 107 193 107 193 107 193 107 193 107 193 107 193 107 193 107 193 107 193 107 193 107 193 107 193 107 193 107 193 107 193 107 193 107 193 107 193 107 193 107]",0xF2
748,21,"[136 173 46 120 67 45 42 57 206 180 160 28 75 109 79 132 113 117 205 206 207]",0xCC
749,65,"[196 197 198 199 200 201 202 203 204 205 206 207 208 209 210 211 212 213 214 215 216 217 218 219 220 221 222 223 224 225 226 227 228 229 230 231 232 233 234 235 236 237 238 239 240 241 242 243 244 245 246 247 248 249 250 251 252 253 254 255 0 1 2 3 4]",0x6E
750,90,"[127 160 0 65 43 181 213 185 19 118 230 81 205 143 250 94 106 41 40 220 104 158 192 112 244 240 174 254 0 2 17 241 154 237 8 9 10 11 12 13 14 15 16 17 18 19 20 21 44 220 107 197 132 135 174 85 242 102 101 181 162 254 217 72 25 27 92 122 163 219 104 139 153 142 23 29 227 172 173 208 21 106 63 169 55 177 99 112 209 89]",0x3C
751,87,"[154 153 152 151 150 149 148 147 146 145 144 143 142 141 140 139 138 137 136 135 134 133 132 131 130 129 128 127 126 125 124 123 122 121 120 119 118 117 116 115 114 113 112 111 110 109 108 107 106 105 104 103 102 101 100 99 98 97 96 95 94 93 92 91 90 89 88 87 86 85 84 83 82 81 80 79 78 77 76 75 74 73 72 71 70 69 68]",0xE3
752,42,"[29 30 31 32 33 34 35 36 37 38 39 40 41 42 43 44 45 46 47 48 49 50 51 52 53 54 55 56 57 58 59 60 61 62 63 64 65 66 67 68 69 70]",0x8A
753,599,"[146 41 146 41 146 41 146 41 146 41 146 41 146 41 146 41 146 41 146 41 146 41 146 41 146 41 146 41 146 41 146 41 146 41 146 41 146 41 146 41 146 41 146 41 146 41 146 41 146 41 146 41 146 41 146 41 146 41 146 41 146 41 146 41 146 41 146 41 146 41 146 41 146 41 146 41 146 41 146 41 146 41 146 41 146 41 146 41 146 41 146 41 146 41 146 41 146 41 146 41 146 41 146 41 146 41 146 41 146 41 146 41 146 41 146 41 146 41 146 41 146 41 146 41 146 41 146 41 146 41 146 41 146 41 146 41 146 41 146 41 146 41 146 41 146 41 146 41 146 41 146 41 146 41 146 41 146 41 146 41 146 41 146 41 146 41 146 41 146 41 146 41 146 41 146 41 146 41 146 41 146 41 146 41 146 41 146 41 146 41 146 41 146 41 146 41 146 41 146 41 146 41 146 41 146 41 146 41 146 41 146 41 146 41 146 41 146 41 146 41 146 41 146 41 146 41 146 41 146 41 146 41 146 41 146 41 146 41 146 41 146 41 146 41 146 41 146 41 146 41 146 41 146 41 146 41 146 41 146 41 146 41 146 41 146 41 146 41 146 41 146 41 146 41 146 41 146 41 146 41 146 41 146 41 146 41 146 41 146 41 146 41 146 41 146 41 146 41 146 41 146 41 146 41 146 41 146 41 146 41 146 41 146 41 146 41 146 41 146 41 146 41 146 41 146 41 146 41 146 41 146 41 146 41 146 41 146 41 146 41 146 41 146 41 146 41 146 41 146 41 146 41 146 41 146 41 146 41 146 41 146 41 146 41 146 41 146 41 146 41 146 41 146 41 146 41 146 41 146 41 146 41 146 41 146 41 146 41 146 41 146 41 146 41 146 41 146 41 146 41 146 41 146 41 146 41 146 41 146 41 146 41 146 41 146 41 146 41 146 41 146 41 146 41 146 41 146 41 146 41 146 41 146 41 146 41 146 41 146 41 146 41 146 41 146 41 146 41 146 41 146 41 146 41 146 41 146 41 146 41 146 41 146 41 146 41 146 41 146 41 146 41 146 41 146 41 146 41 146 41 146 41 146 41 146 41 146 41 146 41 146 41 146 41 146 41 146 41 146 41 146 41 146 41 146 41 146 41 146 41 146 41 146 41 146 41 146 41 146 41 146 41 146 41 146 41 146 41 146 41 146 41 146 41 146 41 146 41 146 41 146 41 146 41 146 41 146 41 146 41 146 41 146 41 146 41 146 41 146 41 146 41 146 41 146 41 146 41 146 41 146 41 146 41 146 41 146 41 146 41 146 41 146 41 146 41 146 41 146 41 146 41 146 41 146 41 146 41 146]",0x76
754,6,"[169 204 253 196 249 5]",0xFC
755,25,"[188 189 190 191 192 193 194 195 196 197 198 199 200 201 202 203 204 205 206 207 208 209 210 211 212]",0x1D
756,27,"[37 37 37 37 37 37 37 37 37 37 37 37 37 37 37 37 37 37 37 37 37 37 37 37 37 37 37]",0x6B
757,3,"[0 0 255]",0x35
758,770,"[75 192 255 143 0 0 0 255 0 136 255 255 0 64 0 0 255 0 0 59 0 126 0 96 255 255 255 221 0 255 255 206 255 255 0 221 255 0 255 255 229 226 0 0 242 0 255 0 255 73 0 255 255 255 161 0 255 0 207 255 0 255 16 255 18 72 255 0 0 255 186 255 0 0 166 0 255 0 0 0 248 255 255 0 0 0 188 0 255 242 0 255 255 255 0 255 0 255 0 255 255 0 0 255 255 255 107 255 0 59 0 255 255 255 255 0 64 0 255 228 82 0 255 37 215 73 0 0 255 255 210 154 0 0 104 255 0 255 255 0 0 255 255 0 0 255 185 251 151 0 78 0 228 0 128 255 0 0 123 0 0 0 193 0 255 208 0 255 39 58 0 255 0 0 211 0 203 255 0 255 55 0 255 255 0 255 255 52 0 255 0 255 255 0 145 255 0 0 158 108 255 255 0 124 207 255 255 0 0 0 131 0 221 0 251 0 255 0 255 0 0 255 255 0 79 0 255 255 0 0 172 102 255 0 0 0 12 255 255 0 191 0 255 255 234 107 255 255 0 0 0 0 18 255 72 255 255 255 0 0 255 0 0 255 217 0 0 255 134 255 0 255 0 255 0 255 93 158 23 255 255 182 0 255 0 0 0 139 0 255 0 255 255 255 255 0 0 101 166 100 0 255 255 255 59 187 21 66 0 255 255 0 255 255 255 0 46 53 255 255 0 132 0 227 255 255 255 0 0 0 228 217 0 20 141 0 255 0 255 0 0 0 255 255 0 0 54 199 115 0 0 144 227 0 58 0 255 0 255 88 0 255 0 255 255 84 255 255 109 0 255 255 255 255 255 123 0 182 255 38 206 0 209 164 0 163 0 0 225 24 0 0 218 0 255 161 9 0 255 0 255 0 255 0 0 0 255 0 0 0 0 255 255 204 255 255 255 0 194 0 255 0 178 240 255 255 0 35 0 255 255 0 238 255 255 84 199 5 255 255 0 169 255 217 0 255 255 255 0 17 127 0 0 203 255 255 148 255 21 255 0 237 255 0 0 41 0 255 188 0 0 172 0 50 0 198 0 0 233 0 114 0 255 0 0 8 255 0 255 255 255 255 172 255 0 174 0 0 0 0 255 119 255 2 255 55 0 36 252 104 171 41 150 255 0 0 255 0 0 45 0 154 218 254 255 0 255 0 54 255 102 0 0 151 255 255 53 0 88 0 0 56 210 0 176 255 0 255 255 0 208 255 255 255 217 0 255 0 32 255 255 0 255 57 26 0 130 149 255 3 255 0 255 0 0 255 255 250 255 255 13 255 0 42 255 255 255 106 161 255 255 0 94 0 0 156 0 0 59 196 255 182 0 0 255 255 0 0 0 255 0 0 255 0 255 0 120 255 255 255 255 255 255 255 150 165 0 255 255 255 0 255 0 112 255 203 255 227 0 57 0 255 0 0 255 186 255 0 0 0 0 0 255 255 176 255 0 88 255 0 182 255 255 255 251 255 0 255 255 109 255 0 13 53 255 255 255 66 31 255 255 0 255 0 82 137 0 255 0 57 0 0 0 196 0 243 240 0 190 204 255 0 255 102 81 9 0 0 0 182 255 255 0 0 255 0 255 255 255 0 26 0 0 6 105 203 255 255 48 255 0 255 0 0 255 255 40 0 138 0 93 255 113 110 255 83 175 155 0 232 0 0 0 255 255 255 0 0 217 73 0 100 93 255 149 243 231 255 134 255]",0x5B
759,59,"[71 72 73 74 75 76 77 78 79 80 81 82 83 84 85 86 87 88 89 90 91 92 93 94 95 96 97 98 99 100 101 102 103 104 105 106 107 108 109 110 111 112 113 114 115 116 117 118 119 120 121 122 123 124 125 126 127 128 129]",0x9D
760,80,"[244 21 78 76 187 171 15 38 81 180 80 134 95 147 160 132 99 225 205 255 105 9 166 200 239 225 132 95 56 208 93 154 130 67 201 76 201 104 7 196 230 30 149 18 252 126 216 216 216 216 216 216 216 216 216 216 216 216 216 114 58 157 155 67 54 112 115 32 70 41 19 224 135 170 236 93 179 171 253 11]",0xB5
761,100,"[209 86 7 71 209 86 7 71 209 86 7 71 209 86 7 71 209 86 7 71 209 86 7 71 209 86 7 71 209 86 7 71 209 86 7 71 209 86 7 71 209 86 7 71 209 86 7 71 209 86 7 71 209 86 7 71 209 86 7 71 209 86 7 71 209 86 7 71 209 86 7 71 209 86 7 71 209 86 7 71 209 86 7 71 209 86 7 71 209 86 7 71 209 86 7 71 209 86 7 71]",0xE5
762,5,"[132 200 34 35 94]",0x7A
763,5,"[127 128 129 130 131]",0xC2
764,6,"[23 112 112 150 130 86]",0x5A
765,5,"[195 194 193 192 191]",0x6D
766,695,"[0 0 255 0 0 0 7 255 0 255 32 151 195 255 0 0 236 0 0 128 255 0 255 255 255 255 255 7 255 255 0 119 255 255 148 79 255 10 7 255 0 255 0 0 255 213 255 0 45 255 0 195 255 0 188 212 255 66 0 0 0 255 60 199 0 253 255 0 142 0 255 153 255 255 255 255 233 0 245 0 255 120 255 40 40 0 0 255 255 255 36 132 255 255 255 255 255 114 0 247 0 162 4 15 0 70 255 255 0 0 0 30 255 255 179 197 255 0 0 255 255 166 0 255 255 255 207 255 245 255 255 127 196 255 255 255 255 0 142 255 0 255 10 128 255 0 255 37 0 255 252 255 0 2 0 0 255 255 0 52 0 255 69 0 56 0 255 255 92 68 255 186 174 229 0 0 0 0 255 244 186 0 255 0 0 255 0 0 0 201 255 255 149 0 143 255 255 73 0 0 160 255 4 0 255 37 0 0 93 192 205 255 255 255 92 84 255 0 26 255 222 255 119 0 145 63 0 255 16 0 0 0 255 242 17 255 0 22 12 255 255 255 213 119 167 0 255 0 0 255 0 255 4 0 123 0 255 185 255 0 0 0 48 94 255 0 0 255 0 255 205 255 255 181 0 255 0 0 255 18 255 255 0 255 255 255 0 255 255 182 255 7 255 0 150 255 0 52 0 255 0 222 255 0 0 223 0 255 0 0 0 255 0 0 4 215 224 255 76 157 255 132 0 55 74 255 255 81 145 0 170 0 80 255 0 0 122 255 255 228 255 0 255 0 196 255 0 0 0 198 0 144 0 255 255 52 252 100 0 255 197 106 255 255 0 255 149 255 225 54 251 0 75 18 179 186 0 255 0 0 82 255 150 255 56 255 0 0 255 0 53 255 255 109 255 16 248 0 0 0 0 118 0 255 86 29 255 0 0 255 255 6 0 255 73 255 65 0 255 0 65 80 7 0 109 0 255 255 0 0 0 255 255 255 0 39 255 255 176 255 255 255 135 5 255 255 56 255 255 255 0 255 0 0 0 127 0 255 0 124 255 0 69 255 155 0 0 255 0 0 0 182 129 0 255 0 58 0 180 255 207 52 255 255 0 0 0 255 0 205 255 255 39 24 115 255 0 255 218 255 255 0 0 255 0 255 255 255 255 255 0 68 0 0 255 255 255 0 255 255 234 0 72 0 255 0 0 255 0 255 0 0 255 255 231 0 255 239 0 0 255 0 255 0 146 255 255 0 0 255 194 255 255 38 255 0 96 0 255 0 255 255 85 0 163 255 0 21 255 236 128 143 0 153 0 255 226 0 0 255 255 66 255 255 255 255 255 0 255 0 0 82 0 0 0 0 11 12 164 0 255 255 0 0 212 255 0 0 255 0 255 255 216 232 0 0 255 86 107 255 0 153 255 92 0 255 5 65 29 255 88 240 255 0 86 105 255 255 0 0 132 255 187 255 255 255 252 113 0 0 195 0 0 255 42 255 132 0 255 0 74 0 244 43 88 76 255 255 255 198 255 0 255 255 64 41 255 0 0 255 0 18 0 255 0 95 255 255 0 255 222 255 0 255 255]",0x9B
767,289,"[127 212 127 212 127 212 127 212 127 212 127 212 127 212 127 212 127 212 127 212 127 212 127 212 127 212 127 212 127 212 127 212 127 212 127 212 127 212 127 212 127 212 127 212 127 212 127 212 127 212 127 212 127 212 127 212 127 212 127 212 127 212 127 212 127 212 127 212 127 212 127 212 127 212 127 212 127 212 127 212 127 212 127 212 127 212 127 212 127 212 127 212 127 212 127 212 127 212 127 212 127 212 127 212 127 212 127 212 127 212 127 212 127 212 127 212 127 212 127 212 127 212 127 212 127 212 127 212 127 212 127 212 127 212 127 212 127 212 127 212 127 212 127 212 127 212 127 212 127 212 127 212 127 212 127 212 127 212 127 212 127 212 127 212 127 212 127 212 127 212 127 212 127 212 127 212 127 212 127 212 127 212 127 212 127 212 127 212 127 212 127 212 127 212 127 212 127 212 127 212 127 212 127 212 127 212 127 212 127 212 127 212 127 212 127 212 127 212 127 212 127 212 127 212 127 212 127 212 127 212 127 212 127 212 127 212 127 212 127 212 127 212 127 212 127 212 127 212 127 212 127 212 127 212 127 212 127 212 127 212 127 212 127 212 127 212 127 212 127 212 127 212 127 212 127 212 127 212 127 212 127 212 127 212 127 212 127 212 127]",0xDF
768,793,"[158 157 156 155 154 153 152 151 150 149 148 147 146 145 144 143 142 141 140 139 138 137 136 135 134 133 132 131 130 129 128 127 126 125 124 123 122 121 120 119 118 117 116 115 114 113 112 111 110 109 108 107 106 105 104 103 102 101 100 99 98 97 96 95 94 93 92 91 90 89 88 87 86 85 84 83 82 81 80 79 78 77 76 75 74 73 72 71 70 69 68 67 66 65 64 63 62 61 60 59 58 57 56 55 54 53 52 51 50 49 48 47 46 45 44 43 42 41 40 39 38 37 36 35 34 33 32 31 30 29 28 27 26 25 24 23 22 21 20 19 18 17 16 15 14 13 12 11 10 9 8 7 6 5 4 3 2 1 0 255 254 253 252 251 250 249 248 247 246 245 244 243 242 241 240 239 238 237 236 235 234 233 232 231 230 229 228 227 226 225 224 223 222 221 220 219 218 217 216 215 214 213 212 211 210 209 208 207 206 205 204 203 202 201 200 199 198 197 196 195 194 193 192 191 190 189 188 187 186 185 184 183 182 181 180 179 178 177 176 175 174 173 172 171 170 169 168 167 166 165 164 163 162 161 160 159 158 157 156 155 154 153 152 151 150 149 148 147 146 145 144 143 142 141 140 139 138 137 136 135 134 133 132 131 130 129 128 127 126 125 124 123 122 121 120 119 118 117 116 115 114 113 112 111 110 109 108 107 106 105 104 103 102 101 100 99 98 97 96 95 94 93 92 91 90 89 88 87 86 85 84 83 82 81 80 79 78 77 76 75 74 73 72 71 70 69 68 67 66 65 64 63 62 61 60 59 58 57 56 55 54 53 52 51 50 49 48 47 46 45 44 43 42 41 40 39 38 37 36 35 34 33 32 31 30 29 28 27 26 25 24 23 22 21 20 19 18 17 16 15 14 13 12 11 10 9 8 7 6 5 4 3 2 1 0 255 254 253 252 251 250 249 248 247 246 245 244 243 242 241 240 239 238 237 236 235 234 233 232 231 230 229 228 227 226 225 224 223 222 221 220 219 218 217 216 215 214 213 212 211 210 209 208 207 206 205 204 203 202 201 200 199 198 197 196 195 194 193 192 191 190 189 188 187 186 185 184 183 182 181 180 179 178 177 176 175 174 173 172 171 170 169 168 167 166 165 164 163 162 161 160 159 158 157 156 155 154 153 152 151 150 149 148 147 146 145 144 143 142 141 140 139 138 137 136 135 134 133 132 131 130 129 128 127 126 125 124 123 122 121 120 119 118 117 116 115 114 113 112 111 110 109 108 107 106 105 104 103 102 101 100 99 98 97 96 95 94 93 92 91 90 89 88 87 86 85 84 83 82 81 80 79 78 77 76 75 74 73 72 71 70 69 68 67 66 65 64 63 62 61 60 59 58 57 56 55 54 53 52 51 50 49 48 47 46 45 44 43 42 41 40 39 38 37 36 35 34 33 32 31 30 29 28 27 26 25 24 23 22 21 20 19 18 17 16 15 14 13 12 11 10 9 8 7 6 5 4 3 2 1 0 255 254 253 252 251 250 249 248 247 246 245 244 243 242 241 240 239 238 237 236 235 234 233 232 231 230 229 228 227 226 225 224 223 222 221 220 219 218 217 216 215 214 213 212 211 210 209 208 207 206 205 204 203 202 201 200 199 198 197 196 195 194 193 192 191 190 189 188 187 186 185 184 183 182 181 180 179 178 177 176 175 174 173 172 171 170 169 168 167 166 165 164 163 162 161 160 159 158 157 156 155 154 153 152 151 150 149 148 147 146 145 144 143 142 141 140 139 138 137 136 135 134]",0x32
769,44,"[181 182 183 184 185 186 187 188 189 190 191 192 193 194 195 196 197 198 199 200 201 202 203 204 205 206 207 208 209 210 211 212 213 214 215 216 217 218 219 220 221 222 223 224]",0x9D
770,99,"[112 113 114 115 116 117 118 119 120 121 122 123 124 125 126 127 128 129 130 131 132 133 134 135 136 137 138 139 140 141 142 143 144 145 146 147 148 149 150 151 152 153 154 155 156 157 158 159 160 161 162 163 164 165 166 167 168 169 170 171 172 173 174 175 176 177 178 179 180 181 182 183 184 185 186 187 188 189 190 191 192 193 194 195 196 197 198 199 200 201 202 203 204 205 206 207 208 209 210]",0x16
771,43,"[8 223 96 0 0 148 255 255 255 255 0 255 255 167 144 217 255 255 195 0 255 255 22 0 0 255 0 255 103 0 255 5 157 128 0 255 189 255 255 255 0 186 255]",0x7D
772,98,"[0 1 2 3 4 5 6 7 8 9 10 11 12 13 14 15 16 17 18 19 20 21 22 23 24 25 26 27 28 29 30 31 32 33 34 35 36 37 38 39 40 41 42 43 44 45 46 47 48 49 50 51 52 53 54 55 56 57 58 59 60 61 62 63 64 65 66 67 68 69 70 71 72 73 74 75 76 77 78 79 80 81 82 83 84 85 86 87 88 89 90 91 92 93 94 95 96 97]",0x91
773,31,"[142 143 144 145 146 147 148 149 150 151 152 153 154 155 156 157 158 159 160 161 162 163 164 165 166 167 168 169 170 171 172]",0xD0
774,48,"[170 171 172 173 174 175 176 177 178 179 180 181 182 183 184 185 186 187 188 189 190 191 192 193 194 195 196 197 198 199 200 201 202 203 204 205 206 207 208 209 210 211 212 213 214 215 216 217]",0x24
775,67,"[121 214 187 44 170 55 43 29 180 253 173 181 200 227 68 154 55 134 53 16 22 249 1 176 227 100 181 89 135 239 10 68 27 126 197 250 39 35 248 68 68 68 68 68 68 68 68 68 68 68 68 68 68 68 68 68 68 68 68 68 68 68 68 30 89 37 249]",0x30
776,35,"[37 36 35 34 33 32 31 30 29 28 27 26 25 24 23 22 21 20 19 18 17 16 15 14 13 12 11 10 9 8 7 6 5 4 3]",0xFE
777,509,"[124 125 126 127 128 129 130 131 132 133 134 135 136 137 138 139 140 141 142 143 144 145 146 147 148 149 150 151 152 153 154 155 156 157 158 159 160 161 162 163 164 165 166 167 168 169 170 171 172 173 174 175 176 177 178 179 180 181 182 183 184 185 186 187 188 189 190 191 192 193 194 195 196 197 198 199 200 201 202 203 204 205 206 207 208 209 210 211 212 213 214 215 216 217 218 219 220 221 222 223 224 225 226 227 228 229 230 231 232 233 234 235 236 237 238 239 240 241 242 243 244 245 246 247 248 249 250 251 252 253 254 255 0 1 2 3 4 5 6 7 8 9 10 11 12 13 14 15 16 17 18 19 20 21 22 23 24 25 26 27 28 29 30 31 32 33 34 35 36 37 38 39 40 41 42 43 44 45 46 47 48 49 50 51 52 53 54 55 56 57 58 59 60 61 62 63 64 65 66 67 68 69 70 71 72 73 74 75 76 77 78 79 80 81 82 83 84 85 86 87 88 89 90 91 92 93 94 95 96 97 98 99 100 101 102 103 104 105 106 107 108 109 110 111 112 113 114 115 116 117 118 119 120 121 122 123 124 125 126 127 128 129 130 131 132 133 134 135 136 137 138 139 140 141 142 143 144 145 146 147 148 149 150 151 152 153 154 155 156 157 158 159 160 161 162 163 164 165 166 167 168 169 170 171 172 173 174 175 176 177 178 179 180 181 182 183 184 185 186 187 188 189 190 191 192 193 194 195 196 197 198 199 200 201 202 203 204 205 206 207 208 209 210 211 212 213 214 215 216 217 218 219 220 221 222 223 224 225 226 227 228 229 230 231 232 233 234 235 236 237 238 239 240 241 242 243 244 245 246 247 248 249 250 251 252 253 254 255 0 1 2 3 4 5 6 7 8 9 10 11 12 13 14 15 16 17 18 19 20 21 22 23 24 25 26 27 28 29 30 31 32 33 34 35 36 37 38 39 40 41 42 43 44 45 46 47 48 49 50 51 52 53 54 55 56 57 58 59 60 61 62 63 64 65 66 67 68 69 70 71 72 73 74 75 76 77 78 79 80 81 82 83 84 85 86 87 88 89 90 91 92 93 94 95 96 97 98 99 100 101 102 103 104 105 106 107 108 109 110 111 112 113 114 115 116 117 118 119 120]",0xA5
778,855,"[31 148 204 202 108 66 201 241 113 35 156 18 156 44 132 160 114 211 95 39 118 246 225 79 62 123 167 237 157 214 178 25 228 51 93 215 250 79 98 124 127 192 209 253 205 76 91 158 175 23 87 51 130 43 148 119 103 166 106 102 166 14 110 50 9 8 42 111 145 203 155 133 9 76 177 69 152 154 78 146 29 186 5 9 222 148 41 154 94 69 207 122 75 241 42 36 24 31 64 178 171 195 147 126 110 223 87 228 70 40 65 127 237 45 148 55 173 119 187 219 85 240 119 59 229 85 192 247 233 118 88 156 180 138 217 14 153 134 10 3 155 30 196 243 45 204 151 114 166 205 248 169 191 155 144 16 39 97 166 19 139 3 196 170 133 146 238 232 202 86 27 82 192 180 26 40 170 95 94 100 203 178 27 88 172 249 233 63 16 146 104 46 166 41 89 203 175 155 238 32 176 30 34 129 6 128 2 154 79 21 199 99 113 95 21 117 170 231 195 20 42 11 30 123 56 165 8 219 173 248 243 177 40 56 71 109 146 174 19 156 15 211 10 99 107 146 24 238 98 101 62 199 1 27 120 247 9 15 183 188 229 147 103 115 110 249 97 24 74 245 109 80 79 2 162 185 90 223 190 153 180 196 101 32 103 140 242 39 193 61 244 152 110 88 51 182 162 227 152 43 174 224 253 175 74 144 131 131 20 49 134 204 46 42 194 176 124 12 121 213 2 26 207 134 169 190 76 76 67 42 78 243 22 61 81 39 19 41 135 152 55 1 154 0 164 123 27 22 1 141 206 219 145 227 220 178 92 211 100 103 173 237 128 45 36 77 117 76 182 138 104 54 154 172 200 253 59 3 128 236 63 193 81 100 242 118 185 140 195 81 224 140 79 9 3 90 55 13 141 253 108 141 56 52 84 245 189 5 112 107 239 190 182 144 165 178 141 216 9 240 198 135 220 211 107 214 48 120 59 31 229 93 175 96 139 89 190 201 110 220 90 195 166 116 227 146 215 187 136 83 243 14 228 129 191 85 98 48 244 11 99 85 208 128 43 130 60 4 139 92 61 44 116 222 194 1 187 18 140 199 116 96 240 7 27 222 226 95 138 42 226 120 144 30 157 178 75 229 52 229 180 212 178 109 84 187 76 15 63 193 203 70 83 140 67 155 72 30 39 64 42 249 168 45 108 68 175 222 102 109 102 115 9 151 243 201 58 155 228 17 224 16 251 21 94 13 14 221 16 202 232 239 221 244 13 255 5 42 20 190 22 74 163 127 34 133 87 137 253 221 0 45 233 138 194 128 201 33 188 222 68 94 151 222 232 136 168 223 59 211 67 148 239 130 23 229 149 18 2 66 30 160 152 215 131 64 12 2 236 36 127 237 51 59 46 40 116 162 180 83 159 0 227 222 139 62 248 207 4 120 26 33 0 176 64 78 12 2 202 169 97 17 198 237 135 35 167 18 42 120 63 238 207 70 246 96 145 144 166 62 236 68 170 196 225 116 182 21 199 193 105 80 97 23 163 233 170 148 253 138 88 180 133 248 229 242 0 85 160 78 168 183 159 117 178 199 178 207 242 26 232 70 144 241 158 21 127 228 105 217 203 232 67 127 85 136 4 61 249 154 44 130 178 154 128 172 42 112 192 148 232 113 33 12 122 112 65 151 64 55 159 241 51 46 132 30 75 253 215 180 67 145 181 171 47 119 50 236 142 99 235 231 129 175 81 78 140 216 152 117 170 207 201 94 239 4 115 232 178 180 40 149 247 54 83 99 92 160 60 129 102 164 61 141 189 177 213 244 218 240 4 161 68 207 209 12 152 217 150 108 19 186 19 153 234 107 197 204 2 234 48 72 222 175 95 22 98 247 26 216 83 167 161 83 13 38 144 242 236 29 224 59 232 194 246 113 187 188 127 249 62 252 207 157 19]",0x5D
779,86,"[249 248 247 246 245 244 243 242 241 240 239 238 237 236 235 234 233 232 231 230 229 228 227 226 225 224 223 222 221 220 219 218 217 216 215 214 213 212 211 210 209 208 207 206 205 204 203 202 201 200 199 198 197 196 195 194 193 192 191 190 189 188 187 186 185 184 183 182 181 180 179 178 177 176 175 174 173 172 171 170 169 168 167 166 165 164]",0x7C
780,91,"[69 0 255 0 0 0 0 0 255 68 0 255 0 0 50 0 255 0 0 138 0 172 255 49 255 0 106 255 0 0 255 120 255 255 12 255 152 188 255 255 0 0 0 0 22 223 0 255 16 255 0 0 0 255 0 255 25 255 255 255 0 255 72 186 255 0 0 226 255 255 0 255 22 0 170 255 0 199 255 0 255 255 0 255 0 0 0 0 0 150 112]",0xF0
781,9,"[255 0 241 255 190 255 0 255 0]",0x02
782,251,"[255 240 0 0 255 255 50 84 0 0 178 50 142 255 24 235 0 244 14 150 255 130 0 255 64 92 0 255 255 255 255 0 0 0 255 0 0 255 0 0 255 255 50 255 255 242 255 0 209 113 125 25 0 255 255 209 255 142 107 0 35 0 255 221 0 255 255 60 0 255 237 0 0 255 186 126 2 235 150 0 0 255 0 255 0 255 255 0 36 255 255 255 124 90 216 0 255 255 0 0 255 255 255 110 255 255 0 255 230 255 127 255 255 255 84 255 143 0 1 0 0 255 53 255 255 0 0 255 0 255 173 0 0 248 0 186 236 255 161 255 113 0 72 0 0 255 0 0 255 255 0 105 161 130 0 255 255 216 0 255 0 0 172 255 0 255 38 158 255 0 255 165 255 255 0 255 0 99 255 0 255 255 255 0 255 81 255 255 93 0 255 0 60 156 255 255 71 0 206 0 0 0 255 0 0 0 255 0 96 245 58 255 0 255 158 255 232 255 0 0 255 255 255 165 255 0 82 255 0 0 255 255 136 255 255 0 4 255 191 255 0 0 116 99 0 255 109 255 255 255 0]",0xDE
783,6,"[97 126 97 126 97 126]",0x46
784,757,"[30 202 30 202 30 202 30 202 30 202 30 202 30 202 30 202 30 202 30 202 30 202 30 202 30 202 30 202 30 202 30 202 30 202 30 202 30 202 30 202 30 202 30 202 30 202 30 202 30 202 30 202 30 202 30 202 30 202 30 202 30 202 30 202 30 202 30 202 30 202 30 202 30 202 30 202 30 202 30 202 30 202 30 202 30 202 30 202 30 202 30 202 30 202 30 202 30 202 30 202 30 202 30 202 30 202 30 202 30 202 30 202 30 202 30 202 30 202 30 202 30 202 30 202 30 202 30 202 30 202 30 202 30 202 30 202 30 202 30 202 30 202 30 202 30 202 30 202 30 202 30 202 30 202 30 202 30 202 30 202 30 202 30 202 30 202 30 202 30 202 30 202 30 202 30 202 30 202 30 202 30 202 30 202 30 202 30 202 30 202 30 202 30 202 30 202 30 202 30 202 30 202 30 202 30 202 30 202 30 202 30 202 30 202 30 202 30 202 30 202 30 202 30 202 30 202 30 202 30 202 30 202 30 202 30 202 30 202 30 202 30 202 30 202 30 202 30 202 30 202 30 202 30 202 30 202 30 202 30 202 30 202 30 202 30 202 30 202 30 202 30 202 30 202 30 202 30 202 30 202 30 202 30 202 30 202 30 202 30 202 30 202 30 202 30 202 30 202 30 202 30 202 30 202 30 202 30 202 30 202 30 202 30 202 30 202 30 202 30 202 30 202 30 202 30 202 30 202 30 202 30 202 30 202 30 202 30 202 30 202 30 202 30 202 30 202 30 202 30 202 30 202 30 202 30 202 30 202 30 202 30 202 30 202 30 202 30 202 30 202 30 202 30 202 30 202 30 202 30 202 30 202 30 202 30 202 30 202 30 202 30 202 30 202 30 202 30 202 30 202 30 202 30 202 30 202 30 202 30 202 30 202 30 202 30 202 30 202 30 202 30 202 30 202 30 202 30 202 30 202 30 202 30 202 30 202 30 202 30 202 30 202 30 202 30 202 30 202 30 202 30 202 30 202 30 202 30 202 30 202 30 202 30 202 30 202 30 202 30 202 30 202 30 202 30 202 30 202 30 202 30 202 30 202 30 202 30 202 30 202 30 202 30 202 30 202 30 202 30 202 30 202 30 202 30 202 30 202 30 202 30 202 30 202 30 202 30 202 30 202 30 202 30 202 30 202 30 202 30 202 30 202 30 202 30 202 30 202 30 202 30 202 30 202 30 202 30 202 30 202 30 202 30 202 30 202 30 202 30 202 30 202 30 202 30 202 30 202 30 202 30 202 30 202 30 202 30 202 30 202 30 202 30 202 30 202 30 202 30 202 30 202 30 202 30 202 30 202 30 202 30 202 30 202 30 202 30 202 30 202 30 202 30 202 30 202 30 202 30 202 30 202 30 202 30 202 30 202 30 202 30 202 30 202 30 202 30 202 30 202 30 202 30 202 30 202 30 202 30 202 30 202 30 202 30 202 30 202 30 202 30 202 30 202 30 202 30 202 30 202 30 202 30 202 30 202 30 202 30 202 30 202 30 202 30 202 30 202 30 202 30 202 30 202 30 202 30 202 30 202 30 202 30 202 30 202 30 202 30 202 30 202 30 202 30 202 30 202 30 202 30 202 30 202 30 202 30 202 30 202 30 202 30 202 30 202 30 202 30 202 30 202 30 202 30 202 30 202 30 202 30 202 30 202 30 202 30]",0xD7
785,821,"[67 74 137 255 67 74 137 255 67 74 137 255 67 74 137 255 67 74 137 255 67 74 137 255 67 74 137 255 67 74 137 255 67 74 137 255 67 74 137 255 67 74 137 255 67 74 137 255 67 74 137 255 67 74 137 255 67 74 137 255 67 74 137 255 67 74 137 255 67 74 137 255 67 74 137 255 67 74 137 255 67 74 137 255 67 74 137 255 67 74 137 255 67 74 137 255 67 74 137 255 67 74 137 255 67 74 137 255 67 74 137 255 67 74 137 255 67 74 137 255 67 74 137 255 67 74 137 255 67 74 137 255 67 74 137 255 67 74 137 255 67 74 137 255 67 74 137 255 67 74 137 255 67 74 137 255 67 74 137 255 67 74 137 255 67 74 137 255 67 74 137 255 67 74 137 255 67 74 137 255 67 74 137 255 67 74 137 255 67 74 137 255 67 74 137 255 67 74 137 255 67 74 137 255 67 74 137 255 67 74 137 255 67 74 137 255 67 74 137 255 67 74 137 255 67 74 137 255 67 74 137 255 67 74 137 255 67 74 137 255 67 74 137 255 67 74 137 255 67 74 137 255 67 74 137 255 67 74 137 255 67 74 137 255 67 74 137 255 67 74 137 255 67 74 137 255 67 74 137 255 67 74 137 255 67 74 137 255 67 74 137 255 67 74 137 255 67 74 137 255 67 74 137 255 67 74 137 255 67 74 137 255 67 74 137 255 67 74 137 255 67 74 137 255 67 74 137 255 67 74 137 255 67 74 137 255 67 74 137 255 67 74 137 255 67 74 137 255 67 74 137 255 67 74 137 255 67 74 137 255 67 74 137 255 67 74 137 255 67 74 137 255 67 74 137 255 67 74 137 255 67 74 137 255 67 74 137 255 67 74 137 255 67 74 137 255 67 74 137 255 67 74 137 255 67 74 137 255 67 74 137 255 67 74 137 255 67 74 137 255 67 74 137 255 67 74 137 255 67 74 137 255 67 74 137 255 67 74 137 255 67 74 137 255 67 74 137 255 67 74 137 255 67 74 137 255 67 74 137 255 67 74 137 255 67 74 137 255 67 74 137 255 67 74 137 255 67 74 137 255 67 74 137 255 67 74 137 255 67 74 137 255 67 74 137 255 67 74 137 255 67 74 137 255 67 74 137 255 67 74 137 255 67 74 137 255 67 74 137 255 67 74 137 255 67 74 137 255 67 74 137 255 67 74 137 255 67 74 137 255 67 74 137 255 67 74 137 255 67 74 137 255 67 74 137 255 67 74 137 255 67 74 137 255 67 74 137 255 67 74 137 255 67 74 137 255 67 74 137 255 67 74 137 255 67 74 137 255 67 74 137 255 67 74 137 255 67 74 137 255 67 74 137 255 67 74 137 255 67 74 137 255 67 74 137 255 67 74 137 255 67 74 137 255 67 74 137 255 67 74 137 255 67 74 137 255 67 74 137 255 67 74 137 255 67 74 137 255 67 74 137 255 67 74 137 255 67 74 137 255 67 74 137 255 67 74 137 255 67 74 137 255 67 74 137 255 67 74 137 255 67 74 137 255 67 74 137 255 67 74 137 255 67 74 137 255 67 74 137 255 67 74 137 255 67 74 137 255 67 74 137 255 67 74 137 255 67 74 137 255 67 74 137 255 67 74 137 255 67 74 137 255 67 74 137 255 67 74 137 255 67 74 137 255 67 74 137 255 67 74 137 255 67 74 137 255 67 74 137 255 67 74 137 255 67 74 137 255 67 74 137 255 67 74 137 255 67 74 137 255 67 74 137 255 67 74 137 255 67 74 137 255 67 74 137 255 67 74 137 255 67 74 137 255 67 74 137 255 67 74 137 255 67 74 137 255 67 74 137 255 67]",0x36
786,86,"[60 88 166 29 32 37 169 29 101 40 97 182 71 158 63 188 198 79 6 33 125 97 88 148 41 116 52 251 12 4 144 16 207 209 110 214 189 34 220 223 82 198 229 190 24 24 251 138 164 233 1 109 144 0 159 217 14 205 250 235 137 220 197 209 101 121 61 13 152 79 128 246 16 223 22 167 87 25 193 178 163 247 6 111 144 91]",0x59
787,910,"[145 144 143 142 141 140 139 138 137 136 135 134 133 132 131 130 129 128 127 126 125 124 123 122 121 120 119 118 117 116 115 114 113 112 111 110 109 108 107 106 105 104 103 102 101 100 99 98 97 96 95 94 93 92 91 90 89 88 87 86 85 84 83 82 81 80 79 78 77 76 75 74 73 72 71 70 69 68 67 66 65 64 63 62 61 60 59 58 57 56 55 54 53 52 51 50 49 48 47 46 45 44 43 42 41 40 39 38 37 36 35 34 33 32 31 30 29 28 27 26 25 24 23 22 21 20 19 18 17 16 15 14 13 12 11 10 9 8 7 6 5 4 3 2 1 0 255 254 253 252 251 250 249 248 247 246 245 244 243 242 241 240 239 238 237 236 235 234 233 232 231 230 229 228 227 226 225 224 223 222 221 220 219 218 217 216 215 214 213 212 211 210 209 208 207 206 205 204 203 202 201 200 199 198 197 196 195 194 193 192 191 190 189 188 187 186 185 184 183 182 181 180 179 178 177 176 175 174 173 172 171 170 169 168 167 166 165 164 163 162 161 160 159 158 157 156 155 154 153 152 151 150 149 148 147 146 145 144 143 142 141 140 139 138 137 136 135 134 133 132 131 130 129 128 127 126 125 124 123 122 121 120 119 118 117 116 115 114 113 112 111 110 109 108 107 106 105 104 103 102 101 100 99 98 97 96 95 94 93 92 91 90 89 88 87 86 85 84 83 82 81 80 79 78 77 76 75 74 73 72 71 70 69 68 67 66 65 64 63 62 61 60 59 58 57 56 55 54 53 52 51 50 49 48 47 46 45 44 43 42 41 40 39 38 37 36 35 34 33 32 31 30 29 28 27 26 25 24 23 22 21 20 19 18 17 16 15 14 13 12 11 10 9 8 7 6 5 4 3 2 1 0 255 254 253 252 251 250 249 248 247 246 245 244 243 242 241 240 239 238 237 236 235 234 233 232 231 230 229 228 227 226 225 224 223 222 221 220 219 218 217 216 215 214 213 212 211 210 209 208 207 206 205 204 203 202 201 200 199 198 197 196 195 194 193 192 191 190 189 188 187 186 185 184 183 182 181 180 179 178 177 176 175 174 173 172 171 170 169 168 167 166 165 164 163 162 161 160 159 158 157 156 155 154 153 152 151 150 149 148 147 146 145 144 143 142 141 140 139 138 137 136 135 134 133 132 131 130 129 128 127 126 125 124 123 122 121 120 119 118 117 116 115 114 113 112 111 110 109 108 107 106 105 104 103 102 101 100 99 98 97 96 95 94 93 92 91 90 89 88 87 86 85 84 83 82 81 80 79 78 77 76 75 74 73 72 71 70 69 68 67 66 65 64 63 62 61 60 59 58 57 56 55 54 53 52 51 50 49 48 47 46 45 44 43 42 41 40 39 38 37 36 35 34 33 32 31 30 29 28 27 26 25 24 23 22 21 20 19 18 17 16 15 14 13 12 11 10 9 8 7 6 5 4 3 2 1 0 255 254 253 252 251 250 249 248 247 246 245 244 243 242 241 240 239 238 237 236 235 234 233 232 231 230 229 228 227 226 225 224 223 222 221 220 219 218 217 216 215 214 213 212 211 210 209 208 207 206 205 204 203 202 201 200 199 198 197 196 195 194 193 192 191 190 189 188 187 186 185 184 183 182 181 180 179 178 177 176 175 174 173 172 171 170 169 168 167 166 165 164 163 162 161 160 159 158 157 156 155 154 153 152 151 150 149 148 147 146 145 144 143 142 141 140 139 138 137 136 135 134 133 132 131 130 129 128 127 126 125 124 123 122 121 120 119 118 117 116 115 114 113 112 111 110 109 108 107 106 105 104 103 102 101 100 99 98 97 96 95 94 93 92 91 90 89 88 87 86 85 84 83 82 81 80 79 78 77 76 75 74 73 72 71 70 69 68 67 66 65 64 63 62 61 60 59 58 57 56 55 54 53 52 51 50 49 48 47 46 45 44 43 42 41 40 39 38 37 36 35 34 33 32 31 30 29 28 27 26 25 24 23 22 21 20 19 18 17 16 15 14 13 12 11 10 9 8 7 6 5 4]",0xF1
788,199,"[221 220 219 218 217 216 215 214 213 212 211 210 209 208 207 206 205 204 203 202 201 200 199 198 197 196 195 194 193 192 191 190 189 188 187 186 185 184 183 182 181 180 179 178 177 176 175 174 173 172 171 170 169 168 167 166 165 164 163 162 161 160 159 158 157 156 155 154 153 152 151 150 149 148 147 146 145 144 143 142 141 140 139 138 137 136 135 134 133 132 131 130 129 128 127 126 125 124 123 122 121 120 119 118 117 116 115 114 113 112 111 110 109 108 107 106 105 104 103 102 101 100 99 98 97 96 95 94 93 92 91 90 89 88 87 86 85 84 83 82 81 80 79 78 77 76 75 74 73 72 71 70 69 68 67 66 65 64 63 62 61 60 59 58 57 56 55 54 53 52 51 50 49 48 47 46 45 44 43 42 41 40 39 38 37 36 35 34 33 32 31 30 29 28 27 26 25 24 23]",0xDC
789,56,"[255 255 255 118 0 0 63 255 0 255 0 0 0 255 255 255 255 255 255 0 186 255 255 255 0 228 161 159 120 255 255 255 255 0 55 255 0 158 0 164 147 210 255 0 255 0 255 0 231 255 255 255 0 78 0 255]",0x96
790,8,"[57 58 59 60 61 62 63 64]",0x36
791,96,"[111 112 113 114 115 116 117 118 119 120 121 122 123 124 125 126 127 128 129 130 131 132 133 134 135 136 137 138 139 140 141 142 143 144 145 146 147 148 149 150 151 152 153 154 155 156 157 25 171 66 164 174 186 220 230 194 123 11 239 153 136 61 175 254 84 204 74 124 54 131 117 9 97 16 115 250 75 132 33 39 91 125 179 116 6 69 6 234 7 12 76 161 91 15 214 179]",0xC1
792,71,"[225 27 216 225 27 216 225 27 216 225 27 216 225 27 216 225 27 216 225 27 216 225 27 216 225 27 216 225 27 216 225 27 216 225 27 216 225 27 216 225 27 216 225 27 216 225 27 216 225 27 216 225 27 216 225 27 216 225 27 216 225 27 216 225 27 216 225 27 216 225 27]",0xB4
793,955,"[70 71 72 73 74 75 76 77 78 79 80 81 82 83 84 85 86 87 88 89 90 91 92 93 94 95 96 97 98 99 100 101 102 103 104 105 106 107 108 109 110 111 112 113 114 115 116 117 118 119 120 121 122 123 124 125 126 127 128 129 130 131 132 133 134 135 136 137 138 139 140 141 142 143 144 145 146 147 148 149 150 151 152 153 154 155 156 157 158 159 160 161 162 163 164 165 166 167 168 169 170 171 172 173 174 175 176 177 178 179 180 181 182 183 184 185 186 187 188 189 190 191 192 193 194 195 196 197 198 199 200 201 202 203 204 205 206 207 208 209 210 211 212 213 214 215 216 217 218 219 220 221 222 223 224 225 226 227 228 229 230 231 232 233 234 235 236 237 238 239 240 241 242 243 244 245 246 247 248 249 250 251 252 253 254 255 0 1 2 3 4 5 6 7 8 9 10 11 12 13 14 15 16 17 18 19 20 21 22 23 24 25 26 27 28 29 30 31 32 33 34 35 36 37 38 39 40 41 42 43 44 45 46 47 48 49 50 51 52 53 54 55 56 57 58 59 60 61 62 63 64 65 66 67 68 69 70 71 72 73 74 75 76 77 78 79 80 81 82 83 84 85 86 87 88 89 90 91 92 93 94 95 96 97 98 99 100 101 102 103 104 105 106 107 108 109 110 111 112 113 114 115 116 117 118 119 120 121 122 123 124 125 126 127 128 129 130 131 132 133 134 135 136 137 138 139 140 141 142 143 144 145 146 147 148 149 150 151 152 153 154 155 156 157 158 159 160 161 162 163 164 165 166 167 168 169 170 171 172 173 174 175 176 177 178 179 180 181 182 183 184 185 186 187 188 189 190 191 192 193 194 195 196 197 198 199 200 201 202 203 204 205 206 207 208 209 210 211 212 213 214 215 216 217 218 219 220 221 222 223 224 225 226 227 228 229 230 231 232 233 234 235 236 237 238 239 240 241 242 243 244 245 246 247 248 249 250 251 252 253 254 255 0 1 2 3 4 5 6 7 8 9 10 11 12 13 14 15 16 17 18 19 20 21 22 23 24 25 26 27 28 29 30 31 32 33 34 35 36 37 38 39 40 41 42 43 44 45 46 47 48 49 50 51 52 53 54 55 56 57 58 59 60 61 62 63 64 65 66 67 68 69 70 71 72 73 74 75 76 77 78 79 80 81 82 83 84 85 86 87 88 89 90 91 92 93 94 95 96 97 98 99 100 101 102 103 104 105 106 107 108 109 110 111 112 113 114 115 116 117 118 119 120 121 122 123 124 125 126 127 128 129 130 131 132 133 134 135 136 137 138 139 140 141 142 143 144 145 146 147 148 149 150 151 152 153 154 155 156 157 158 159 160 161 162 163 164 165 166 167 168 169 170 171 172 173 174 175 176 177 178 179 180 181 182 183 184 185 186 187 188 189 190 191 192 193 194 195 196 197 198 199 200 201 202 203 204 205 206 207 208 209 210 211 212 213 214 215 216 217 218 219 220 221 222 223 224 225 226 227 228 229 230 231 232 233 234 235 236 237 238 239 240 241 242 243 244 245 246 247 248 249 250 251 252 253 254 255 0 1 2 3 4 5 6 7 8 9 10 11 12 13 14 15 16 17 18 19 20 21 22 23 24 25 26 27 28 29 30 31 32 33 34 35 36 37 38 39 40 41 42 43 44 45 46 47 48 49 50 51 52 53 54 55 56 57 58 59 60 61 62 63 64 65 66 67 68 69 70 71 72 73 74 75 76 77 78 79 80 81 82 83 84 85 86 87 88 89 90 91 92 93 94 95 96 97 98 99 100 101 102 103 104 105 106 107 108 109 110 111 112 113 114 115 116 117 118 119 120 121 122 123 124 125 126 127 128 129 130 131 132 133 134 135 136 137 138 139 140 141 142 143 144 145 146 147 148 149 150 151 152 153 154 155 156 157 158 159 160 161 162 163 164 165 166 167 168 169 170 171 172 173 174 175 176 177 178 179 180 181 182 183 184 185 186 187 188 189 190 191 192 193 194 195 196 197 198 199 200 201 202 203 204 205 206 207 208 209 210 211 212 213 214 215 216 217 218 219 220 221 222 223 224 225 226 227 228 229 230 231 232 233 234 235 236 237 238 239 240 241 242 243 244 245 246 247 248 249 250 251 252 253 254 255 0]",0x79
794,68,"[90 91 92 93 94 95 96 97 98 99 100 101 102 103 104 105 106 107 108 109 110 111 112 113 114 115 116 117 118 119 120 121 122 123 124 125 126 127 128 129 130 131 132 133 134 135 136 137 138 139 140 141 142 143 144 145 146 147 148 149 150 151 152 153 154 155 156 157]",0x06
795,617,"[127 134 179 2 109 226 6 172 57 99 226 92 139 22 83 36 143 117 67 255 39 211 9 216 122 212 191 146 95 170 213 128 106 36 229 68 31 16 192 172 30 135 39 98 200 58 7 49 102 61 184 202 61 68 143 192 245 76 233 46 10 202 122 19 18 3 78 188 170 255 152 28 250 177 95 63 56 244 107 124 214 246 1 253 19 214 243 143 141 171 90 42 17 225 140 177 85 206 89 7 86 217 224 239 127 244 127 39 128 222 201 111 54 148 238 45 211 37 235 177 27 51 237 129 116 14 21 177 198 221 128 84 160 158 8 240 164 1 245 243 242 227 47 250 195 164 241 97 238 155 148 165 193 113 251 22 233 168 232 94 212 157 212 83 234 236 121 102 147 51 127 229 93 188 159 66 136 218 142 178 198 12 13 29 41 207 111 47 136 195 35 88 49 165 35 199 53 15 233 85 128 25 122 56 215 182 169 200 75 116 22 17 84 210 153 108 247 113 120 254 33 65 116 146 37 84 56 217 213 61 111 166 12 226 130 57 101 230 6 36 49 15 57 209 134 154 39 71 234 53 232 169 128 44 172 226 40 1 189 153 128 116 127 95 21 198 119 211 251 43 203 250 185 62 229 203 115 146 184 31 237 252 84 183 107 7 245 36 19 214 8 176 238 103 17 55 242 119 138 39 235 132 135 147 196 51 241 44 50 3 5 109 46 54 252 237 82 87 74 225 25 149 47 194 161 99 25 196 19 70 64 148 131 71 110 111 146 229 36 142 4 178 163 177 121 47 114 6 97 214 86 151 66 34 133 9 231 198 255 254 186 198 135 55 206 69 166 187 144 169 74 194 241 123 30 158 87 107 38 160 201 196 254 54 234 187 181 175 137 96 241 38 45 4 189 228 47 8 62 226 4 25 6 241 34 230 121 101 109 107 87 207 130 253 132 209 190 102 201 39 52 158 182 164 130 35 95 154 57 163 59 25 83 69 207 123 16 208 68 145 138 248 65 37 66 147 55 87 168 29 241 136 123 92 62 123 124 14 216 210 114 86 127 56 0 90 4 10 7 225 36 65 125 135 31 232 59 241 65 0 248 123 224 187 45 216 13 129 65 92 193 174 112 11 10 179 242 216 31 31 156 168 157 226 59 44 234 184 182 85 160 186 153 188 151 251 125 3 41 246 120 30 39 7 57 252 84 64 170 172 247 186 28 252 192 66 66 245 49 58 91 173 110 79 68 32 139 69 84 1 135 178 237 50 235 92 205 229 246 83 66 112 141 176 177 29 156 42 182 250 197 177 19 47 90 238 84 208 26 169 199 138 196 185 122 221 87 108 138 33 131 82 65 147 84 219 104 105 251 87 33 224 234 57 225 126 11 140 217 101 141 35 215 27 24 238 223]",0xE9
796,20,"[218 219 220 221 222 223 224 225 226 227 228 229 230 231 232 233 234 235 236 237]",0xC6
797,279,"[232 184 19 32 243 93 47 188 225 52 64 230 3 232 10 24 220 63 57 216 138 89 182 207 220 30 149 173 29 8 87 44 143 48 202 31 194 25 113 178 41 192 244 95 0 122 231 170 180 202 232 31 151 227 198 63 223 75 105 47 226 23 254 84 181 32 124 10 224 114 190 228 17 130 17 18 19 29 125 50 50 133 142 0 128 171 173 217 229 159 123 52 32 155 242 71 25 108 0 141 12 222 29 37 244 208 241 85 28 157 33 209 92 29 117 125 2 121 165 195 25 224 42 168 141 225 9 49 31 83 86 22 131 29 19 8 237 101 72 123 40 103 48 77 236 38 121 169 235 236 63 241 84 229 50 20 76 223 40 57 55 70 4 108 249 114 208 146 3 149 242 141 135 171 222 144 104 9 28 166 158 61 184 71 78 15 140 73 209 205 32 40 82 148 87 89 35 85 120 252 214 203 143 92 219 151 151 151 151 151 151 151 151 151 151 151 151 151 151 151 151 151 151 151 151 151 151 151 151 151 151 151 151 151 151 151 151 151 151 151 151 151 151 151 151 151 151 151 151 151 151 151 151 151 198 198 198 198 198 198 198 198 198 198 198 198 198 198 198 198 198 198 198 198 198 198 198 198 198]",0x75
798,91,"[27 28 29 30 31 32 33 34 35 36 37 38 39 40 41 42 43 44 45 46 47 48 49 50 51 52 53 54 55 56 57 58 59 60 61 62 63 64 65 66 67 68 69 70 71 72 73 74 75 76 77 78 79 80 81 82 83 84 85 86 87 88 89 90 91 92 93 94 95 96 97 98 99 100 101 102 103 104 105 106 107 108 109 110 111 112 113 114 115 116 117]",0xC1
799,552,"[31 18 31 18 31 18 31 18 31 18 31 18 31 18 31 18 31 18 31 18 31 18 31 18 31 18 31 18 31 18 31 18 31 18 31 18 31 18 31 18 31 18 31 18 31 18 31 18 31 18 31 18 31 18 31 18 31 18 31 18 31 18 31 18 31 18 31 18 31 18 31 18 31 18 31 18 31 18 31 18 31 18 31 18 31 18 31 18 31 18 31 18 31 18 31 18 31 18 31 18 31 18 31 18 31 18 31 18 31 18 31 18 31 18 31 18 31 18 31 18 31 18 31 18 31 18 31 18 31 18 31 18 31 18 31 18 31 18 31 18 31 18 31 18 31 18 31 18 31 18 31 18 31 18 31 18 31 18 31 18 31 18 31 18 31 18 31 18 31 18 31 18 31 18 31 18 31 18 31 18 31 18 31 18 31 18 31 18 31 18 31 18 31 18 31 18 31 18 31 18 31 18 31 18 31 18 31 18 31 18 31 18 31 18 31 18 31 18 31 18 31 18 31 18 31 18 31 18 31 18 31 18 31 18 31 18 31 18 31 18 31 18 31 18 31 18 31 18 31 18 31 18 31 18 31 18 31 18 31 18 31 18 31 18 31 18 31 18 31 18 31 18 31 18 31 18 31 18 31 18 31 18 31 18 31 18 31 18 31 18 31 18 31 18 31 18 31 18 31 18 31 18 31 18 31 18 31 18 31 18 31 18 31 18 31 18 31 18 31 18 31 18 31 18 31 18 31 18 31 18 31 18 31 18 31 18 31 18 31 18 31 18 31 18 31 18 31 18 31 18 31 18 31 18 31 18 31 18 31 18 31 18 31 18 31 18 31 18 31 18 31 18 31 18 31 18 31 18 31 18 31 18 31 18 31 18 31 18 31 18 31 18 31 18 31 18 31 18 31 18 31 18 31 18 31 18 31 18 31 18 31 18 31 18 31 18 31 18 31 18 31 18 31 18 31 18 31 18 31 18 31 18 31 18 31 18 31 18 31 18 31 18 31 18 31 18 31 18 31 18 31 18 31 18 31 18 31 18 31 18 31 18 31 18 31 18 31 18 31 18 31 18 31 18 31 18 31 18 31 18 31 18 31 18 31 18 31 18 31 18 31 18 31 18 31 18 31 18 31 18 31 18 31 18 31 18 31 18 31 18 31 18 31 18 31 18 31 18 31 18 31 18 31 18 31 18 31 18 31 18 31 18 31 18 31 18 31 18 31 18 31 18 31 18 31 18 31 18 31 18 31 18]",0x8E
800,96,"[231 203 206 181 151 31 147 90 26 205 139 190 122 141 182 63 216 107 181 83 179 11 237 201 170 82 215 196 115 50 44 124 200 182 126 52 61 14 45 3 172 150 252 195 63 181 3 252 157 30 127 240 217 76 101 218 230 234 242 128 220 88 214 88 155 119 228 17 242 118 123 211 170 244 139 143 248 237 53 78 160 240 144 187 24 133 37 66 42 42 253 76 144 5 206 174]",0x8C
801,14,"[3 19 104 3 19 104 3 19 104 3 19 104 3 19]",0x67
802,7,"[254 255 0 1 2 3 4]",0x99
803,24,"[107 207 112 36 125 86 128 100 165 205 226 189 90 114 164 56 179 166 168 85 154 50 48 196]",0xE9
804,60,"[199 199 199 199 199 199 199 199 199 199 199 199 199 199 199 199 199 199 199 199 199 199 199 199 199 199 199 199 199 199 199 199 199 199 199 199 199 199 199 199 199 199 199 199 199 199 199 199 199 199 199 199 199 199 199 199 199 199 199 199]",0x18
805,853,"[255 0 0 0 255 0 217 255 255 9 0 229 0 237 240 255 25 182 255 255 241 255 255 0 255 0 179 255 255 31 0 148 0 255 26 0 255 224 0 255 255 236 87 119 231 255 0 0 94 196 255 0 162 255 0 95 0 148 0 255 0 140 255 24 38 0 255 6 255 0 194 255 0 0 0 0 0 255 0 255 251 255 255 1 0 0 255 0 42 165 0 255 249 0 255 255 255 255 0 255 255 101 163 0 58 255 0 5 0 255 166 182 255 0 0 189 0 196 0 255 27 0 255 176 91 0 255 12 0 0 255 51 0 42 255 0 201 0 78 0 254 255 0 0 31 255 0 255 223 255 0 255 0 0 255 0 255 0 255 0 255 0 255 255 255 231 0 0 0 0 168 255 0 255 0 255 0 0 0 252 113 255 255 236 255 80 34 222 0 245 240 250 0 0 255 92 255 255 63 255 0 104 27 255 0 195 0 255 255 0 0 255 255 255 255 255 255 28 255 0 255 255 255 0 255 0 49 255 0 255 0 134 0 0 255 87 255 0 1 211 255 255 13 255 252 0 255 255 195 255 0 203 255 255 141 0 0 255 55 177 0 255 0 255 255 0 255 0 69 255 154 255 255 255 16 31 255 255 0 0 255 217 255 230 255 0 255 0 0 255 95 255 154 255 255 34 249 255 240 51 0 0 0 0 0 237 255 129 249 0 255 255 67 212 0 24 0 27 255 0 255 0 44 198 88 255 255 0 162 0 0 64 235 0 195 255 118 149 0 32 255 255 0 255 158 0 0 176 0 245 145 160 255 255 0 144 255 228 255 255 37 0 0 169 241 37 0 3 104 255 92 255 180 0 0 255 255 80 0 255 255 255 0 0 0 127 255 0 7 216 0 0 4 255 255 144 53 0 198 0 0 0 255 255 50 0 255 169 0 204 0 247 0 255 0 255 0 252 61 0 0 255 0 255 0 255 175 255 0 255 0 255 0 255 0 175 255 79 0 255 255 73 255 0 0 0 0 255 0 255 255 240 255 10 54 197 255 167 255 255 255 0 0 255 0 0 0 255 0 241 255 255 177 255 0 0 209 0 255 131 0 0 0 255 203 255 72 255 255 0 0 0 0 139 0 0 26 255 255 222 33 0 168 164 0 0 0 178 247 255 255 0 45 0 255 0 12 0 0 9 255 0 0 255 255 203 13 82 0 244 0 0 0 71 0 161 255 0 255 139 255 26 0 255 0 184 0 0 60 0 229 0 114 0 0 255 0 173 247 255 0 255 0 255 255 87 109 78 252 0 255 207 185 255 0 0 255 0 177 0 255 0 255 0 41 255 0 255 223 130 255 91 0 0 255 126 255 179 255 229 0 255 255 255 0 0 255 150 255 255 0 0 90 255 255 160 0 0 207 255 159 255 60 255 255 0 0 0 0 0 23 0 0 255 142 0 3 0 0 195 0 0 255 255 142 24 255 0 255 166 217 0 0 255 255 0 255 0 0 140 95 255 4 0 147 0 217 0 255 255 84 255 255 0 0 0 0 0 255 226 2 0 58 255 12 255 255 6 0 255 122 0 255 103 13 86 235 90 255 255 3 0 0 0 255 91 213 0 246 255 0 0 0 0 85 255 124 255 0 195 8 202 0 0 181 255 0 255 237 0 255 0 255 255 255 0 0 0 255 0 0 0 76 255 207 0 0 0 0 204 255 0 0 0 255 37 0 65 0 255 0 76 194 0 101 216 34 255 0 223 255 0 255 255 0 255 0 0 0 0 0 255 255 0 255 0 0 0 255 255 221 0 32 0 24 255 255 255 178 0 189 51 255 0 85 255 0 255 0 0 244 255 0 255 0 13 0 253 0 255 0 0 96 82 17 228 0 255 0 171 191 255 255 255 37 255 0 0 227 37 255 74 255 0 255 0 66 98 255 0 255 175 255]",0xC2
806,403,"[73 4 73 4 73 4 73 4 73 4 73 4 73 4 73 4 73 4 73 4 73 4 73 4 73 4 73 4 73 4 73 4 73 4 73 4 73 4 73 4 73 4 73 4 73 4 73 4 73 4 73 4 73 4 73 4 73 4 73 4 73 4 73 4 73 4 73 4 73 4 73 4 73 4 73 4 73 4 73 4 73 4 73 4 73 4 73 4 73 4 73 4 73 4 73 4 73 4 73 4 73 4 73 4 73 4 73 4 73 4 73 4 73 4 73 4 73 4 73 4 73 4 73 4 73 4 73 4 73 4 73 4 73 4 73 4 73 4 73 4 73 4 73 4 73 4 73 4 73 4 73 4 73 4 73 4 73 4 73 4 73 4 73 4 73 4 73 4 73 4 73 4 73 4 73 4 73 4 73 4 73 4 73 4 73 4 73 4 73 4 73 4 73 4 73 4 73 4 73 4 73 4 73 4 73 4 73 4 73 4 73 4 73 4 73 4 73 4 73 4 73 4 73 4 73 4 73 4 73 4 73 4 73 4 73 4 73 4 73 4 73 4 73 4 73 4 73 4 73 4 73 4 73 4 73 4 73 4 73 4 73 4 73 4 73 4 73 4 73 4 73 4 73 4 73 4 73 4 73 4 73 4 73 4 73 4 73 4 73 4 73 4 73 4 73 4 73 4 73 4 73 4 73 4 73 4 73 4 73 4 73 4 73 4 73 4 73 4 73 4 73 4 73 4 73 4 73 4 73 4 73 4 73 4 73 4 73 4 73 4 73 4 73 4 73 4 73 4 73 4 73 4 73 4 73 4 73 4 73 4 73 4 73 4 73 4 73 4 73 4 73 4 73 4 73 4 73 4 73 4 73 4 73 4 73 4 73 4 73 4 73 4 73 4 73 4 73 4 73 4 73 4 73]",0xA1
807,17,"[77 255 183 255 23 64 255 0 61 0 34 255 255 255 255 0 0]",0x41
808,992,"[255 0 255 255 255 255 255 255 0 0 255 0 255 255 0 0 154 29 0 170 0 227 0 255 255 255 0 255 255 255 120 255 142 255 255 255 83 255 255 0 0 17 255 255 0 255 255 255 0 150 0 31 0 255 26 164 0 255 0 53 255 255 0 0 234 0 255 0 231 49 253 0 0 255 0 0 255 0 255 78 255 0 0 255 255 0 255 0 56 0 255 242 0 0 0 0 143 0 255 0 95 0 30 18 0 0 0 255 255 212 255 0 153 255 255 0 174 123 204 0 47 158 0 0 255 255 255 125 202 255 255 57 0 152 0 117 0 0 63 255 0 255 247 0 255 233 203 255 0 255 0 0 255 9 255 0 157 255 255 77 255 0 255 255 255 0 14 161 149 111 255 8 255 255 255 0 202 178 255 55 255 140 255 163 71 255 0 0 255 0 119 0 255 0 0 0 54 0 22 255 228 0 0 180 145 255 0 176 255 0 32 0 37 0 0 164 255 76 0 0 20 255 223 0 0 1 0 81 0 255 30 255 255 24 72 255 0 34 255 255 0 0 0 136 0 47 188 255 0 207 255 85 0 255 0 0 16 0 255 148 219 255 143 160 255 255 0 110 0 0 213 255 0 7 229 197 181 0 255 184 0 166 255 95 0 30 48 115 0 0 255 6 0 41 255 0 255 0 255 0 19 0 255 109 0 19 0 0 15 0 255 255 255 0 0 255 255 0 0 121 255 255 234 255 0 177 234 0 255 255 0 255 0 87 174 85 255 0 48 255 7 255 255 255 0 40 237 148 255 187 255 255 178 0 0 0 0 255 12 122 255 122 255 0 255 255 145 255 255 255 255 0 255 255 0 255 255 76 0 255 255 0 255 86 108 8 141 0 255 0 129 255 255 14 255 48 255 255 17 183 161 255 255 0 0 124 6 0 0 0 0 179 31 0 255 0 255 164 255 255 0 0 57 255 0 255 0 255 255 255 0 255 246 0 107 255 255 255 252 255 255 0 255 63 0 255 232 255 255 78 0 255 0 255 0 223 0 255 33 0 255 246 0 101 255 0 0 176 244 0 226 255 0 74 0 0 255 0 0 0 0 0 0 0 255 0 255 255 255 255 255 255 0 46 255 255 255 255 0 209 0 166 0 255 0 0 0 0 0 0 0 127 0 212 255 255 239 255 255 233 255 84 0 0 0 255 0 0 0 45 255 0 0 255 0 253 255 255 247 194 0 255 0 255 0 137 167 207 97 255 13 255 255 0 141 255 255 0 121 128 0 255 255 255 0 0 255 255 0 0 41 95 255 0 255 255 0 0 0 0 0 0 134 0 0 255 255 255 255 0 0 0 255 0 9 0 255 255 255 236 255 231 255 0 0 255 0 255 0 0 0 0 6 255 255 255 255 0 0 38 0 0 255 255 255 0 255 221 0 7 6 2 255 0 255 226 0 255 0 6 0 221 255 153 0 255 0 15 232 0 0 255 0 255 243 12 0 255 0 0 105 0 190 255 255 255 0 0 57 218 0 255 125 0 253 255 121 255 103 0 255 255 0 0 67 108 0 255 28 152 255 255 255 0 255 0 0 199 61 236 0 0 255 82 255 255 0 101 0 0 255 0 0 255 255 255 124 255 168 0 160 223 0 0 0 0 82 0 255 0 70 131 0 69 255 255 255 0 0 255 0 193 0 0 0 255 0 255 127 252 0 220 243 0 255 65 255 0 0 0 0 255 255 0 0 48 255 14 0 0 61 255 0 126 255 255 0 255 21 169 255 255 0 103 255 0 0 255 163 67 47 0 255 120 0 23 17 0 0 255 255 0 255 0 255 0 75 0 255 0 0 255 255 0 186 255 255 255 0 245 255 14 255 255 188 171 0 181 255 0 0 199 0 255 0 255 255 255 0 255 0 75 0 0 50 255 255 0 0 255 166 255 39 255 255 255 255 255 255 0 27 121 255 255 145 239 0 104 255 163 255 9 255 0 0 0 255 0 150 255 0 0 255 60 255 0 255 255 200 0 245 255 250 255 0 0 0 0 74 0 255 0 0 0 163 255 255 0 0 0 255 31 239 255 222 255 0 73 0 229 0 0 255 0 0 255 0 0 246 255 0 255 255 0 124 255 157 193 255 0 12 0 0 255 255 255 55 0 231 255 255 0 255 255 0 217 95 255 255 0 255 0 255 255 255 0 0 255 0 255 205 0 255 0 89 255 0 0 255 255 119 255 230 0 32 0 213 0 14 255 148 255]",0xB2
809,3,"[69 68 67]",0x00
810,50,"[92 91 90 89 88 87 86 85 84 83 82 81 80 79 78 77 76 75 74 73 72 71 70 69 68 67 66 65 64 63 62 61 60 59 58 57 56 55 54 53 52 51 50 49 48 47 46 45 44 43]",0x33
811,57,"[122 123 124 125 126 127 128 129 130 131 132 133 134 135 136 137 138 139 140 141 142 143 144 145 146 147 148 149 150 151 152 153 154 155 156 157 158 159 160 161 162 163 164 165 166 167 168 169 170 171 172 173 174 175 176 177 178]",0xB7
812,772,"[32 33 34 35 36 37 38 39 40 41 42 43 44 45 46 47 48 49 50 51 52 53 54 55 56 57 58 59 60 61 62 63 64 65 66 67 68 69 70 71 72 73 74 75 76 77 78 79 80 81 82 83 84 85 86 87 88 89 90 91 92 93 94 95 96 97 98 99 100 101 102 103 104 105 106 107 108 109 110 111 112 113 114 115 116 117 118 119 120 121 122 123 124 125 126 127 128 129 130 131 132 133 134 135 136 137 138 139 140 141 142 143 144 145 146 147 148 149 150 151 152 153 154 155 156 157 158 159 160 161 162 163 164 165 166 167 168 169 170 171 172 173 174 175 176 177 178 179 180 181 182 183 184 185 186 187 188 189 190 191 192 193 194 195 196 197 198 199 200 201 202 203 204 205 206 207 208 209 210 211 212 213 214 215 216 217 218 219 220 221 222 223 224 225 226 227 228 229 230 231 232 233 234 235 236 237 238 239 240 241 242 243 244 245 246 247 248 249 250 251 252 253 254 255 0 1 2 3 4 5 6 7 8 9 10 11 12 13 14 15 16 17 18 19 20 21 22 23 24 25 26 27 28 29 30 31 32 33 34 35 36 37 38 39 40 41 42 43 44 45 46 47 48 49 50 51 52 53 54 55 56 57 58 59 60 61 62 63 64 65 66 67 68 69 70 71 72 73 74 75 76 77 78 79 80 81 82 83 84 85 86 87 88 89 90 91 92 93 94 95 96 97 98 99 100 101 102 103 104 105 106 107 108 109 110 111 112 113 114 115 116 117 118 119 120 121 122 123 124 125 126 127 128 129 130 131 132 133 134 135 136 137 138 139 140 141 142 143 144 145 146 147 148 149 150 151 152 153 154 155 156 157 158 159 160 161 162 163 164 165 166 167 168 169 170 171 172 173 174 175 176 177 178 179 180 181 182 183 184 185 186 187 188 189 190 191 192 193 194 195 196 197 198 199 200 201 202 203 204 205 206 207 208 209 210 211 212 213 214 215 216 217 218 219 220 221 222 223 224 225 226 227 228 229 230 231 232 233 234 235 236 237 238 239 240 241 242 243 244 245 246 247 248 249 250 251 252 253 254 255 0 1 2 3 4 5 6 7 8 9 10 11 12 13 14 15 16 17 18 19 20 21 22 23 24 25 26 27 28 29 30 31 32 33 34 35 36 37 38 39 40 41 42 43 44 45 46 47 48 49 50 51 52 53 54 55 56 57 58 59 60 61 62 63 64 65 66 67 68 69 70 71 72 73 74 75 76 77 78 79 80 81 82 83 84 85 86 87 88 89 90 91 92 93 94 95 96 97 98 99 100 101 102 103 104 105 106 107 108 109 110 111 112 113 114 115 116 117 118 119 120 121 122 123 124 125 126 127 128 129 130 131 132 133 134 135 136 137 138 139 140 141 142 143 144 145 146 147 148 149 150 151 152 153 154 155 156 157 158 159 160 161 162 163 164 165 166 167 168 169 170 171 172 173 174 175 176 177 178 179 180 181 182 183 184 185 186 187 188 189 190 191 192 193 194 195 196 197 198 199 200 201 202 203 204 205 206 207 208 209 210 211 212 213 214 215 216 217 218 219 220 221 222 223 224 225 226 227 228 229 230 231 232 233 234 235 236 237 238 239 240 241 242 243 244 245 246 247 248 249 250 251 252 253 254 255 0 1 2 3 4 5 6 7 8 9 10 11 12 13 14 15 16 17 18 19 20 21 22 23 24 25 26 27 28 29 30 31 32 33 34 35]",0xDD
813,1,"190",0x2D
814,19,"[237 236 235 234 233 232 231 230 229 228 227 226 225 224 223 222 221 220 219]",0x34
815,79,"[229 228 227 226 225 224 223 222 221 220 219 218 217 216 215 214 213 212 211 210 209 208 207 206 205 204 203 202 201 200 199 198 197 196 195 194 193 192 191 190 189 188 187 186 185 184 183 182 181 180 179 178 177 176 175 174 173 172 171 170 169 168 167 166 165 164 163 162 161 160 159 158 157 156 155 154 153 152 151]",0xCA
816,10,"[255 0 34 108 0 22 0 255 161 255]",0xFF
817,629,"[85 85 85 85 85 85 85 85 85 85 85 85 85 85 85 85 85 85 85 85 85 85 85 85 85 85 85 85 85 85 85 85 85 85 85 85 85 85 85 85 85 85 85 85 85 85 85 85 85 208 209 210 211 212 213 214 215 216 217 218 219 220 221 222 223 224 225 226 227 228 229 230 231 232 233 234 235 236 237 238 239 240 241 242 243 244 245 246 247 248 249 250 251 252 253 254 255 0 1 2 3 4 5 6 7 8 9 10 11 12 13 14 15 16 17 18 19 20 21 22 23 24 25 26 27 28 29 30 31 32 33 34 35 36 37 38 39 40 41 42 43 44 45 234 32 13 254 255 49 34 50 130 82 86 207 227 248 131 63 142 222 7 233 57 79 93 233 45 57 187 239 26 133 234 226 242 230 80 53 230 182 96 182 78 148 59 143 236 197 167 62 16 181 147 54 239 141 146 76 225 228 183 25 21 120 84 85 86 87 88 89 90 91 92 93 94 95 96 97 98 99 100 101 102 103 104 105 106 107 108 109 110 111 112 113 114 115 116 117 118 119 120 121 122 123 124 125 126 127 128 129 130 131 132 133 134 135 136 137 138 139 140 141 142 143 144 145 146 147 148 149 150 151 152 153 154 155 156 157 158 159 160 161 162 163 164 165 166 167 168 169 170 171 172 173 174 175 176 177 178 179 180 181 182 183 184 185 186 187 188 189 190 191 192 193 194 195 196 197 198 199 200 201 202 203 204 205 206 207 208 79 80 81 82 83 84 85 86 87 88 89 90 91 92 93 94 95 96 97 98 99 100 101 102 103 104 105 106 107 108 109 110 111 112 113 114 115 116 117 118 119 120 121 122 123 124 125 126 127 128 129 130 131 132 133 134 135 136 137 138 139 140 141 142 143 144 145 146 147 148 149 150 151 152 153 154 155 156 157 158 159 160 161 192 35 171 7 251 136 129 61 117 134 168 11 87 99 38 61 60 207 175 236 79 225 221 114 161 153 78 67 43 214 136 86 130 20 27 194 230 81 104 95 122 105 98 168 69 241 78 54 248 58 137 84 19 243 95 165 220 141 182 200 97 160 52 14 252 23 109 17 236 27 201 183 11 184 248 133 74 139 244 93 116 102 7 8 143 128 252 67 94 252 12 164 26 242 73 208 233 216 142 249 173 201 62 107 153 37 247 28 187 14 26 159 115 0 100 64 223 181 188 243 181 41 239 28 49 72 44 4 117 176 107 60 226 99 214 45 85 205 7 235 101 250 179 243 16 224 252 8 21 187 9 2 139 135 157 3 128 73 193 89 91 167 169 14 160 168 117 211 2 247 96 152 8 181 139 245 108 184 19 16 242 64 233 22 163 141 247 103 12 121 210 13 9 210 210 51 16 195 78 59 173 233 10 36 65 237 224 232 96 59 49 225 59 135 84 127]",0x0D
818,37,"[85 214 85 214 85 214 85 214 85 214 85 214 85 214 85 214 85 214 85 214 85 214 85 214 85 214 85 214 85 214 85 214 85 214 85 214 85]",0xE7
819,26,"[13 14 15 16 17 18 19 20 21 22 23 24 25 26 27 28 29 30 31 32 33 34 35 36 37 38]",0x27
820,71,"[25 26 27 28 29 30 31 32 33 34 35 36 37 38 39 40 41 42 43 44 45 46 47 48 49 50 51 52 53 54 55 56 57 58 59 60 61 62 63 64 65 66 67 68 69 70 71 72 73 74 75 76 77 78 79 80 81 82 83 84 85 86 87 88 89 90 91 92 93 94 95]",0x90
821,66,"[85 226 85 226 85 226 85 226 85 226 85 226 85 226 85 226 85 226 85 226 85 226 85 226 85 226 85 226 85 226 85 226 85 226 85 226 85 226 85 226 85 226 85 226 85 226 85 226 85 226 85 226 85 226 85 226 85 226 85 226 85 226 85 226 85 226]",0xD1
822,51,"[163 117 37 62 51 31 111 93 92 64 111 140 156 56 186 6 192 72 94 148 156 107 240 219 57 150 184 55 4 249 245 82 61 39 175 193 107 62 114 132 139 113 0 120 88 142 17 225 224 144 188]",0xAC
823,64,"[68 69 70 71 72 73 74 75 76 77 78 79 80 81 82 83 84 85 86 87 88 89 90 91 92 93 94 95 96 97 98 99 100 101 102 103 104 105 106 107 108 109 110 111 112 113 114 115 116 117 118 119 120 121 122 123 124 125 126 127 128 129 130 131]",0x88
824,643,"[20 37 13 182 212 42 83 122 106 107 108 109 110 111 112 113 114 115 116 117 118 119 120 121 122 123 124 125 126 127 128 129 130 131 132 133 134 135 136 137 138 139 140 141 142 143 144 145 146 147 148 149 150 151 152 153 154 155 156 157 158 159 160 161 162 163 164 165 166 167 168 169 170 171 172 173 174 175 176 177 178 179 180 181 182 183 184 42 25 113 252 203 75 6 105 41 46 41 184 9 144 192 40 228 20 174 44 206 146 150 88 72 118 193 43 208 122 115 4 31 110 251 64 2 111 4 86 90 0 199 233 255 130 78 183 188 97 144 210 48 5 138 170 147 152 100 166 10 38 113 241 164 90 117 216 138 12 106 99 230 78 16 90 11 213 151 120 92 106 201 46 18 143 219 143 203 228 19 150 213 164 151 201 181 128 11 157 54 65 173 115 183 100 222 109 126 32 128 61 195 182 4 126 11 145 230 221 62 35 202 139 108 207 64 57 156 69 109 116 52 15 196 200 153 38 121 45 225 178 8 0 251 10 221 244 78 138 165 133 54 148 66 42 129 95 7 243 10 231 48 36 17 108 231 200 40 42 2 176 4 35 162 38 39 59 98 2 190 198 93 204 72 252 101 171 82 115 165 88 168 37 123 69 235 211 124 116 213 176 174 140 220 48 220 133 159 246 108 171 133 238 124 65 123 234 128 37 138 99 166 61 82 132 30 53 205 240 248 239 241 210 188 59 113 101 186 121 92 208 191 94 107 228 187 176 182 26 144 74 21 187 77 79 163 170 121 142 217 27 16 167 154 47 133 190 187 152 33 77 103 201 139 187 236 159 60 35 0 44 68 69 170 38 111 1 66 10 181 90 122 194 220 132 166 188 73 181 167 113 87 249 252 177 98 192 173 139 33 242 59 100 87 39 6 238 189 5 176 33 185 129 250 110 191 10 239 143 80 32 164 191 21 42 98 218 251 190 1 231 6 229 105 189 22 42 115 9 99 192 167 90 2 69 198 87 96 18 154 159 110 194 224 192 139 239 97 167 147 215 127 141 116 35 226 220 179 89 90 9 19 131 12 25 64 95 125 83 240 243 14 252 44 84 214 176 14 169 243 232 249 116 180 246 0 201 13 255 3 142 133 78 187 65 74 46 182 43 229 73 132 121 179 59 214 188 87 30 129 251 6 216 179 46 121 160 178 235 223 84 30 26 247 244 209 250 70 211 128 204 156 216 101 253 56 172 205 149 74 143 129 48 195 68 213 54 128 177 254 69 162 39 209 220 227 242 91 170 80 205 106 142 34 217 123 163 171 70 203 213 132 231 41 106 11 102 255 118 107 176 12 90 136 123 164 35 103 162 77 156 245 238 185 45 200 114 243 156 55 79 81 70 197 86 50 152 118 5 71 9 196 243 128 142 216 4 41 167 189 160 240 100 142 244 230 7 90 189 0 220 128 22 113 126]",0x55
825,51,"[144 21 126 220 13 164 253 135 77 149 138 26 54 171 151 88 250 165 120 121 122 123 124 125 126 127 128 129 130 131 132 172 63 165 85 117 171 148 182 97 192 4 48 249 22 169 234 233 251 91 84]",0x7D
826,3,"[86 85 84]",0x98
827,69,"[14 205 202 98 151 60 94 9 70 4 108 133 126 87 52 116 222 251 80 249 111 156 205 92 53 69 214 239 32 177 8 223 219 198 211 154 37 234 36 57 110 127 24 194 35 167 115 207 75 214 64 147 124 90 3 101 30 57 176 146 134 144 30 42 138 104 118 225 47]",0x17
828,872,"[89 82 97 108 64 121 199 159 97 39 210 130 248 64 44 2 21 98 50 9 57 186 188 38 239 40 22 41 35 161 40 162 70 63 229 54 221 77 253 251 211 222 210 161 207 160 215 239 192 246 114 236 57 8 32 41 211 102 59 207 51 19 119 17 71 179 95 22 103 131 64 43 194 17 244 1 166 34 140 47 8 220 108 70 242 20 89 45 253 139 207 41 77 158 45 128 238 238 90 132 50 250 133 52 216 107 162 215 79 147 14 60 35 164 65 194 194 200 33 134 173 82 66 183 89 63 144 158 198 10 44 198 136 206 114 117 96 176 151 100 48 0 23 27 145 194 116 106 33 230 188 106 24 216 43 86 220 150 58 3 54 93 181 55 66 111 10 196 20 188 68 117 105 64 65 242 78 46 64 177 79 43 106 30 102 220 95 131 202 132 12 55 228 205 194 140 90 177 169 164 128 66 111 131 55 58 202 81 249 111 155 129 126 227 23 88 73 83 233 17 72 188 61 213 84 28 132 130 10 183 36 54 143 228 5 210 193 41 95 231 37 28 188 120 72 43 184 112 61 241 143 90 184 127 2 215 16 253 89 134 255 68 118 193 119 85 30 131 141 59 85 76 109 204 85 69 215 207 203 190 227 182 43 8 46 93 13 193 164 183 24 84 117 154 205 250 21 164 34 76 197 254 134 90 54 200 231 217 130 150 214 237 240 176 49 80 68 44 64 222 197 11 37 252 57 162 52 59 127 124 165 43 67 24 232 45 112 27 175 83 18 151 251 222 179 3 220 229 9 31 115 102 75 50 140 197 239 77 180 201 122 235 5 230 228 35 112 132 102 229 182 31 237 11 152 133 18 178 246 117 131 98 224 237 101 228 52 117 64 57 219 182 17 193 146 201 151 96 126 36 79 5 103 23 169 233 189 53 129 182 206 72 122 26 185 111 10 135 11 103 123 255 55 209 37 246 78 37 97 3 27 127 240 113 169 181 9 82 255 1 120 214 73 255 124 233 135 101 181 245 96 221 168 96 14 79 212 24 146 131 169 240 192 130 212 179 229 185 192 21 0 244 64 42 40 188 11 169 146 37 34 33 66 164 52 168 248 220 204 242 156 196 198 249 165 69 50 78 195 168 56 220 251 193 15 160 240 80 149 58 225 222 93 89 0 81 200 7 51 186 165 252 99 34 170 20 29 145 120 67 122 222 185 116 79 149 0 187 205 31 103 37 242 211 5 248 36 21 8 202 236 24 251 80 173 252 2 139 167 95 28 159 12 236 118 233 214 0 117 227 95 82 175 164 93 16 236 81 203 90 126 95 20 84 244 28 142 247 5 17 232 188 139 137 249 5 69 81 30 91 94 245 113 239 207 188 84 109 11 96 222 200 206 56 53 169 166 49 184 96 227 93 58 50 229 220 109 61 72 98 11 17 237 196 208 122 93 23 142 190 50 99 237 216 204 10 42 78 77 33 74 109 12 103 127 10 172 20 165 254 15 69 33 94 213 237 214 176 183 30 63 93 12 210 65 13 18 248 233 245 244 204 70 83 102 200 237 112 77 62 65 1 59 75 198 140 84 152 201 156 17 61 73 92 6 190 120 229 132 252 179 227 249 120 162 233 147 13 178 239 199 202 20 188 8 238 234 250 77 138 148 142 105 252 226 156 182 154 181 209 250 217 33 139 161 68 121 238 66 81 232 24 225 77 127 164 165 250 8 180 216 150 249 106 191 175 8 141 66 135 226 161 152 172 135 114 95 179 198 108 11 139 146 122 92 229 123 204 163 201 224 62 184 143 139 79 138 98 227 149 76 36 177 170 92 41 183 69 220 185 228 252 87 129 103 19 103 113 44 226 74 194 19 7 254 31 196 154 115 9 84 230 231 153 147 108 198 226 186 134 162 56 253 239 244 42 167 168 90 221 200 184 7 253 183 248 22 177 190 16 16 195 204 233 197 61 247 68 186 135 31 237]",0x5A
829,19,"[195 158 195 158 195 158 195 158 195 158 195 158 195 158 195 158 195 158 195]",0x9B
830,62,"[81 127 215 81 127 215 81 127 215 81 127 215 81 127 215 81 127 215 81 127 215 81 127 215 81 127 215 81 127 215 81 127 215 81 127 215 81 127 215 81 127 215 81 127 215 81 127 215 81 127 215 81 127 215 81 127 215 81 127 215 81 127]",0x47
831,11,"[215 216 217 218 219 220 221 222 223 224 225]",0xA4
832,77,"[37 145 184 201 164 193 42 168 108 234 157 138 148 212 2 220 7 149 128 94 32 31 189 29 175 253 174 19 138 213 244 186 79 64 200 194 124 22 172 151 3 164 33 211 172 13 136 206 212 21 20 198 59 152 155 161 86 10 137 131 110 71 215 94 32 194 162 79 38 112 16 57 246 38 70 35 233]",0xE6
833,154,"[202 203 204 205 206 207 208 209 210 211 212 213 214 215 216 217 218 219 220 221 222 223 224 225 226 227 228 229 230 231 232 233 234 235 236 237 238 239 240 241 242 243 240 90 110 89 16 14 194 72 124 250 4 132 132 255 213 17 40 8 50 54 23 134 249 205 52 200 251 213 119 68 191 201 75 57 172 227 5 252 49 89 13 14 69 144 230 17 139 106 253 47 94 8 234 159 150 12 25 202 140 50 140 247 248 198 36 208 190 146 198 36 184 164 72 176 173 61 37 92 102 210 111 188 118 17 167 229 132 179 199 119 63 220 212 220 211 34 106 49 39 200 123 23 103 254 54 101 152 51 247 162 58 114]",0xB0
834,22,"[22 12 138 22 12 138 22 12 138 22 12 138 22 12 138 22 12 138 22 12 138 22]",0x58
835,27,"[46 45 44 43 42 41 40 39 38 37 36 35 34 33 32 31 30 29 28 27 26 25 24 23 22 21 20]",0xCB
836,20,"[168 167 166 165 164 163 162 161 160 159 158 157 156 155 154 153 152 151 150 149]",0x6F
837,6,"[13 12 11 10 9 8]",0xE5
838,381,"[210 211 212 213 214 215 216 217 218 219 220 221 222 223 224 225 226 227 228 229 230 231 232 233 234 235 236 237 238 239 240 241 242 243 244 245 246 247 248 249 250 251 252 253 254 255 0 1 2 3 4 5 6 7 8 9 10 11 12 13 14 15 16 17 18 19 20 21 22 23 24 25 26 27 28 29 30 31 32 33 34 35 36 37 38 39 40 41 42 43 44 45 46 47 48 49 50 51 52 53 54 55 56 57 58 59 60 61 62 63 64 65 66 67 68 69 70 71 72 73 74 75 76 77 78 79 80 81 82 83 84 85 86 87 88 89 90 91 92 93 94 95 96 97 98 99 100 101 102 103 104 105 106 107 108 109 110 111 112 113 114 115 116 117 118 119 120 121 122 123 124 125 126 127 128 129 130 131 132 133 134 135 136 137 138 139 140 141 142 143 144 145 146 147 148 149 150 151 152 153 154 155 156 157 158 159 160 161 162 163 164 165 166 167 168 169 170 171 172 173 174 175 176 177 178 179 180 181 182 183 184 185 186 187 188 189 190 191 192 193 194 195 196 197 198 199 200 201 202 203 204 205 206 207 208 209 210 211 212 213 214 215 216 217 218 219 220 221 222 223 224 225 226 227 228 229 230 231 232 233 234 235 236 237 238 239 240 241 242 243 244 245 246 247 248 249 250 251 252 253 254 255 0 1 2 3 4 5 6 7 8 9 10 11 12 13 14 15 16 17 18 19 20 21 22 23 24 25 26 27 28 29 30 31 32 33 34 35 36 37 38 39 40 41 42 43 44 45 46 47 48 49 50 51 52 53 54 55 56 57 58 59 60 61 62 63 64 65 66 67 68 69 70 71 72 73 74 75 76 77 78]",0x0C
839,592,"[0 67 255 255 255 255 39 0 67 255 255 255 255 255 0 255 0 255 0 0 255 0 147 255 228 0 0 0 43 0 255 255 255 255 255 78 82 49 255 255 255 123 0 255 0 0 3 20 0 179 0 127 255 0 238 0 179 255 198 249 0 255 255 255 255 255 255 255 0 58 0 0 0 0 0 0 0 154 0 0 65 255 174 255 61 255 255 255 255 148 140 0 0 0 0 0 101 255 255 0 0 255 255 255 108 255 55 18 255 255 255 255 255 0 77 161 255 0 0 0 255 179 0 255 0 0 255 242 212 255 0 13 0 0 255 160 116 117 255 57 255 255 255 255 255 0 255 0 83 255 35 0 169 0 255 0 255 85 255 0 0 0 0 0 0 0 0 0 12 255 37 255 255 255 255 255 0 182 25 255 108 0 233 0 0 0 255 0 4 255 217 255 0 0 255 255 0 255 0 255 255 255 255 255 255 255 0 0 0 255 58 255 255 0 0 255 228 233 255 255 255 224 52 42 255 255 0 255 0 255 166 0 223 255 35 255 73 52 0 255 255 29 255 0 255 255 0 254 255 0 0 0 81 0 0 188 0 203 255 0 255 248 255 0 255 255 255 255 255 255 0 255 255 95 213 255 255 255 0 255 255 255 0 255 0 0 158 255 213 234 255 0 53 213 178 255 25 0 255 255 255 255 168 255 255 0 43 0 255 207 249 144 255 253 255 0 0 0 250 0 255 133 163 255 85 0 0 255 255 221 0 255 255 0 255 226 255 0 0 255 255 255 0 0 0 255 118 205 255 255 147 47 14 255 107 0 255 0 0 41 0 0 214 81 0 255 0 0 255 255 255 0 0 255 255 255 0 208 190 255 0 255 255 0 160 109 255 0 255 0 255 255 0 254 101 255 156 255 255 0 255 0 0 255 0 102 255 255 255 255 255 0 255 0 17 0 0 255 255 255 27 255 0 255 255 255 255 255 255 0 255 55 0 255 0 0 255 255 72 255 0 0 255 0 255 21 0 0 0 0 187 0 51 0 132 0 0 0 200 176 0 255 227 0 255 255 255 255 0 255 153 255 0 255 0 110 198 88 73 105 255 255 241 0 255 155 0 255 0 255 159 255 255 172 0 0 0 255 255 180 255 180 74 0 0 255 168 168 255 175 231 0 0 210 237 236 94 0 48 255 255 149 126 211 255 81 0 255 185 0 90 70 255 36 255 255 0 255 30 255 255 0 255 255 0 255 0 255 255 255 0 0 0 255 0 0 179 255 255 255 0 0 0 0 147 255 255 67 0 255 128 0 255 255 0 0 0 255 193 255 255 255 241 236 0 255 248 0 0 255 21 255]",0xC6
840,179,"[51 46 51 46 51 46 51 46 51 46 51 46 51 46 51 46 51 46 51 46 51 46 51 46 51 46 51 46 51 46 51 46 51 46 51 46 51 46 51 46 51 46 51 46 51 46 51 46 51 46 51 46 51 46 51 46 51 46 51 46 51 46 51 46 51 46 51 46 51 46 51 46 51 46 51 46 51 46 51 46 51 46 51 46 51 46 51 46 51 46 51 46 51 46 51 46 51 46 51 46 51 46 51 46 51 46 51 46 51 46 51 46 51 46 51 46 51 46 51 46 51 46 51 46 51 46 51 46 51 46 51 46 51 46 51 46 51 46 51 46 51 46 51 46 51 46 51 46 51 46 51 46 51 46 51 46 51 46 51 46 51 46 51 46 51 46 51 46 51 46 51 46 51 46 51 46 51 46 51]",0x66
841,844,"[31 91 124 141 84 207 131 254 31 46 205 141 92 105 144 21 195 114 105 145 193 237 242 109 17 3 180 20 99 169 255 57 2 10 57 254 19 191 38 52 21 58 29 4 204 48 30 69 192 57 138 55 99 133 194 72 114 164 70 56 145 243 232 153 108 144 205 23 199 168 68 224 20 235 99 207 39 145 8 71 212 116 168 206 135 149 196 30 18 159 249 165 180 168 155 50 215 147 250 17 76 25 219 209 197 173 27 103 180 92 183 73 139 90 235 113 73 14 37 144 179 152 174 158 231 77 154 245 1 69 194 120 43 146 131 116 87 13 154 132 149 0 21 42 114 206 62 206 60 191 223 209 189 9 84 50 121 90 158 144 110 196 3 221 0 115 225 107 193 103 217 255 229 14 37 138 246 104 70 247 181 197 28 67 128 188 88 52 111 108 223 239 43 71 201 62 67 173 130 180 18 129 172 121 32 34 150 36 77 112 151 67 103 94 24 205 190 200 37 132 84 89 16 242 240 104 218 84 143 190 133 41 97 194 199 86 138 53 64 37 112 184 225 139 166 68 51 143 8 23 161 51 116 239 220 16 15 37 29 64 95 21 117 135 169 104 75 164 233 101 75 183 224 245 56 77 231 69 88 163 145 224 156 125 18 249 108 146 128 188 165 87 133 211 162 244 193 124 206 113 54 161 90 6 54 42 203 186 157 239 45 41 232 165 142 189 72 152 109 78 224 41 4 91 50 207 239 240 241 242 243 244 245 246 247 248 249 250 251 252 253 254 255 0 1 2 3 4 5 6 7 8 9 10 11 12 13 14 15 16 17 18 19 20 21 22 23 24 25 26 27 28 29 30 31 32 33 34 35 36 37 38 39 40 41 42 43 44 45 46 47 48 49 50 51 52 53 54 55 56 57 58 59 60 61 62 63 64 65 66 67 68 69 70 71 72 73 74 75 76 77 78 79 80 81 82 83 84 85 86 87 88 89 90 91 92 93 94 95 96 97 98 99 100 101 102 103 104 105 106 107 108 109 110 111 112 113 114 115 116 117 118 119 120 121 122 123 124 125 126 127 128 129 130 131 132 133 134 135 136 227 228 229 230 231 232 233 234 235 236 237 238 239 240 241 242 243 244 245 246 247 248 249 250 251 252 253 254 255 0 1 2 3 4 5 6 7 8 9 10 11 12 13 14 15 16 17 18 19 20 21 22 23 24 25 26 27 28 29 30 31 32 33 34 35 36 37 12 13 14 15 16 17 18 19 20 21 22 23 24 25 26 27 28 29 30 31 32 33 34 35 36 37 38 39 40 41 42 43 44 45 46 47 48 49 50 51 52 53 54 55 56 57 58 59 60 61 62 63 64 65 66 67 68 69 70 71 72 73 74 75 76 77 78 79 80 81 82 83 84 85 86 87 88 89 90 91 92 93 94 95 96 97 98 99 100 101 102 103 104 105 106 107 108 109 110 111 112 113 114 115 116 117 118 119 120 121 122 123 124 125 126 127 128 129 130 131 132 133 134 135 136 137 138 139 140 141 142 143 144 145 146 147 148 149 150 151 152 153 154 155 156 157 158 159 160 161 162 163 164 165 166 167 168 169 170 171 172 173 174 175 176 177 178 179 180 181 182 183 184 185 186 187 188 189 190 191 192 193 194 195 196 197 198 199 200 201 202 203 204 205 206 207 208 209 210 211 212 213 214 215 216 217 218 219 220 221 222 223 224 225 226 227 228 229 230 231 232 233 234 235 236 237 238 239 240 241 242 243 244 245 246 247 248 249 250 251 252 253 254 255 0 1 2 3 4 5 6 7 8 9 10 11 12 91 153 164 239 243 126 53 63 25 71 233 93 161 251 27 198 179 209 35 128 161 194 182 146 120 241 46 52 28 28 223 155 239 227 76 164 97 224 187 31]",0x76
842,70,"[136 137 138 139 140 141 142 143 144 145 146 147 148 149 150 151 152 153 154 155 156 157 158 159 160 161 162 163 164 165 166 167 168 169 170 171 172 173 174 175 176 177 178 179 180 181 182 183 184 185 186 187 188 189 190 191 192 193 194 195 196 197 198 199 200 201 202 203 204 205]",0x04
843,72,"[184 86 116 123 49 241 0 95 32 92 26 96 49 141 3 129 72 82 90 167 193 84 236 191 103 25 143 157 34 218 97 39 133 108 164 44 5 121 40 40 173 66 215 131 155 82 57 40 181 176 126 200 205 113 166 233 20 3 121 84 22 38 65 25 81 33 159 178 198 222 0 45]",0x93
844,128,"[150 149 148 147 146 145 144 143 142 141 140 139 138 137 136 135 134 133 132 131 130 129 128 127 126 125 124 123 122 121 120 119 118 117 116 115 114 113 112 111 110 109 108 107 106 105 104 103 102 101 100 99 98 97 96 95 94 93 92 91 90 89 88 87 86 85 84 83 82 81 80 79 78 77 76 75 74 73 72 71 70 69 68 67 66 65 64 63 62 61 60 59 58 57 56 55 54 53 52 51 50 49 48 47 46 45 44 43 42 41 40 39 38 37 36 35 34 33 32 31 30 29 28 27 26 25 24 23]",0x67
845,97,"[154 153 152 151 150 149 148 147 146 145 144 143 142 141 140 139 138 137 136 135 134 133 132 131 130 129 128 127 126 125 124 123 122 121 120 119 118 117 116 115 114 113 112 111 110 109 108 107 106 105 104 103 102 101 100 99 98 97 96 95 94 93 92 91 90 89 88 87 86 85 84 83 82 81 80 79 78 77 76 75 74 73 72 71 70 69 68 67 66 65 64 63 62 61 60 59 58]",0x1D
846,106,"[202 120 56 251 105 45 189 167 209 0 88 80 236 89 134 0 206 29 225 188 142 191 202 192 169 225 108 144 248 95 192 100 120 85 39 114 71 165 28 139 146 50 245 152 56 213 78 186 160 40 24 155 171 33 44 12 34 150 51 142 142 142 142 142 142 142 142 142 142 216 146 33 98 66 66 65 107 33 64 179 211 3 21 218 54 79 86 221 41 208 119 176 187 29 79 58 32 163 177 36 196 73 96 254 49 30]",0x70
847,94,"[157 203 236 122 117 211 50 118 163 179 28 221 209 81 121 98 251 149 69 190 210 185 21 73 92 55 123 81 9 166 111 7 238 166 18 227 107 61 11 190 248 47 106 60 146 223 33 76 42 58 33 162 11 186 36 68 88 97 44 125 229 117 7 93 103 72 75 50 244 135 137 108 157 108 176 22 7 143 187 171 102 0 30 100 170 79 136 44 43 190 112 242 54 114]",0x66
848,3,"[233 232 231]",0x20
849,2,"[178 221]",0x39
850,30,"[1 129 1 129 1 129 1 129 1 129 1 129 1 129 1 129 1 129 1 129 1 129 1 129 1 129 1 129 1 129]",0x25
851,22,"[121 209 159 16 114 77 43 70 215 158 111 247 237 24 85 80 141 23 235 200 31 65]",0xB0
852,91,"[190 189 188 187 186 185 184 183 182 181 180 179 178 177 176 175 174 173 172 171 170 169 168 167 166 165 164 163 162 161 160 159 158 157 156 155 154 153 152 151 150 149 148 147 146 145 144 143 142 141 140 139 138 137 136 135 134 133 132 131 130 129 128 127 126 125 124 123 122 121 120 119 118 117 116 115 114 113 112 111 110 109 108 107 106 105 104 103 102 101 100]",0x01
853,10,"[116 135 154 73 116 135 154 73 116 135]",0x6C
854,963,"[134 134 134 134 134 134 134 134 134 134 134 134 134 134 134 134 134 134 134 134 134 134 134 134 134 134 134 134 134 134 134 134 134 134 134 134 134 134 134 134 134 134 134 134 134 134 134 134 134 134 134 134 134 134 134 134 134 134 134 134 134 134 134 134 134 134 134 134 134 134 134 134 134 134 134 134 134 134 134 134 134 134 134 134 134 134 134 134 134 134 134 134 134 134 134 134 134 134 134 134 134 134 134 134 134 134 134 134 134 134 134 134 134 134 134 134 134 134 134 134 134 134 134 134 134 134 134 134 134 134 134 134 134 134 134 134 134 134 134 134 134 134 134 134 134 134 134 134 134 134 134 134 134 134 134 134 134 134 134 134 134 134 134 134 134 134 134 134 134 134 134 134 134 134 134 134 134 134 134 134 134 134 134 134 134 134 134 134 134 134 134 134 134 134 134 134 134 134 134 134 134 134 134 134 134 134 134 134 134 134 134 134 134 134 134 134 134 134 134 134 134 134 134 134 134 134 134 134 134 134 134 134 134 134 134 134 134 134 134 134 134 134 134 134 134 134 134 134 134 134 134 134 134 134 134 134 134 134 134 134 134 134 134 134 134 134 134 134 134 134 134 134 134 134 134 134 134 134 134 134 134 134 134 134 134 134 134 134 134 134 134 134 134 134 134 134 134 134 134 134 134 134 134 134 134 134 134 134 134 134 134 134 134 134 134 134 134 134 134 134 134 134 134 134 134 134 134 134 134 134 134 134 134 134 134 134 134 134 134 134 134 134 134 134 134 134 134 134 134 134 134 134 134 134 134 134 134 134 134 134 134 134 134 134 134 134 134 134 134 134 134 134 134 134 134 134 134 134 134 134 134 134 134 134 134 134 134 134 134 134 134 134 134 134 134 134 134 134 134 134 134 134 134 134 134 134 134 134 134 134 134 134 134 134 134 134 134 134 134 134 134 134 134 134 134 134 134 134 134 134 134 134 134 134 134 134 134 134 134 134 134 134 134 134 134 134 134 134 134 134 134 134 134 134 134 134 134 134 134 134 134 134 134 134 134 134 134 134 134 134 134 134 134 134 134 134 134 134 134 134 134 134 134 134 134 134 134 134 134 134 134 134 134 134 134 134 134 134 134 134 134 134 134 134 134 134 134 134 134 134 134 134 134 134 134 134 134 134 134 134 134 134 134 134 134 134 134 134 134 134 134 134 134 134 134 134 134 134 134 134 134 134 134 134 134 134 134 134 134 134 134 134 134 134 134 134 134 134 134 134 134 134 134 134 134 134 134 134 134 134 134 134 134 134 134 134 134 134 134 134 134 134 134 134 134 134 134 134 134 134 134 134 134 134 134 134 134 134 134 134 134 134 134 134 134 134 134 134 134 134 134 134 134 134 134 134 134 134 134 134 134 134 134 134 134 134 134 134 134 134 134 134 134 134 134 134 134 134 134 134 134 134 134 134 134 134 134 134 134 134 134 134 134 134 134 134 134 134 134 134 134 134 134 134 134 134 134 134 134 134 134 134 134 134 134 134 134 134 134 134 134 134 134 134 134 134 134 134 134 134 134 134 134 134 134 134 134 134 134 134 134 134 134 134 134 134 134 134 134 134 134 134 134 134 134 134 134 134 134 134 134 134 134 134 134 134 134 134 134 134 134 134 134 134 134 134 134 134 134 134 134 134 134 134 134 134 134 134 134 134 134 134 134 134 134 134 134 134 134 134 134 134 134 134 134 134 134 134 134 134 134 134 134 134 134 134 134 134 134 134 134 134 134 134 134 134 134 134 134 134 134 134 134 134 134 134 134 134 134 134 134 134 134 134 134 134 134 134 134 134 134 134 134 134 134 134 134 134 134 134 134 134 134 134 134 134 134 134 134 134 134 134 134 134 134 134 134 134 134 134 134 134 134 134 134 134 134 134 134 134 134 134 134 134 134 134 134 134 134 134 134 134 134 134 134 134 134 134 134 134 134 134 134 134 134 134 134 134 134 134 134 134 134 134 134 134 134 134 134 134 134 134 134 134 134 134 134 134 134 134 134 134 134 134 134 134 134 134 134 134 134 134 134 134 134 134 134 134 134 134 134 134 134 134 134 134 134 134 134 134 134 134 134 134 134 134 134 134 134 134 134 134 134 134 134 134 134 134 134 134 134 134 134 134 134 134 134 134 134 134 134 134 134]",0x73
855,16,"[85 84 83 82 81 80 79 78 77 76 75 74 73 72 71 70]",0x66
856,804,"[244 58 204 164 137 238 155 219 211 172 125 25 39 136 85 53 247 219 110 222 15 25 242 176 195 213 13 183 91 209 99 196 230 86 120 137 176 216 53 242 201 35 85 64 40 165 16 153 211 92 125 36 184 232 187 31 88 44 150 184 249 128 163 27 39 59 13 104 243 167 111 126 37 24 66 78 31 177 236 44 214 76 155 22 61 40 41 238 93 50 43 172 183 250 160 117 57 10 225 201 203 82 91 200 176 166 142 94 189 92 188 48 151 91 212 132 159 21 126 199 220 184 107 65 99 143 1 233 87 203 136 169 194 73 155 192 197 106 186 77 31 28 129 98 59 100 105 141 14 232 95 157 78 194 117 82 246 221 46 179 193 8 246 59 232 167 131 201 172 189 219 120 108 230 204 4 167 231 174 141 45 243 160 25 237 132 40 57 247 111 107 124 179 93 107 191 118 182 246 246 114 59 64 209 20 10 174 232 59 13 229 90 140 214 64 153 253 189 101 196 5 55 190 67 32 75 43 107 31 214 199 78 133 218 237 23 184 34 5 20 147 96 30 121 130 201 169 119 83 0 213 68 54 188 18 67 111 113 40 10 120 91 72 69 129 5 27 83 122 177 75 170 99 198 123 138 111 34 43 102 25 35 159 162 32 218 219 97 127 205 195 92 81 170 93 176 33 172 200 231 116 143 73 38 44 216 138 96 221 29 152 202 31 30 8 241 177 18 171 77 27 254 46 204 225 135 249 30 245 18 122 218 141 149 41 251 59 219 244 71 187 20 189 123 30 229 173 43 136 83 181 160 48 61 180 172 79 122 119 31 158 67 117 18 157 214 145 152 172 50 17 218 216 139 50 209 56 220 108 14 209 143 81 115 226 52 26 200 159 222 80 143 10 216 48 29 124 190 53 59 80 207 191 69 65 232 157 57 35 16 63 184 95 247 83 38 45 125 239 230 46 193 192 42 76 19 19 113 123 8 247 124 201 162 158 77 227 76 243 10 29 186 155 183 164 134 7 207 130 27 49 169 19 222 202 78 226 226 214 78 167 115 137 104 1 2 197 242 58 139 78 122 30 185 132 79 169 130 103 136 244 17 236 32 52 250 207 90 103 76 57 15 8 128 135 194 24 131 236 218 136 34 39 122 158 250 212 106 89 3 1 121 17 40 250 183 115 219 45 99 75 254 230 134 108 255 52 104 182 180 147 243 63 145 207 59 223 163 97 165 237 252 72 232 9 1 154 123 120 59 152 4 111 93 49 130 176 208 118 61 53 148 99 81 133 142 59 96 181 99 113 163 48 221 86 176 76 165 71 191 26 78 145 162 35 81 26 213 251 72 123 129 42 170 132 131 14 20 246 240 4 138 16 203 12 140 158 24 152 241 24 175 69 70 139 237 59 254 23 240 4 41 249 68 1 226 233 190 240 68 165 190 249 229 15 86 157 218 71 2 47 108 15 10 102 165 181 136 111 4 67 171 115 67 58 4 211 224 93 179 16 227 232 40 199 121 174 121 20 215 21 92 252 109 209 43 212 118 130 247 226 89 243 26 6 136 197 56 20 216 252 177 249 213 64 28 207 168 208 183 129 240 192 2 180 139 35 111 134 119 111 161 168 178 194 213 146 18 93 0 152 249 211 124 181 189 152 226 82 172 16 35 240 139 193 222 239 22 179 161 153 37 197 80 56 181 55 127 81 210 244 211 101 41 178 231 102 10 31 97 127 74 124 245 19 205 116 167 248 117 24 211 67 231 20 58 247 225 56 198 22 40 46 11 124 100 150 176 152 71 21 187 79 63 176 113 52 196 206 252 119 9 132 5]",0xD8
857,258,"[135 135 135 135 135 135 135 135 135 135 135 135 135 135 135 135 135 135 135 135 135 135 135 135 135 135 135 135 135 135 135 135 135 135 135 135 135 135 135 135 135 135 135 135 85 148 146 40 106 20 153 59 235 68 201 149 175 230 217 32 239 35 80 133 238 160 223 241 191 123 99 70 129 12 58 91 218 96 61 200 241 32 82 154 50 162 60 138 180 201 204 198 35 253 197 26 178 120 109 173 42 139 152 108 155 169 88 118 65 197 188 207 179 5 48 99 59 136 229 188 68 101 13 1 108 186 220 110 46 66 114 166 138 215 4 253 237 38 12 158 184 121 71 163 162 37 204 21 118 100 118 118 134 70 120 25 45 22 47 1 9 203 50 133 84 84 84 84 84 84 84 84 84 84 84 84 84 84 84 84 84 84 84 84 84 84 84 84 84 124 132 117 68 174 12 72 169 8 6 95 64 179 193 9 111 241 80 50 133 115 56 58 175 82 252 74 140 18 137 117 89 45 209 214 206 140 85 44 209 11 46 102 49 149 185 232 53 71 183 55 98 192 96 37 68 20 172 11 146 243 220 18 182 176 76 27 218 141]",0x5C
858,513,"[66 67 68 69 70 71 72 73 74 75 76 77 78 79 80 81 82 83 84 85 86 87 88 89 90 91 92 93 94 95 96 97 98 99 100 101 102 103 104 105 106 107 108 109 110 111 112 113 114 115 116 117 118 119 120 121 122 123 124 125 126 127 128 129 130 131 132 133 134 135 136 137 138 139 140 141 142 143 144 145 146 147 148 149 150 151 152 153 154 155 156 157 158 159 160 161 162 163 164 165 166 167 168 169 170 171 172 173 174 175 176 177 178 179 180 181 182 183 184 185 186 187 188 189 190 191 192 193 194 195 196 197 198 199 200 201 202 203 204 205 206 207 208 209 210 211 212 213 214 215 216 217 218 219 220 221 222 223 224 225 226 227 228 229 230 231 232 233 234 235 236 237 238 239 240 241 242 243 244 245 246 247 248 249 250 251 252 253 254 255 0 1 2 3 4 5 6 7 8 9 10 11 12 13 14 15 16 17 18 19 20 21 22 23 24 25 26 27 28 29 30 31 32 33 34 35 36 37 38 39 40 41 42 43 44 45 46 47 48 49 50 51 52 53 54 55 56 57 58 59 60 61 62 63 64 65 66 67 68 69 70 71 72 73 74 75 76 77 78 79 80 81 82 83 84 85 86 87 88 89 90 91 92 93 94 95 96 97 98 99 100 101 102 103 104 105 106 107 108 109 110 111 112 113 114 115 116 117 118 119 120 121 122 123 124 125 126 127 128 129 130 131 132 133 134 135 136 137 138 139 140 141 142 143 144 145 146 147 148 149 150 151 152 153 154 155 156 157 158 159 160 161 162 163 164 165 166 167 168 169 170 171 172 173 174 175 176 177 178 179 180 181 182 183 184 185 186 187 188 189 190 191 192 193 194 195 196 197 198 199 200 201 202 203 204 205 206 207 208 209 210 211 212 213 214 215 216 217 218 219 220 221 222 223 224 225 226 227 228 229 230 231 232 233 234 235 236 237 238 239 240 241 242 243 244 245 246 247 248 249 250 251 252 253 254 255 0 1 2 3 4 5 6 7 8 9 10 11 12 13 14 15 16 17 18 19 20 21 22 23 24 25 26 27 28 29 30 31 32 33 34 35 36 37 38 39 40 41 42 43 44 45 46 47 48 49 50 51 52 53 54 55 56 57 58 59 60 61 62 63 64 65 66]",0x09
859,32,"[19 254 19 254 19 254 19 254 19 254 19 254 19 254 19 254 19 254 19 254 19 254 19 254 19 254 19 254 19 254 19 254]",0x81
860,232,"[123 124 125 126 127 128 129 130 131 132 133 134 135 136 137 138 139 140 141 142 143 144 145 146 147 148 149 150 151 152 153 154 155 156 157 158 159 160 161 162 163 164 165 166 167 168 169 170 171 172 173 174 175 176 177 178 179 180 181 182 183 184 185 186 187 188 189 190 191 192 193 194 195 196 197 198 199 200 201 202 203 204 205 206 207 208 209 210 211 212 213 214 215 216 217 218 219 220 221 222 223 224 225 226 227 228 229 230 231 232 233 234 235 236 237 238 239 240 241 242 243 244 245 246 247 248 249 250 251 252 253 254 255 0 1 2 3 4 5 6 7 8 9 10 11 12 13 14 15 16 17 18 19 20 21 22 23 24 25 26 27 28 29 30 31 32 33 34 35 36 37 38 39 40 41 42 43 44 45 46 47 48 49 50 51 52 53 54 55 56 57 58 59 60 61 62 63 64 65 66 67 68 69 70 71 72 73 74 75 76 77 78 79 80 81 82 83 84 85 86 87 88 89 90 91 92 93 94 95 96 97 98]",0x2B
861,5,"[81 78 97 197 160]",0x47
862,52,"[57 57 57 57 57 57 57 57 57 57 57 57 57 57 57 57 57 57 57 57 57 57 57 125 210 203 83 47 179 128 125 139 6 1 80 82 183 83 92 140 151 85 142 158 66 60 227 165 79 140 181 5]",0x97
863,746,"[238 14 238 14 238 14 238 14 238 14 238 14 238 14 238 14 238 14 238 14 238 14 238 14 238 14 238 14 238 14 238 14 238 14 238 14 238 14 238 14 238 14 238 14 238 14 238 14 238 14 238 14 238 14 238 14 238 14 238 14 238 14 238 14 238 14 238 14 238 14 238 14 238 14 238 14 238 14 238 14 238 14 238 14 238 14 238 14 238 14 238 14 238 14 238 14 238 14 238 14 238 14 238 14 238 14 238 14 238 14 238 14 238 14 238 14 238 14 238 14 238 14 238 14 238 14 238 14 238 14 238 14 238 14 238 14 238 14 238 14 238 14 238 14 238 14 238 14 238 14 238 14 238 14 238 14 238 14 238 14 238 14 238 14 238 14 238 14 238 14 238 14 238 14 238 14 238 14 238 14 238 14 238 14 238 14 238 14 238 14 238 14 238 14 238 14 238 14 238 14 238 14 238 14 238 14 238 14 238 14 238 14 238 14 238 14 238 14 238 14 238 14 238 14 238 14 238 14 238 14 238 14 238 14 238 14 238 14 238 14 238 14 238 14 238 14 238 14 238 14 238 14 238 14 238 14 238 14 238 14 238 14 238 14 238 14 238 14 238 14 238 14 238 14 238 14 238 14 238 14 238 14 238 14 238 14 238 14 238 14 238 14 238 14 238 14 238 14 238 14 238 14 238 14 238 14 238 14 238 14 238 14 238 14 238 14 238 14 238 14 238 14 238 14 238 14 238 14 238 14 238 14 238 14 238 14 238 14 238 14 238 14 238 14 238 14 238 14 238 14 238 14 238 14 238 14 238 14 238 14 238 14 238 14 238 14 238 14 238 14 238 14 238 14 238 14 238 14 238 14 238 14 238 14 238 14 238 14 238 14 238 14 238 14 238 14 238 14 238 14 238 14 238 14 238 14 238 14 238 14 238 14 238 14 238 14 238 14 238 14 238 14 238 14 238 14 238 14 238 14 238 14 238 14 238 14 238 14 238 14 238 14 238 14 238 14 238 14 238 14 238 14 238 14 238 14 238 14 238 14 238 14 238 14 238 14 238 14 238 14 238 14 238 14 238 14 238 14 238 14 238 14 238 14 238 14 238 14 238 14 238 14 238 14 238 14 238 14 238 14 238 14 238 14 238 14 238 14 238 14 238 14 238 14 238 14 238 14 238 14 238 14 238 14 238 14 238 14 238 14 238 14 238 14 238 14 238 14 238 14 238 14 238 14 238 14 238 14 238 14 238 14 238 14 238 14 238 14 238 14 238 14 238 14 238 14 238 14 238 14 238 14 238 14 238 14 238 14 238 14 238 14 238 14 238 14 238 14 238 14 238 14 238 14 238 14 238 14 238 14 238 14 238 14 238 14 238 14 238 14 238 14 238 14 238 14 238 14 238 14 238 14 238 14 238 14 238 14 238 14 238 14 238 14 238 14 238 14 238 14 238 14 238 14 238 14 238 14 238 14 238 14 238 14 238 14 238 14 238 14 238 14 238 14 238 14 238 14 238 14 238 14 238 14 238 14 238 14 238 14 238 14 238 14 238 14 238 14 238 14 238 14 238 14 238 14 238 14 238 14 238 14 238 14 238 14 238 14 238 14 238 14 238 14 238 14 238 14 238 14 238 14 238 14 238 14 238 14 238 14 238 14 238 14 238 14 238 14 238 14 238 14 238 14 238 14]",0xE3
864,574,"[120 119 118 117 116 115 114 113 112 111 110 109 108 107 106 105 104 103 102 101 100 99 98 97 96 95 94 93 92 91 90 89 88 87 86 85 84 83 82 81 80 79 78 77 76 75 74 73 72 71 70 69 68 67 66 65 64 63 62 61 60 59 58 57 56 55 54 53 52 51 50 49 48 47 46 45 44 43 42 41 40 39 38 37 36 35 34 33 32 31 30 29 28 27 26 25 24 23 22 21 20 19 18 17 16 15 14 13 12 11 10 9 8 7 6 5 4 3 2 1 0 255 254 253 252 251 250 249 248 247 246 245 244 243 242 241 240 239 238 237 236 235 234 233 232 231 230 229 228 227 226 225 224 223 222 221 220 219 218 217 216 215 214 213 212 211 210 209 208 207 206 205 204 203 202 201 200 199 198 197 196 195 194 193 192 191 190 189 188 187 186 185 184 183 182 181 180 179 178 177 176 175 174 173 172 171 170 169 168 167 166 165 164 163 162 161 160 159 158 157 156 155 154 153 152 151 150 149 148 147 146 145 144 143 142 141 140 139 138 137 136 135 134 133 132 131 130 129 128 127 126 125 124 123 122 121 120 119 118 117 116 115 114 113 112 111 110 109 108 107 106 105 104 103 102 101 100 99 98 97 96 95 94 93 92 91 90 89 88 87 86 85 84 83 82 81 80 79 78 77 76 75 74 73 72 71 70 69 68 67 66 65 64 63 62 61 60 59 58 57 56 55 54 53 52 51 50 49 48 47 46 45 44 43 42 41 40 39 38 37 36 35 34 33 32 31 30 29 28 27 26 25 24 23 22 21 20 19 18 17 16 15 14 13 12 11 10 9 8 7 6 5 4 3 2 1 0 255 254 253 252 251 250 249 248 247 246 245 244 243 242 241 240 239 238 237 236 235 234 233 232 231 230 229 228 227 226 225 224 223 222 221 220 219 218 217 216 215 214 213 212 211 210 209 208 207 206 205 204 203 202 201 200 199 198 197 196 195 194 193 192 191 190 189 188 187 186 185 184 183 182 181 180 179 178 177 176 175 174 173 172 171 170 169 168 167 166 165 164 163 162 161 160 159 158 157 156 155 154 153 152 151 150 149 148 147 146 145 144 143 142 141 140 139 138 137 136 135 134 133 132 131 130 129 128 127 126 125 124 123 122 121 120 119 118 117 116 115 114 113 112 111 110 109 108 107 106 105 104 103 102 101 100 99 98 97 96 95 94 93 92 91 90 89 88 87 86 85 84 83 82 81 80 79 78 77 76 75 74 73 72 71 70 69 68 67 66 65 64 63 62 61 60 59]",0x34
865,3,"[235 17 235]",0xE7
866,2,"[94 93]",0x8D
867,2,"[118 117]",0xDB
868,464,"[203 202 201 200 199 198 197 196 195 194 193 192 191 190 189 188 187 186 185 184 183 182 181 180 179 178 177 176 175 174 173 172 171 170 169 168 167 166 165 164 163 162 161 160 159 158 157 156 155 154 153 152 151 150 149 148 147 146 145 144 143 142 141 140 139 138 137 136 135 134 133 132 131 130 129 128 127 126 125 124 123 122 121 120 119 118 117 116 115 114 113 112 111 110 109 108 107 106 105 104 103 102 101 100 99 98 97 96 95 94 93 92 91 90 89 88 87 86 85 84 83 82 81 80 79 78 77 76 75 74 73 72 71 70 69 68 67 66 65 64 63 62 61 60 59 58 57 56 55 54 53 52 51 50 49 48 47 46 45 44 43 42 41 40 39 38 37 36 35 34 33 32 31 30 29 28 27 26 25 24 23 22 21 20 19 18 17 16 15 14 13 12 11 10 9 8 7 6 5 4 3 2 1 0 255 254 253 252 251 250 249 248 247 246 245 244 243 242 241 240 239 238 237 236 235 234 233 232 231 230 229 228 227 226 225 224 223 222 221 220 219 218 217 216 215 214 213 212 211 210 209 208 207 206 205 204 203 202 201 200 199 198 197 196 195 194 193 192 191 190 189 188 187 186 185 184 183 182 181 180 179 178 177 176 175 174 173 172 171 170 169 168 167 166 165 164 163 162 161 160 159 158 157 156 155 154 153 152 151 150 149 148 147 146 145 144 143 142 141 140 139 138 137 136 135 134 133 132 131 130 129 128 127 126 125 124 123 122 121 120 119 118 117 116 115 114 113 112 111 110 109 108 107 106 105 104 103 102 101 100 99 98 97 96 95 94 93 92 91 90 89 88 87 86 85 84 83 82 81 80 79 78 77 76 75 74 73 72 71 70 69 68 67 66 65 64 63 62 61 60 59 58 57 56 55 54 53 52 51 50 49 48 47 46 45 44 43 42 41 40 39 38 37 36 35 34 33 32 31 30 29 28 27 26 25 24 23 22 21 20 19 18 17 16 15 14 13 12 11 10 9 8 7 6 5 4 3 2 1 0 255 254 253 252]",0xC9
869,883,"[255 255 255 0 255 255 255 244 255 255 255 255 255 0 203 0 255 174 67 156 0 255 60 255 0 255 255 0 0 0 0 0 215 195 0 255 0 255 128 255 0 255 71 0 255 255 0 183 0 162 98 255 208 35 255 0 32 5 0 255 0 255 255 255 151 255 64 0 0 37 0 150 222 30 0 0 0 0 214 0 225 0 59 0 255 0 138 255 255 171 255 0 255 0 255 255 0 0 136 0 161 255 29 242 0 0 0 0 255 0 0 0 147 255 0 161 0 255 255 253 239 255 95 0 0 222 255 0 236 159 0 71 255 105 0 255 255 0 0 137 0 129 0 0 0 243 255 0 255 255 49 0 59 255 255 0 136 255 255 0 0 132 255 0 0 0 0 0 255 0 255 255 0 255 3 0 166 0 0 251 0 0 223 255 61 130 255 0 18 255 0 255 0 62 0 255 0 255 0 0 255 205 255 37 255 0 0 0 219 0 106 86 255 0 0 0 0 0 0 0 255 133 34 0 14 0 255 0 47 243 26 0 0 0 0 0 255 82 255 20 0 255 255 255 0 255 255 72 255 203 255 255 153 192 0 0 149 52 137 0 245 0 8 99 0 255 255 230 255 255 255 255 0 0 253 255 239 255 255 20 255 0 255 0 255 0 0 31 255 70 0 67 0 111 255 255 95 0 167 255 0 0 0 255 0 255 0 255 243 0 255 63 255 255 107 255 39 0 0 0 0 0 154 255 255 0 28 0 255 32 255 255 255 0 0 255 160 129 255 1 255 116 4 255 255 0 93 15 77 0 0 0 0 255 0 255 0 0 255 0 255 255 22 30 131 16 255 70 0 234 0 32 51 0 35 255 255 0 255 204 255 255 255 0 255 0 255 63 0 0 255 255 81 175 255 0 34 0 255 135 0 0 255 255 255 255 255 133 0 0 0 255 84 0 255 255 255 0 255 187 255 255 255 255 103 255 138 255 255 0 255 0 157 0 0 0 5 255 255 68 0 139 255 255 255 255 244 0 255 255 255 255 0 0 0 0 255 57 255 0 225 0 68 0 108 255 0 0 0 255 0 31 24 230 0 255 255 78 209 49 0 0 4 255 0 255 0 255 0 255 0 0 0 0 255 8 211 156 194 255 255 2 255 0 255 255 255 255 255 0 252 255 255 255 0 255 39 100 255 0 255 255 255 46 255 0 255 0 236 0 0 0 14 255 0 0 0 0 0 252 0 255 0 0 255 255 175 0 75 255 255 0 0 149 65 0 0 255 0 134 0 0 0 255 255 0 0 255 0 255 0 0 0 220 255 234 0 0 0 0 255 255 255 135 255 139 49 255 145 255 204 27 196 0 0 0 255 39 188 0 121 255 255 0 0 255 0 255 255 61 0 255 0 255 88 151 173 0 194 0 202 0 255 157 255 255 11 255 0 255 255 255 255 135 102 0 255 255 133 123 7 127 255 255 64 0 251 255 255 48 255 0 66 255 0 255 0 0 151 0 0 86 255 202 0 255 0 0 73 255 0 255 151 124 0 255 147 163 176 4 226 186 46 0 0 246 122 255 41 255 239 255 87 255 255 106 255 0 0 255 255 37 244 35 202 124 39 255 220 44 157 240 255 54 36 255 8 179 0 0 255 80 168 23 62 255 132 255 255 0 0 255 109 0 0 52 91 99 255 0 0 0 255 62 0 140 235 255 81 121 194 0 0 255 255 255 255 0 0 255 253 31 0 255 39 255 0 32 0 0 38 255 255 255 178 255 0 89 0 238 19 0 255 32 255 0 255 145 0 255 160 0 255 0 0 133 0 255 0 255 0 106 255 255 0 120 255 255 138 0 84 255 175 0 0 143 255 27 255 6 0 255 0 255 255 186 43 44 201 255 255 255 0 255 255 0 0 0 255 0 255 255 0 0 0 255 0 0 62 255 255 255 201 0 0 255 255 223 255 255 76 0 140 255 255 255 116 255 32 0 51 131 98 250 0 0 0 57 255 255 255 149 0]",0x45
870,197,"[168 229 245 222 141 138 94 230 212 199 199 217 235 210 208 169 117 141 137 210 68 92 142 252 125 32 172 157 216 218 66 11 167 36 252 237 185 13 54 83 14 211 19 52 81 84 67 250 245 158 32 180 249 255 157 48 212 159 115 38 61 148 66 122 183 252 11 203 32 241 197 101 131 173 143 250 255 14 191 202 234 151 65 171 82 87 156 73 177 218 252 43 116 189 147 16 89 203 126 177 163 241 219 88 127 121 71 158 66 40 73 121 29 173 222 223 38 19 208 249 87 168 167 175 146 65 20 3 46 30 23 12 140 14 255 128 230 124 34 215 60 10 48 153 111 41 136 243 186 17 81 177 35 137 139 22 155 166 234 157 192 228 118 40 30 244 140 174 156 144 143 121 226 30 183 174 15 55 201 59 147 21 57 228 206 82 145 136 252 88 167 176 160 122 200 196 245]",0xA9
871,294,"[219 218 217 216 215 214 213 212 211 210 209 208 207 206 205 204 203 202 201 200 199 198 197 196 195 194 193 192 191 190 189 188 187 186 185 184 183 182 181 180 179 178 177 176 175 174 173 172 171 170 169 168 167 166 165 164 163 162 161 160 159 158 157 156 155 154 153 152 151 150 149 148 147 146 145 144 143 142 141 140 139 138 137 136 135 134 133 132 131 130 129 128 127 126 125 124 123 122 121 120 119 118 117 116 115 114 113 112 111 110 109 108 107 106 105 104 103 102 101 100 99 98 97 96 95 94 93 92 91 90 89 88 87 86 85 84 83 82 81 80 79 78 77 76 75 74 73 72 71 70 69 68 67 66 65 64 63 62 61 60 59 58 57 56 55 54 53 52 51 50 49 48 47 46 45 44 43 42 41 40 39 38 37 36 35 34 33 32 31 30 29 28 27 26 25 24 23 22 21 20 19 18 17 16 15 14 13 12 11 10 9 8 7 6 5 4 3 2 1 0 255 254 253 252 251 250 249 248 247 246 245 244 243 242 241 240 239 238 237 236 235 234 233 232 231 230 229 228 227 226 225 224 223 222 221 220 219 218 217 216 215 214 213 212 211 210 209 208 207 206 205 204 203 202 201 200 199 198 197 196 195 194 193 192 191 190 189 188 187 186 185 184 183 182]",0x5D
872,229,"[201 86 45 39 22 238 124 247 198 244 222 149 57 65 95 6 170 142 25 211 210 30 52 64 134 241 170 174 74 159 54 182 60 3 134 76 161 190 208 251 142 123 62 191 123 110 110 110 110 110 110 110 110 110 110 110 110 110 110 110 110 110 110 110 110 110 110 110 110 110 110 110 110 110 110 110 110 110 110 110 110 110 110 110 110 110 110 110 110 110 110 110 110 110 110 110 250 250 250 250 250 250 250 250 250 250 250 250 250 250 250 250 250 250 250 250 250 250 250 250 250 250 250 250 250 250 250 250 250 250 250 250 250 250 250 250 250 250 250 250 250 250 250 250 250 250 250 250 250 250 250 250 250 250 250 250 250 250 250 250 250 250 250 250 250 106 107 108 109 110 111 112 113 114 115 116 117 118 119 120 121 122 123 124 125 126 127 128 129 130 131 132 133 134 135 136 137 138 139 140 141 142 143 144 145 146 147 148 149 150 151 152 153 154 155 156 157 158 159 160 161 162 163 164 165 166 167 168 169]",0xDF
873,26,"[161 157 161 157 161 157 161 157 161 157 161 157 161 157 161 157 161 157 161 157 161 157 161 157 161 157]",0x82
874,165,"[177 53 177 53 177 53 177 53 177 53 177 53 177 53 177 53 177 53 177 53 177 53 177 53 177 53 177 53 177 53 177 53 177 53 177 53 177 53 177 53 177 53 177 53 177 53 177 53 177 53 177 53 177 53 177 53 177 53 177 53 177 53 177 53 177 53 177 53 177 53 177 53 177 53 177 53 177 53 177 53 177 53 177 53 177 53 177 53 177 53 177 53 177 53 177 53 177 53 177 53 177 53 177 53 177 53 177 53 177 53 177 53 177 53 177 53 177 53 177 53 177 53 177 53 177 53 177 53 177 53 177 53 177 53 177 53 177 53 177 53 177 53 177 53 177 53 177 53 177 53 177 53 177 53 177 53 177 53 177 53 177 53 177 53 177]",0x18
875,19,"[172 173 174 175 176 177 178 179 180 181 182 183 184 185 186 187 188 189 190]",0x13
876,769,"[150 151 152 153 154 155 156 157 158 159 160 161 162 163 164 165 166 167 168 169 170 171 172 173 174 175 176 177 178 179 180 181 182 183 184 185 186 187 188 189 190 191 192 193 194 195 196 197 198 199 200 201 202 203 204 205 206 207 208 209 210 211 212 213 214 215 216 217 218 219 220 221 222 223 224 225 226 227 228 229 230 231 232 233 234 235 236 237 238 239 240 241 242 243 244 245 246 247 248 249 250 251 252 253 254 255 0 1 2 3 4 5 6 7 8 9 10 11 12 13 14 15 16 17 18 19 20 21 22 23 24 25 26 27 28 29 30 31 32 33 34 35 36 37 38 39 40 41 42 43 44 45 46 47 48 49 50 51 52 53 54 55 56 57 58 59 60 61 62 63 64 65 66 67 68 69 70 71 72 73 74 75 76 77 78 79 80 81 82 83 84 85 86 87 88 89 90 91 92 93 94 95 96 97 98 99 100 101 102 103 104 105 106 107 108 109 110 111 112 113 114 115 116 117 118 119 120 121 122 123 124 125 126 127 128 129 130 131 132 133 134 135 136 137 138 139 140 141 142 143 144 145 146 147 148 149 150 151 152 153 154 155 156 157 158 159 160 161 162 163 164 165 166 167 168 169 170 171 172 173 174 175 176 177 178 179 180 181 182 183 184 185 186 187 188 189 190 191 192 193 194 195 196 197 198 199 200 201 202 203 204 205 206 207 208 209 210 211 212 213 214 215 216 217 218 219 220 221 222 223 224 225 226 227 228 229 230 231 232 233 234 235 236 237 238 239 240 241 242 243 244 245 246 247 248 249 250 251 252 253 254 255 0 1 2 3 4 5 6 7 8 9 10 11 12 13 14 15 16 17 18 19 20 21 22 23 24 25 26 27 28 29 30 31 32 33 34 35 36 37 38 39 40 41 42 43 44 45 46 47 48 49 50 51 52 53 54 55 56 57 58 59 60 61 62 63 64 65 66 67 68 69 70 71 72 73 74 75 76 77 78 79 80 81 82 83 84 85 86 87 88 89 90 91 92 93 94 95 96 97 98 99 100 101 102 103 104 105 106 107 108 109 110 111 112 113 114 115 116 117 118 119 120 121 122 123 124 125 126 127 128 129 130 131 132 133 134 135 136 137 138 139 140 141 142 143 144 145 146 147 148 149 150 151 152 153 154 155 156 157 158 159 160 161 162 163 164 165 166 167 168 169 170 171 172 173 174 175 176 177 178 179 180 181 182 183 184 185 186 187 188 189 190 191 192 193 194 195 196 197 198 199 200 201 202 203 204 205 206 207 208 209 210 211 212 213 214 215 216 217 218 219 220 221 222 223 224 225 226 227 228 229 230 231 232 233 234 235 236 237 238 239 240 241 242 243 244 245 246 247 248 249 250 251 252 253 254 255 0 1 2 3 4 5 6 7 8 9 10 11 12 13 14 15 16 17 18 19 20 21 22 23 24 25 26 27 28 29 30 31 32 33 34 35 36 37 38 39 40 41 42 43 44 45 46 47 48 49 50 51 52 53 54 55 56 57 58 59 60 61 62 63 64 65 66 67 68 69 70 71 72 73 74 75 76 77 78 79 80 81 82 83 84 85 86 87 88 89 90 91 92 93 94 95 96 97 98 99 100 101 102 103 104 105 106 107 108 109 110 111 112 113 114 115 116 117 118 119 120 121 122 123 124 125 126 127 128 129 130 131 132 133 134 135 136 137 138 139 140 141 142 143 144 145 146 147 148 149 150]",0x88
877,10,"[224 9 135 218 162 126 32 168 154 117]",0xC5
878,30,"[229 111 165 209 141 144 134 162 163 164 165 0 21 138 214 136 111 239 35 175 34 223 53 101 98 99 100 160 9 16]",0xCB
879,10,"[164 35 210 148 120 117 171 214 1 5]",0x58
880,77,"[104 105 106 107 108 109 110 111 112 113 114 115 116 117 118 119 120 121 122 123 124 125 126 127 128 129 130 131 132 133 134 135 136 137 138 139 140 141 142 143 144 145 146 147 148 149 150 151 152 153 154 155 156 157 158 159 160 161 162 163 164 165 166 167 168 169 170 171 172 173 174 175 176 177 178 179 180]",0x9F
881,44,"[204 58 204 58 204 58 204 58 204 58 204 58 204 58 204 58 204 58 204 58 204 58 204 58 204 58 204 58 204 58 204 58 204 58 204 58 204 58 204 58 204 58 204 58]",0xB2
882,58,"[255 28 57 0 255 0 0 255 36 0 255 0 0 255 0 255 0 0 116 0 255 255 255 0 255 255 140 0 255 255 0 174 167 255 0 255 255 255 255 0 125 255 10 0 0 255 45 0 0 0 255 0 117 255 255 255 231 0]",0x4F
883,962,"[255 255 0 255 0 255 255 255 0 0 12 255 255 0 0 178 255 255 244 152 255 163 135 0 0 227 255 105 28 255 0 255 0 241 255 255 7 255 0 0 117 0 11 0 255 0 164 255 255 0 130 0 144 0 0 0 147 255 194 0 0 0 255 190 255 110 0 76 0 0 255 255 0 178 240 246 255 180 226 0 255 0 255 69 255 63 0 255 255 0 183 0 0 255 255 150 251 255 0 255 30 0 0 93 0 0 0 0 255 151 0 0 104 64 255 217 255 255 0 0 255 255 255 255 113 255 255 255 0 152 255 0 255 0 0 255 255 0 200 160 255 0 255 162 0 255 255 255 142 0 0 255 18 158 0 0 0 0 0 0 0 0 255 0 20 0 0 114 255 255 0 0 0 0 0 91 255 255 255 255 255 3 173 34 218 0 255 216 0 110 0 248 0 255 0 255 0 255 0 255 255 0 27 255 165 0 227 75 172 163 255 0 217 58 0 0 139 255 255 175 0 0 0 0 0 0 255 255 0 255 0 0 170 0 0 255 0 150 0 52 255 0 255 170 0 255 36 55 0 0 255 255 255 0 0 0 255 72 255 255 255 255 0 255 0 0 255 0 255 0 0 0 255 0 86 255 255 0 0 0 255 255 0 0 42 0 255 0 100 0 255 255 122 255 16 255 255 255 0 0 103 161 255 0 100 0 255 102 117 0 255 58 255 113 255 255 255 255 255 0 202 110 0 98 176 255 255 56 255 152 224 62 0 255 255 2 0 0 65 0 0 255 255 0 0 17 79 255 255 0 255 134 199 0 165 255 105 255 255 255 255 0 8 255 0 93 0 78 0 0 255 0 0 0 0 255 255 255 255 255 255 0 255 255 46 244 255 0 255 139 188 0 0 103 255 0 0 144 255 255 0 255 0 73 0 9 0 0 255 227 255 255 0 97 121 70 0 237 210 0 255 255 255 0 0 141 143 255 0 21 255 98 160 255 0 70 255 236 168 0 0 151 0 255 0 0 26 0 0 255 255 0 0 255 255 255 0 150 64 0 0 0 0 0 0 95 255 0 0 0 70 0 255 0 0 159 13 61 255 0 26 255 0 255 0 0 0 0 0 0 255 0 0 255 0 0 108 169 45 48 71 255 0 0 255 255 255 82 0 0 77 0 0 255 255 255 0 0 255 0 255 0 40 145 0 10 79 31 0 72 26 0 0 124 61 162 255 87 0 86 35 255 173 255 0 255 255 255 255 0 0 255 0 1 0 0 92 255 181 255 34 255 22 185 37 0 255 0 255 255 188 0 226 127 255 0 126 141 0 0 153 53 0 28 15 255 0 255 255 0 0 216 0 255 255 255 255 255 255 160 255 0 255 0 150 0 192 0 0 255 0 0 255 0 255 0 255 222 140 255 183 189 0 231 12 255 255 255 0 0 255 255 255 255 255 255 0 0 189 0 170 0 255 0 255 255 0 255 255 255 0 168 255 37 0 0 255 0 255 0 176 255 121 38 255 0 0 0 0 84 0 255 0 255 239 171 0 0 255 176 255 0 255 93 0 0 0 136 64 222 0 255 255 159 0 0 255 255 0 0 255 255 255 255 160 255 133 255 0 42 255 0 255 255 76 81 0 255 255 112 117 0 0 0 255 114 17 0 255 255 140 0 255 255 206 255 255 214 0 255 0 0 255 255 255 84 89 255 255 59 93 0 0 0 255 0 0 0 0 0 255 255 0 0 255 255 44 255 0 0 0 0 0 255 0 0 255 255 255 0 255 255 255 255 255 0 0 255 255 0 197 0 0 0 255 255 0 0 45 0 255 255 0 2 255 177 255 0 0 0 0 0 0 255 255 0 0 0 200 10 255 0 91 30 0 0 255 255 255 255 59 255 122 0 0 169 0 255 0 192 255 12 73 232 255 144 255 0 0 0 0 255 255 148 255 0 122 66 255 169 155 88 255 21 255 0 255 0 255 255 0 0 255 0 255 255 255 0 0 255 0 213 255 255 55 0 196 255 255 0 255 125 255 0 255 0 255 255 202 0 255 72 18 177 255 110 255 255 149 255 204 255 255 78 0 110 255 3 0 70 235 2 151 0 255 0 0 0 154 99 255 0 0 255 255 0 220 255 0 77 84 72 47 104 0 255 0 216 0 0 255 255 0 0 255 255 0 255 122 141 167 0]",0xAD
884,502,"[222 221 220 219 218 217 216 215 214 213 212 211 210 209 208 207 206 205 204 203 202 201 200 199 198 197 196 195 194 193 192 191 190 189 188 187 186 185 184 183 182 181 180 179 178 177 176 175 174 173 172 171 170 169 168 167 166 165 164 163 162 161 160 159 158 157 156 155 154 153 152 151 150 149 148 147 146 145 144 143 142 141 140 139 138 137 136 135 134 133 132 131 130 129 128 127 126 125 124 123 122 121 120 119 118 117 116 115 114 113 112 111 110 109 108 107 106 105 104 103 102 101 100 99 98 97 96 95 94 93 92 91 90 89 88 87 86 85 84 83 82 81 80 79 78 77 76 75 74 73 72 71 70 69 68 67 66 65 64 63 62 61 60 59 58 57 56 55 54 53 52 51 50 49 48 47 46 45 44 43 42 41 40 39 38 37 36 35 34 33 32 31 30 29 28 27 26 25 24 23 22 21 20 19 18 17 16 15 14 13 12 11 10 9 8 7 6 5 4 3 2 1 0 255 254 253 252 251 250 249 248 247 246 245 244 243 242 241 240 239 238 237 236 235 234 233 232 231 230 229 228 227 226 225 224 223 222 221 220 219 218 217 216 215 214 213 212 211 210 209 208 207 206 205 204 203 202 201 200 199 198 197 196 195 194 193 192 191 190 189 188 187 186 185 184 183 182 181 180 179 178 177 176 175 174 173 172 171 170 169 168 167 166 165 164 163 162 161 160 159 158 157 156 155 154 153 152 151 150 149 148 147 146 145 144 143 142 141 140 139 138 137 136 135 134 133 132 131 130 129 128 127 126 125 124 123 122 121 120 119 118 117 116 115 114 113 112 111 110 109 108 107 106 105 104 103 102 101 100 99 98 97 96 95 94 93 92 91 90 89 88 87 86 85 84 83 82 81 80 79 78 77 76 75 74 73 72 71 70 69 68 67 66 65 64 63 62 61 60 59 58 57 56 55 54 53 52 51 50 49 48 47 46 45 44 43 42 41 40 39 38 37 36 35 34 33 32 31 30 29 28 27 26 25 24 23 22 21 20 19 18 17 16 15 14 13 12 11 10 9 8 7 6 5 4 3 2 1 0 255 254 253 252 251 250 249 248 247 246 245 244 243 242 241 240 239 238 237 236 235 234 233]",0x04
885,559,"[181 182 183 184 185 186 187 188 189 190 191 192 193 194 195 196 197 198 199 200 201 202 203 204 205 206 207 208 209 210 211 212 213 214 215 216 217 218 219 220 221 222 223 224 225 226 227 228 229 230 231 232 233 234 235 236 237 238 239 240 241 242 243 244 245 246 247 248 249 250 251 252 253 254 255 0 1 2 3 4 5 6 7 8 9 10 11 12 13 14 15 16 17 18 19 20 21 22 23 24 25 26 27 28 29 30 31 32 33 34 35 36 37 38 39 40 41 42 43 44 45 46 47 48 49 50 51 52 53 54 55 56 57 58 59 60 61 62 63 64 65 66 67 68 69 70 71 72 73 74 75 76 77 78 79 80 81 82 83 84 85 86 87 88 89 90 91 92 93 94 95 96 97 98 99 100 101 102 103 104 105 106 107 108 109 110 111 112 113 114 115 116 117 118 119 120 121 122 123 124 125 126 127 128 129 130 131 132 133 134 135 136 137 138 139 140 141 142 143 144 145 146 147 148 149 150 151 152 153 154 155 156 157 158 159 160 161 162 163 164 165 166 167 168 169 170 171 172 173 174 175 176 177 178 179 180 181 182 183 184 185 186 187 188 189 190 191 192 193 194 195 196 197 198 199 200 201 202 203 204 205 206 207 208 209 210 211 212 213 214 215 216 217 218 219 220 221 222 223 224 225 226 227 228 229 230 231 232 233 234 235 236 237 238 239 240 241 242 243 244 245 246 247 248 249 250 251 252 253 254 255 0 1 2 3 4 5 6 7 8 9 10 11 12 13 14 15 16 17 18 19 20 21 22 23 24 25 26 27 28 29 30 31 32 33 34 35 36 37 38 39 40 41 42 43 44 45 46 47 48 49 50 51 52 53 54 55 56 57 58 59 60 61 62 63 64 65 66 67 68 69 70 71 72 73 74 75 76 77 78 79 80 81 82 83 84 85 86 87 88 89 90 91 92 93 94 95 96 97 98 99 100 101 102 103 104 105 106 107 108 109 110 111 112 113 114 115 116 117 118 119 120 121 122 123 124 125 126 127 128 129 130 131 132 133 134 135 136 137 138 139 140 141 142 143 144 145 146 147 148 149 150 151 152 153 154 155 156 157 158 159 160 161 162 163 164 165 166 167 168 169 170 171 172 173 174 175 176 177 178 179 180 181 182 183 184 185 186 187 188 189 190 191 192 193 194 195 196 197 198 199 200 201 202 203 204 205 206 207 208 209 210 211 212 213 214 215 216 217 218 219 220 221 222 223 224 225 226 227]",0x1B
886,7,"[233 233 233 233 233 233 233]",0xC4
887,52,"[127 128 129 130 131 132 133 134 135 136 137 138 139 140 141 142 143 144 145 146 147 148 149 150 151 152 153 154 155 156 157 158 159 160 161 162 163 164 165 166 167 168 169 170 171 172 173 174 175 176 177 178]",0xA5
888,7,"[197 1 183 197 1 183 197]",0x3A
889,38,"[29 178 113 29 178 113 29 178 113 29 178 113 29 178 113 29 178 113 29 178 113 29 178 113 29 178 113 29 178 113 29 178 113 29 178 113 29 178]",0x48
890,6,"[86 87 88 89 90 91]",0x02
891,728,"[13 12 11 10 9 8 7 6 5 4 3 2 1 0 255 254 253 252 251 250 249 248 247 246 245 244 243 242 241 240 239 238 237 236 235 234 233 232 231 230 229 228 227 226 225 224 223 222 221 220 219 218 217 216 215 214 213 212 211 210 209 208 207 206 205 204 203 202 201 200 199 198 197 196 195 194 193 192 191 190 189 188 187 186 185 184 183 182 181 180 179 178 177 176 175 174 173 172 171 170 169 168 167 166 165 164 163 162 161 160 159 158 157 156 155 154 153 152 151 150 149 148 147 146 145 144 143 142 141 140 139 138 137 136 135 134 133 132 131 130 129 128 127 126 125 124 123 122 121 120 119 118 117 116 115 114 113 112 111 110 109 108 107 106 105 104 103 102 101 100 99 98 97 96 95 94 93 92 91 90 89 88 87 86 85 84 83 82 81 80 79 78 77 76 75 74 73 72 71 70 69 68 67 66 65 64 63 62 61 60 59 58 57 56 55 54 53 52 51 50 49 48 47 46 45 44 43 42 41 40 39 38 37 36 35 34 33 32 31 30 29 28 27 26 25 24 23 22 21 20 19 18 17 16 15 14 13 12 11 10 9 8 7 6 5 4 3 2 1 0 255 254 253 252 251 250 249 248 247 246 245 244 243 242 241 240 239 238 237 236 235 234 233 232 231 230 229 228 227 226 225 224 223 222 221 220 219 218 217 216 215 214 213 212 211 210 209 208 207 206 205 204 203 202 201 200 199 198 197 196 195 194 193 192 191 190 189 188 187 186 185 184 183 182 181 180 179 178 177 176 175 174 173 172 171 170 169 168 167 166 165 164 163 162 161 160 159 158 157 156 155 154 153 152 151 150 149 148 147 146 145 144 143 142 141 140 139 138 137 136 135 134 133 132 131 130 129 128 127 126 125 124 123 122 121 120 119 118 117 116 115 114 113 112 111 110 109 108 107 106 105 104 103 102 101 100 99 98 97 96 95 94 93 92 91 90 89 88 87 86 85 84 83 82 81 80 79 78 77 76 75 74 73 72 71 70 69 68 67 66 65 64 63 62 61 60 59 58 57 56 55 54 53 52 51 50 49 48 47 46 45 44 43 42 41 40 39 38 37 36 35 34 33 32 31 30 29 28 27 26 25 24 23 22 21 20 19 18 17 16 15 14 13 12 11 10 9 8 7 6 5 4 3 2 1 0 255 254 253 252 251 250 249 248 247 246 245 244 243 242 241 240 239 238 237 236 235 234 233 232 231 230 229 228 227 226 225 224 223 222 221 220 219 218 217 216 215 214 213 212 211 210 209 208 207 206 205 204 203 202 201 200 199 198 197 196 195 194 193 192 191 190 189 188 187 186 185 184 183 182 181 180 179 178 177 176 175 174 173 172 171 170 169 168 167 166 165 164 163 162 161 160 159 158 157 156 155 154 153 152 151 150 149 148 147 146 145 144 143 142 141 140 139 138 137 136 135 134 133 132 131 130 129 128 127 126 125 124 123 122 121 120 119 118 117 116 115 114 113 112 111 110 109 108 107 106 105 104 103 102 101 100 99 98 97 96 95 94 93 92 91 90 89 88 87 86 85 84 83 82 81 80 79 78 77 76 75 74 73 72 71 70 69 68 67 66 65 64 63 62 61 60 59 58 57 56 55 54]",0xD7
892,87,"[125 124 123 122 121 120 119 118 117 116 115 114 113 112 111 110 109 108 107 106 105 104 103 102 101 100 99 98 97 96 95 94 93 92 91 90 89 88 87 86 85 84 83 82 81 80 79 78 77 76 75 74 73 72 71 70 69 68 67 66 65 64 63 62 61 60 59 58 57 56 55 54 53 52 51 50 49 48 47 46 45 44 43 42 41 40 39]",0x98
893,433,"[53 226 42 125 74 49 193 206 214 2 217 13 114 44 232 147 119 113 103 121 144 209 60 205 212 217 241 244 27 224 216 96 176 237 23 90 249 140 23 246 231 206 203 124 224 78 91 55 103 59 86 176 110 196 122 35 189 16 241 215 246 63 123 49 108 62 218 31 57 67 188 161 34 155 216 115 156 136 91 0 47 242 90 76 157 231 77 57 230 198 179 142 108 163 55 209 106 193 207 19 172 77 91 187 245 205 74 83 112 31 213 165 220 57 33 208 225 44 164 42 3 138 243 151 109 72 72 67 53 17 193 80 39 154 239 176 49 106 211 12 86 99 115 143 126 41 106 94 237 190 221 181 14 121 199 151 194 246 63 251 30 235 49 184 200 207 112 43 203 164 66 100 76 234 205 225 13 169 68 191 228 196 233 102 159 121 212 144 181 161 135 27 242 142 200 173 110 243 187 59 254 255 74 252 158 47 250 26 163 214 212 1 108 22 66 240 226 168 229 80 212 175 187 21 89 12 38 69 149 194 14 226 33 114 28 136 27 195 21 110 107 235 110 18 139 185 86 155 31 108 42 70 164 192 79 253 72 38 222 166 173 203 255 72 140 180 37 78 78 83 183 151 183 131 244 133 154 76 15 208 219 217 205 68 147 208 160 245 173 143 254 136 247 3 140 73 101 22 67 145 184 233 59 203 6 228 152 216 65 95 24 20 211 76 90 135 171 11 147 217 39 121 216 92 20 153 169 149 125 54 137 9 145 125 243 81 5 194 42 139 54 138 148 169 95 15 152 221 134 64 105 138 22 145 27 45 100 204 210 72 137 23 255 167 57 230 89 70 76 124 8 166 242 208 207 198 91 48 80 44 217 107 207 74 36 222 204 142 31 86 14 229 61 133 241 159 159 213 177 124 31 127 46 125 5 90 14 37 177 249 144 43 96 59 12 233 138 38 190 43 52 153 109 229 152 46 121 186 153 82 98 170 132]",0x6C
894,6,"[208 28 208 28 208 28]",0x0F
895,9,"[8 9 10 11 12 13 14 15 16]",0x8A
896,90,"[81 82 83 84 85 86 87 88 89 90 91 92 93 94 95 96 97 98 99 100 101 102 103 104 105 106 107 108 109 110 111 112 113 114 115 116 117 118 119 120 121 122 123 124 125 126 127 128 129 130 131 132 133 134 135 136 137 138 139 140 141 142 143 144 145 146 147 148 149 150 151 152 153 154 155 156 157 158 159 160 161 162 163 164 165 166 167 168 169 170]",0xC1
897,262,"[180 179 178 177 176 175 174 173 172 171 170 169 168 167 166 165 164 163 162 161 160 159 158 157 156 155 154 153 152 151 150 149 148 147 146 145 144 143 142 141 140 139 138 137 136 135 134 133 132 131 130 129 128 127 126 125 124 123 122 121 120 119 118 117 116 115 114 113 112 111 110 109 108 107 106 105 104 103 102 101 100 99 98 97 96 95 94 93 92 91 90 89 88 87 86 85 84 83 82 81 80 79 78 77 76 75 74 73 72 71 70 69 68 67 66 65 64 63 62 61 60 59 58 57 56 55 54 53 52 51 50 49 48 47 46 45 44 43 42 41 40 39 38 37 36 35 34 33 32 31 30 29 28 27 26 25 24 23 22 21 20 19 18 17 16 15 14 13 12 11 10 9 8 7 6 5 4 3 2 1 0 255 254 253 252 251 250 249 248 247 246 245 244 243 242 241 240 239 238 237 236 235 234 233 232 231 230 229 228 227 226 225 224 223 222 221 220 219 218 217 216 215 214 213 212 211 210 209 208 207 206 205 204 203 202 201 200 199 198 197 196 195 194 193 192 191 190 189 188 187 186 185 184 183 182 181 180 179 178 177 176 175]",0xA9
898,19,"[178 208 178 208 178 208 178 208 178 208 178 208 178 208 178 208 178 208 178]",0x75
899,6,"[135 188 135 188 135 188]",0x89
900,2,"[112 113]",0x10
901,16,"[246 246 99 202 121 114 247 220 191 27 40 9 154 19 34 62]",0x2E
902,31,"[90 101 90 101 90 101 90 101 90 101 90 101 90 101 90 101 90 101 90 101 90 101 90 101 90 101 90 101 90 101 90]",0x5F
903,973,"[28 13 99 217 204 90 192 250 49 246 197 29 203 26 7 195 229 102 6 152 59 139 81 159 66 37 192 137 81 160 73 93 96 57 112 208 248 56 240 71 120 25 155 130 173 153 251 197 247 134 72 136 119 109 102 207 189 164 165 95 112 39 148 35 234 106 10 0 173 156 197 191 0 42 83 15 45 148 117 220 57 137 220 15 222 88 220 174 172 12 240 110 27 196 221 237 129 103 149 75 100 137 211 218 33 34 47 152 51 156 185 219 222 54 79 46 174 175 1 42 85 53 141 10 211 119 152 148 115 145 19 98 181 93 65 144 122 136 245 38 157 7 165 50 206 69 102 132 156 76 40 162 113 14 137 119 131 27 121 190 33 159 45 79 92 195 57 67 222 190 129 80 202 144 84 80 117 242 164 173 99 250 104 3 205 131 38 5 253 165 119 85 18 165 94 253 27 63 103 204 198 62 92 15 96 43 235 206 42 125 245 105 114 87 126 152 23 23 196 251 125 220 222 94 84 186 233 218 81 90 188 81 218 130 74 73 200 31 238 105 216 202 199 172 127 99 148 134 89 126 93 168 213 201 87 130 2 222 62 112 39 173 139 93 137 43 198 68 157 230 9 99 34 232 92 54 173 139 209 192 249 23 20 232 244 104 116 94 199 197 56 98 54 11 14 37 7 108 16 216 182 200 158 169 29 14 253 95 13 40 223 52 119 170 247 3 124 254 31 31 22 130 89 183 146 148 130 253 137 18 82 199 160 175 235 113 4 253 116 24 140 151 144 247 81 8 235 48 191 52 212 232 26 37 236 197 9 46 105 221 38 185 21 119 186 16 52 202 41 170 164 133 51 106 159 225 204 155 58 55 208 170 91 248 227 171 94 79 240 113 204 240 125 167 22 167 55 171 25 126 133 123 193 193 180 161 231 147 89 15 137 58 99 12 164 226 83 206 32 185 20 66 92 40 47 178 24 239 196 91 160 184 152 158 234 225 233 226 175 125 124 197 236 22 224 217 22 168 248 218 16 236 44 18 58 123 208 68 99 36 74 230 174 172 63 37 227 241 13 135 112 189 77 158 21 210 61 80 96 52 207 17 238 238 211 243 194 144 184 1 175 10 227 229 29 173 171 127 6 29 168 135 11 132 217 227 178 169 196 34 48 124 115 47 173 189 69 80 65 71 93 112 123 124 158 88 128 129 24 161 71 12 165 12 113 159 255 131 81 125 50 112 223 34 135 158 80 188 169 118 163 215 153 145 159 172 103 214 236 159 227 190 108 126 145 240 165 130 31 170 142 240 87 203 72 43 3 229 113 71 103 182 100 57 22 159 249 162 242 224 39 225 0 130 133 186 193 59 225 45 246 252 178 166 250 61 164 103 42 32 179 58 153 60 116 190 135 223 134 49 229 106 222 59 162 42 20 255 2 151 3 141 25 201 74 88 64 29 128 114 138 160 22 105 151 82 49 155 183 192 83 25 234 176 242 37 168 50 221 132 136 238 77 158 36 92 49 51 169 73 64 206 121 97 208 125 208 81 246 236 210 54 186 209 93 35 69 149 64 169 100 57 156 18 159 249 182 83 230 135 135 96 13 69 209 66 105 162 72 207 230 15 147 89 141 139 2 166 55 143 229 49 69 16 125 222 139 90 231 136 249 192 233 165 253 134 163 34 239 85 170 92 226 28 230 160 244 128 126 91 84 31 83 155 21 47 220 23 61 0 184 217 225 230 103 143 173 234 203 125 130 86 2 36 84 155 182 228 141 100 176 100 27 1 181 230 173 7 56 242 181 188 206 233 112 110 5 239 33 115 153 254 102 171 243 146 136 146 209 10 194 44 196 204 160 112 187 4 166 59 169 35 45 115 135 106 156 13 49 0 144 176 123 118 108 86 150 1 152 125 160 218 212 206 105 99 52 8 129 249 192 140 76 31 67 136 159 93 26 67 65 136 26 73 87 134 76 38 6 44 211 89 137 125 70 215 240 54 206 193 214 104 175 48 247 185 19 224 245 85 137 253 115 170 115 19 130 211 10 112 210 90 250 98 200 62 85 184 14 24 68 64 16 248 75 184 100 253 35 95 110 183 126 192 215 74 205 125 19 76 205 99 23 163 217 34 139 53 86 105 1 91 79 171 225 26 123 70 252 199 30 94 28 201 124 165 147 46 3 222 23 202 49 218 151 102 168 70 107 210 2 59 189]",0x14
904,248,"[37 190 251 17 7 54 52 81 236 174 2 126 224 136 49 244 78 89 91 101 181 80 119 67 130 242 209 209 209 209 209 209 209 209 209 209 209 209 209 209 209 209 209 209 209 209 209 209 209 209 209 37 38 39 40 41 42 43 44 45 46 47 48 49 50 51 52 53 54 55 56 57 58 59 60 61 62 63 64 65 66 67 68 69 70 71 72 73 250 146 131 123 169 104 33 68 182 121 122 9 135 108 225 97 155 239 144 7 26 247 141 48 145 245 11 134 34 114 167 117 246 149 246 80 5 39 18 189 48 193 137 55 157 2 85 200 191 202 150 146 104 243 2 246 222 155 107 107 107 107 107 107 107 107 107 107 107 107 107 107 107 107 107 107 107 107 107 107 107 107 107 107 107 107 107 107 107 107 107 107 107 107 107 107 107 107 107 107 107 107 107 107 37 158 59 96 1 248 27 195 143 211 132 252 155 157 235 66 92 170 36 207 151 193 253 250 114 71 162 182 75 72 55 232 26 63 159 119 30 74 104 245 101 29 248 111 35 156 206 181 79 61 226 49 193 5 107 252]",0x61
905,380,"[90 89 88 87 86 85 84 83 82 81 80 79 78 77 76 75 74 73 72 71 70 69 68 67 66 65 64 63 62 61 60 59 58 57 56 55 54 53 52 51 50 49 48 47 46 45 44 43 42 41 40 39 38 37 36 35 34 33 32 31 30 29 28 27 26 25 24 23 22 21 20 19 18 17 16 15 14 13 12 11 10 9 8 7 6 5 4 3 2 1 0 255 254 253 252 251 250 249 248 247 246 245 244 243 242 241 240 239 238 237 236 235 234 233 232 231 230 229 228 227 226 225 224 223 222 221 220 219 218 217 216 215 214 213 212 211 210 209 208 207 206 205 204 203 202 201 200 199 198 197 196 195 194 193 192 191 190 189 188 187 186 185 184 183 182 181 180 179 178 177 176 175 174 173 172 171 170 169 168 167 166 165 164 163 162 161 160 159 158 157 156 155 154 153 152 151 150 149 148 147 146 145 144 143 142 141 140 139 138 137 136 135 134 133 132 131 130 129 128 127 126 125 124 123 122 121 120 119 118 117 116 115 114 113 112 111 110 109 108 107 106 105 104 103 102 101 100 99 98 97 96 95 94 93 92 91 90 89 88 87 86 85 84 83 82 81 80 79 78 77 76 75 74 73 72 71 70 69 68 67 66 65 64 63 62 61 60 59 58 57 56 55 54 53 52 51 50 49 48 47 46 45 44 43 42 41 40 39 38 37 36 35 34 33 32 31 30 29 28 27 26 25 24 23 22 21 20 19 18 17 16 15 14 13 12 11 10 9 8 7 6 5 4 3 2 1 0 255 254 253 252 251 250 249 248 247 246 245 244 243 242 241 240 239 238 237 236 235 234 233 232 231 230 229 228 227 226 225 224 223]",0x2E
906,312,"[203 147 74 203 147 74 203 147 74 203 147 74 203 147 74 203 147 74 203 147 74 203 147 74 203 147 74 203 147 74 203 147 74 203 147 74 203 147 74 203 147 74 203 147 74 203 147 74 203 147 74 203 147 74 203 147 74 203 147 74 203 147 74 203 147 74 203 147 74 203 147 74 203 147 74 203 147 74 203 147 74 203 147 74 203 147 74 203 147 74 203 147 74 203 147 74 203 147 74 203 147 74 203 147 74 203 147 74 203 147 74 203 147 74 203 147 74 203 147 74 203 147 74 203 147 74 203 147 74 203 147 74 203 147 74 203 147 74 203 147 74 203 147 74 203 147 74 203 147 74 203 147 74 203 147 74 203 147 74 203 147 74 203 147 74 203 147 74 203 147 74 203 147 74 203 147 74 203 147 74 203 147 74 203 147 74 203 147 74 203 147 74 203 147 74 203 147 74 203 147 74 203 147 74 203 147 74 203 147 74 203 147 74 203 147 74 203 147 74 203 147 74 203 147 74 203 147 74 203 147 74 203 147 74 203 147 74 203 147 74 203 147 74 203 147 74 203 147 74 203 147 74 203 147 74 203 147 74 203 147 74 203 147 74 203 147 74 203 147 74 203 147 74 203 147 74 203 147 74 203 147 74 203 147 74 203 147 74 203 147 74 203 147 74 203 147 74 203 147 74 203 147 74 203 147 74 203 147 74 203 147 74]",0xDB
907,30,"[235 123 122 190 143 116 203 121 233 78 8 38 209 237 19 232 241 193 194 0 57 54 148 168 230 124 128 13 255 242]",0x6F
908,6,"[166 107 166 107 166 107]",0x4A
909,35,"[193 96 226 241 22 175 209 165 84 72 118 66 229 12 28 155 168 188 70 75 105 60 96 178 127 247 148 84 46 56 4 113 245 198 76]",0x24
910,939,"[131 130 129 128 127 126 125 124 123 122 121 120 119 118 117 116 115 114 113 112 111 110 109 108 107 106 105 104 103 102 101 100 99 98 97 96 95 94 93 92 91 90 89 88 87 86 85 84 83 82 81 80 79 78 77 76 75 74 73 72 71 70 69 68 67 66 65 64 63 62 61 60 59 58 57 56 55 54 53 52 51 50 49 48 47 46 45 44 43 42 41 40 39 38 37 36 35 34 33 32 31 30 29 28 27 26 25 24 23 22 21 20 19 18 17 16 15 14 13 12 11 10 9 8 7 6 5 4 3 2 1 0 255 254 253 252 251 250 249 248 247 246 245 244 243 242 241 240 239 238 237 236 235 234 233 232 231 230 229 228 227 226 225 224 223 222 221 220 219 218 217 216 215 214 213 212 211 210 209 208 207 206 205 204 203 202 201 200 199 198 197 196 195 194 193 192 191 190 189 188 187 186 185 184 183 182 181 180 179 178 177 176 175 174 173 172 171 170 169 168 167 166 165 164 163 162 161 160 159 158 157 156 155 154 153 152 151 150 149 148 147 146 145 144 143 142 141 140 139 138 137 136 135 134 133 132 131 130 129 128 127 126 125 124 123 122 121 120 119 118 117 116 115 114 113 112 111 110 109 108 107 106 105 104 103 102 101 100 99 98 97 96 95 94 93 92 91 90 89 88 87 86 85 84 83 82 81 80 79 78 77 76 75 74 73 72 71 70 69 68 67 66 65 64 63 62 61 60 59 58 57 56 55 54 53 52 51 50 49 48 47 46 45 44 43 42 41 40 39 38 37 36 35 34 33 32 31 30 29 28 27 26 25 24 23 22 21 20 19 18 17 16 15 14 13 12 11 10 9 8 7 6 5 4 3 2 1 0 255 254 253 252 251 250 249 248 247 246 245 244 243 242 241 240 239 238 237 236 235 234 233 232 231 230 229 228 227 226 225 224 223 222 221 220 219 218 217 216 215 214 213 212 211 210 209 208 207 206 205 204 203 202 201 200 199 198 197 196 195 194 193 192 191 190 189 188 187 186 185 184 183 182 181 180 179 178 177 176 175 174 173 172 171 170 169 168 167 166 165 164 163 162 161 160 159 158 157 156 155 154 153 152 151 150 149 148 147 146 145 144 143 142 141 140 139 138 137 136 135 134 133 132 131 130 129 128 127 126 125 124 123 122 121 120 119 118 117 116 115 114 113 112 111 110 109 108 107 106 105 104 103 102 101 100 99 98 97 96 95 94 93 92 91 90 89 88 87 86 85 84 83 82 81 80 79 78 77 76 75 74 73 72 71 70 69 68 67 66 65 64 63 62 61 60 59 58 57 56 55 54 53 52 51 50 49 48 47 46 45 44 43 42 41 40 39 38 37 36 35 34 33 32 31 30 29 28 27 26 25 24 23 22 21 20 19 18 17 16 15 14 13 12 11 10 9 8 7 6 5 4 3 2 1 0 255 254 253 252 251 250 249 248 247 246 245 244 243 242 241 240 239 238 237 236 235 234 233 232 231 230 229 228 227 226 225 224 223 222 221 220 219 218 217 216 215 214 213 212 211 210 209 208 207 206 205 204 203 202 201 200 199 198 197 196 195 194 193 192 191 190 189 188 187 186 185 184 183 182 181 180 179 178 177 176 175 174 173 172 171 170 169 168 167 166 165 164 163 162 161 160 159 158 157 156 155 154 153 152 151 150 149 148 147 146 145 144 143 142 141 140 139 138 137 136 135 134 133 132 131 130 129 128 127 126 125 124 123 122 121 120 119 118 117 116 115 114 113 112 111 110 109 108 107 106 105 104 103 102 101 100 99 98 97 96 95 94 93 92 91 90 89 88 87 86 85 84 83 82 81 80 79 78 77 76 75 74 73 72 71 70 69 68 67 66 65 64 63 62 61 60 59 58 57 56 55 54 53 52 51 50 49 48 47 46 45 44 43 42 41 40 39 38 37 36 35 34 33 32 31 30 29 28 27 26 25 24 23 22 21 20 19 18 17 16 15 14 13 12 11 10 9 8 7 6 5 4 3 2 1 0 255 254 253 252 251 250 249 248 247 246 245 244 243 242 241 240 239 238 237 236 235 234 233 232 231 230 229 228 227 226 225 224 223 222 221 220 219 218 217]",0x1D
911,1,"169",0x33
912,6,"[160 13 160 13 160 13]",0x1A
913,721,"[4 3 2 1 0 255 254 253 252 251 250 249 248 247 246 245 244 243 242 241 240 239 238 237 236 235 234 233 232 231 230 229 228 227 226 225 224 223 222 221 220 219 218 217 216 215 214 213 212 211 210 209 208 207 206 205 204 203 202 201 200 199 198 197 196 195 194 193 192 191 190 189 188 187 186 185 184 183 182 181 180 179 178 177 176 175 174 173 172 171 170 169 168 167 166 165 164 163 162 161 160 159 158 157 156 155 154 153 152 151 150 149 148 147 146 145 144 143 142 141 140 139 138 137 136 135 134 133 132 131 130 129 128 127 126 125 124 123 122 121 120 119 118 117 116 115 114 113 112 111 110 109 108 107 106 105 104 103 102 101 100 99 98 97 96 95 94 93 92 91 90 89 88 87 86 85 84 83 82 81 80 79 78 77 76 75 74 73 72 71 70 69 68 67 66 65 64 63 62 61 60 59 58 57 56 55 54 53 52 51 50 49 48 47 46 45 44 43 42 41 40 39 38 37 36 35 34 33 32 31 30 29 28 27 26 25 24 23 22 21 20 19 18 17 16 15 14 13 12 11 10 9 8 7 6 5 4 3 2 1 0 255 254 253 252 251 250 249 248 247 246 245 244 243 242 241 240 239 238 237 236 235 234 233 232 231 230 229 228 227 226 225 224 223 222 221 220 219 218 217 216 215 214 213 212 211 210 209 208 207 206 205 204 203 202 201 200 199 198 197 196 195 194 193 192 191 190 189 188 187 186 185 184 183 182 181 180 179 178 177 176 175 174 173 172 171 170 169 168 167 166 165 164 163 162 161 160 159 158 157 156 155 154 153 152 151 150 149 148 147 146 145 144 143 142 141 140 139 138 137 136 135 134 133 132 131 130 129 128 127 126 125 124 123 122 121 120 119 118 117 116 115 114 113 112 111 110 109 108 107 106 105 104 103 102 101 100 99 98 97 96 95 94 93 92 91 90 89 88 87 86 85 84 83 82 81 80 79 78 77 76 75 74 73 72 71 70 69 68 67 66 65 64 63 62 61 60 59 58 57 56 55 54 53 52 51 50 49 48 47 46 45 44 43 42 41 40 39 38 37 36 35 34 33 32 31 30 29 28 27 26 25 24 23 22 21 20 19 18 17 16 15 14 13 12 11 10 9 8 7 6 5 4 3 2 1 0 255 254 253 252 251 250 249 248 247 246 245 244 243 242 241 240 239 238 237 236 235 234 233 232 231 230 229 228 227 226 225 224 223 222 221 220 219 218 217 216 215 214 213 212 211 210 209 208 207 206 205 204 203 202 201 200 199 198 197 196 195 194 193 192 191 190 189 188 187 186 185 184 183 182 181 180 179 178 177 176 175 174 173 172 171 170 169 168 167 166 165 164 163 162 161 160 159 158 157 156 155 154 153 152 151 150 149 148 147 146 145 144 143 142 141 140 139 138 137 136 135 134 133 132 131 130 129 128 127 126 125 124 123 122 121 120 119 118 117 116 115 114 113 112 111 110 109 108 107 106 105 104 103 102 101 100 99 98 97 96 95 94 93 92 91 90 89 88 87 86 85 84 83 82 81 80 79 78 77 76 75 74 73 72 71 70 69 68 67 66 65 64 63 62 61 60 59 58 57 56 55 54 53 52]",0x75
914,7,"[229 159 18 157 205 205 102]",0xA6
915,77,"[152 167 255 0 243 8 7 0 255 0 0 0 17 121 0 0 25 0 0 0 255 255 255 0 254 204 0 0 138 255 0 255 0 247 15 0 77 0 128 81 255 255 0 255 130 255 141 255 235 0 255 0 0 0 0 0 0 201 90 0 255 255 255 0 0 109 255 0 0 255 255 0 0 0 0 220 0]",0x16
916,620,"[127 24 172 136 233 101 236 214 192 112 106 101 13 155 204 190 149 91 177 135 214 69 26 0 190 153 15 215 122 118 175 162 61 165 219 100 74 15 154 193 247 156 114 239 45 181 83 220 190 85 198 227 64 146 107 237 248 26 140 135 222 199 73 133 96 90 187 153 50 158 118 87 17 237 220 77 142 221 132 36 121 80 117 217 104 204 59 151 109 249 0 93 208 100 55 218 151 142 102 40 147 129 102 19 166 161 143 33 77 120 188 57 205 81 170 239 182 17 96 148 172 88 109 96 178 233 199 67 138 122 3 240 119 241 170 181 109 219 47 245 157 85 189 190 198 75 6 227 204 102 42 120 78 49 124 212 148 124 254 194 33 106 119 156 174 83 94 26 22 194 237 50 236 87 225 6 23 111 217 114 214 87 33 236 19 181 226 30 132 13 117 201 77 59 64 202 249 58 17 32 160 173 115 20 237 238 100 210 230 130 153 187 228 22 13 172 12 26 108 46 230 84 147 2 131 207 247 173 51 92 40 86 143 124 223 52 111 161 251 54 213 158 34 200 44 179 61 119 200 162 189 205 8 123 252 203 93 72 180 35 225 20 143 216 184 124 58 153 247 24 8 107 151 91 183 133 88 203 25 10 14 208 204 212 72 125 81 150 216 5 145 51 222 244 211 8 77 58 211 4 236 150 190 116 181 85 169 110 238 238 145 197 190 180 249 224 190 20 90 87 131 219 172 197 10 13 237 53 203 140 89 195 247 66 90 75 165 185 122 54 82 191 226 130 63 170 163 232 72 209 171 215 26 211 122 198 62 89 106 140 130 60 231 241 60 100 205 200 249 242 224 150 86 133 197 26 180 229 53 207 228 17 245 128 117 154 54 169 207 82 65 234 119 160 218 183 82 5 120 63 107 117 221 196 50 80 149 144 139 243 177 24 240 118 148 209 54 131 220 188 89 150 2 12 29 177 158 234 181 107 221 10 2 64 32 69 78 116 156 90 247 138 224 205 12 120 206 232 162 238 169 53 142 193 170 21 60 176 135 7 189 20 47 231 80 8 4 239 95 159 105 54 224 243 252 10 12 219 45 143 148 169 9 79 131 44 241 212 35 171 105 79 74 169 231 214 89 181 135 112 75 20 49 144 186 9 97 42 154 221 238 226 223 153 62 191 185 42 49 27 127 82 230 9 82 224 255 185 230 4 197 118 176 110 145 66 146 74 71 83 51 57 238 116 157 146 67 0 26 212 27 52 233 206 13 164 132 93 127 38 244 43 47 94 54 80 10 157 61 248 29 19 44 138 191 143 220 151 35 47 91 235 117 223 19 175 119 44 20 80 210 163 118 216 46 71 141 150 82 129 30 2 231 113 59 84 132 242 184 242 28 45 92 62 245 43 43 124 178 97]",0x2F
917,8,"[61 7 17 160 216 217 112 137]",0x40
918,34,"[104 179 26 53 73 241 0 254 165 105 200 243 114 56 57 58 59 60 61 56 220 174 132 37 10 98 1 18 208 185 79 77 88 144]",0x14
919,530,"[40 41 42 43 44 45 46 47 48 49 50 51 52 53 54 55 56 57 58 59 60 61 62 63 64 65 66 67 68 69 70 71 72 73 74 75 76 77 78 79 80 81 82 83 84 85 86 87 88 89 90 91 92 93 94 95 96 97 98 99 100 101 102 103 104 105 106 107 108 109 110 111 112 113 114 115 116 117 118 119 120 121 122 123 124 125 126 127 128 129 130 131 132 133 134 135 136 137 138 139 140 141 142 143 144 145 146 147 148 149 150 151 152 153 154 155 156 157 158 159 160 161 162 163 164 165 166 167 168 169 170 171 172 173 174 175 176 177 178 179 180 181 182 183 184 185 186 187 188 189 190 191 192 193 194 195 196 197 198 199 200 201 202 203 204 205 206 207 208 209 210 211 212 213 214 215 216 217 218 219 220 221 222 223 224 225 226 227 228 229 230 231 232 233 234 235 236 237 238 239 240 241 242 243 244 245 246 247 248 249 250 251 252 253 254 255 0 1 2 3 4 5 6 7 8 9 10 11 12 13 14 15 16 17 18 19 20 21 22 23 24 25 26 27 28 29 30 31 32 33 34 35 36 37 38 39 40 41 42 43 44 45 46 47 48 49 50 51 52 53 54 55 56 57 58 59 60 61 62 63 64 65 66 67 68 69 70 71 72 73 74 75 76 77 78 79 80 81 82 83 84 85 86 87 88 89 90 91 92 93 94 95 96 97 98 99 100 101 102 103 104 105 106 107 108 109 110 111 112 113 114 115 116 117 118 119 120 121 122 123 124 125 126 127 128 129 130 131 132 133 134 135 136 137 138 139 140 141 142 143 144 145 146 147 148 149 150 151 152 153 154 155 156 157 158 159 160 161 162 163 164 165 166 167 168 169 170 171 172 173 174 175 176 177 178 179 180 181 182 183 184 185 186 187 188 189 190 191 192 193 194 195 196 197 198 199 200 201 202 203 204 205 206 207 208 209 210 211 212 213 214 215 216 217 218 219 220 221 222 223 224 225 226 227 228 229 230 231 232 233 234 235 236 237 238 239 240 241 242 243 244 245 246 247 248 249 250 251 252 253 254 255 0 1 2 3 4 5 6 7 8 9 10 11 12 13 14 15 16 17 18 19 20 21 22 23 24 25 26 27 28 29 30 31 32 33 34 35 36 37 38 39 40 41 42 43 44 45 46 47 48 49 50 51 52 53 54 55 56 57]",0x38
920,8,"[235 79 235 79 235 79 235 79]",0xAC
921,546,"[0 1 0 0 0 0 154 255 255 255 187 57 181 255 0 255 22 255 255 152 142 0 255 255 255 255 218 0 255 24 255 75 255 0 45 197 43 187 8 0 255 255 0 0 255 255 0 0 0 0 0 208 0 0 0 255 0 255 0 0 255 245 95 0 158 255 225 255 89 255 0 0 255 255 37 106 255 255 255 165 181 0 255 255 134 0 255 0 255 211 255 255 0 0 0 0 71 0 162 255 50 0 0 3 255 247 0 80 255 0 0 255 0 255 0 255 255 0 32 0 255 0 172 156 0 0 255 0 255 0 10 0 255 0 255 255 0 0 68 14 255 0 13 16 255 255 0 211 0 255 255 0 0 255 204 21 128 0 255 255 227 255 255 150 0 17 66 12 0 53 0 157 255 180 0 2 255 0 0 255 127 0 118 72 255 0 255 255 0 0 0 255 108 255 0 255 0 255 33 0 255 16 72 0 255 0 15 255 0 0 0 0 255 254 0 255 0 0 0 255 0 158 0 211 255 0 255 255 237 184 0 255 0 86 255 0 255 157 255 0 0 134 232 0 255 255 94 0 255 255 0 255 0 255 0 0 142 0 0 0 255 0 255 216 28 0 0 255 255 0 195 0 255 0 255 255 0 255 0 217 255 234 111 255 0 255 88 0 69 0 188 255 255 0 14 255 255 0 0 0 0 195 0 0 170 177 255 0 255 0 176 255 229 214 255 255 93 54 255 255 223 255 251 255 187 178 255 0 255 121 255 255 131 54 255 247 10 255 255 255 0 0 255 255 255 0 255 255 196 255 0 90 139 255 0 255 0 0 131 0 255 255 244 0 0 255 255 0 0 0 0 255 255 96 200 255 255 0 255 55 249 0 0 80 255 255 0 0 103 0 44 255 255 0 255 255 255 0 255 255 255 0 0 11 0 0 30 0 0 0 47 255 55 0 134 198 0 255 145 255 0 255 0 128 255 14 255 0 255 255 0 255 0 54 0 0 51 255 52 86 255 255 255 255 0 0 255 0 255 169 255 255 0 0 255 255 255 0 255 255 0 0 206 255 0 255 255 247 0 33 100 0 255 128 0 255 255 185 0 255 0 255 0 255 255 0 0 0 232 179 0 166 115 0 0 0 129 32 255 0 255 42 0 55 238 0 255 0 185 255 255 255 0 0 196 182 255 0 0 0 255 98 255 0 0 0 255 255 255 255 255 0 145 0 255 245 152 255 255 255 255 5 255 37 255 208]",0x1A
922,742,"[38 37 36 35 34 33 32 31 30 29 28 27 26 25 24 23 22 21 20 19 18 17 16 15 14 13 12 11 10 9 8 7 6 5 4 3 2 1 0 255 254 253 252 251 250 249 248 247 246 245 244 243 242 241 240 239 238 237 236 235 234 233 232 231 230 229 228 227 226 225 224 223 222 221 220 219 218 217 216 215 214 213 212 211 210 209 208 207 206 205 204 203 202 201 200 199 198 197 196 195 194 193 192 191 190 189 188 187 186 185 184 183 182 181 180 179 178 177 176 175 174 173 172 171 170 169 168 167 166 165 164 163 162 161 160 159 158 157 156 155 154 153 152 151 150 149 148 147 146 145 144 143 142 141 140 139 138 137 136 135 134 133 132 131 130 129 128 127 126 125 124 123 122 121 120 119 118 117 116 115 114 113 112 111 110 109 108 107 106 105 104 103 102 101 100 99 98 97 96 95 94 93 92 91 90 89 88 87 86 85 84 83 82 81 80 79 78 77 76 75 74 73 72 71 70 69 68 67 66 65 64 63 62 61 60 59 58 57 56 55 54 53 52 51 50 49 48 47 46 45 44 43 42 41 40 39 38 37 36 35 34 33 32 31 30 29 28 27 26 25 24 23 22 21 20 19 18 17 16 15 14 13 12 11 10 9 8 7 6 5 4 3 2 1 0 255 254 253 252 251 250 249 248 247 246 245 244 243 242 241 240 239 238 237 236 235 234 233 232 231 230 229 228 227 226 225 224 223 222 221 220 219 218 217 216 215 214 213 212 211 210 209 208 207 206 205 204 203 202 201 200 199 198 197 196 195 194 193 192 191 190 189 188 187 186 185 184 183 182 181 180 179 178 177 176 175 174 173 172 171 170 169 168 167 166 165 164 163 162 161 160 159 158 157 156 155 154 153 152 151 150 149 148 147 146 145 144 143 142 141 140 139 138 137 136 135 134 133 132 131 130 129 128 127 126 125 124 123 122 121 120 119 118 117 116 115 114 113 112 111 110 109 108 107 106 105 104 103 102 101 100 99 98 97 96 95 94 93 92 91 90 89 88 87 86 85 84 83 82 81 80 79 78 77 76 75 74 73 72 71 70 69 68 67 66 65 64 63 62 61 60 59 58 57 56 55 54 53 52 51 50 49 48 47 46 45 44 43 42 41 40 39 38 37 36 35 34 33 32 31 30 29 28 27 26 25 24 23 22 21 20 19 18 17 16 15 14 13 12 11 10 9 8 7 6 5 4 3 2 1 0 255 254 253 252 251 250 249 248 247 246 245 244 243 242 241 240 239 238 237 236 235 234 233 232 231 230 229 228 227 226 225 224 223 222 221 220 219 218 217 216 215 214 213 212 211 210 209 208 207 206 205 204 203 202 201 200 199 198 197 196 195 194 193 192 191 190 189 188 187 186 185 184 183 182 181 180 179 178 177 176 175 174 173 172 171 170 169 168 167 166 165 164 163 162 161 160 159 158 157 156 155 154 153 152 151 150 149 148 147 146 145 144 143 142 141 140 139 138 137 136 135 134 133 132 131 130 129 128 127 126 125 124 123 122 121 120 119 118 117 116 115 114 113 112 111 110 109 108 107 106 105 104 103 102 101 100 99 98 97 96 95 94 93 92 91 90 89 88 87 86 85 84 83 82 81 80 79 78 77 76 75 74 73 72 71 70 69 68 67 66 65]",0x26
923,525,"[126 127 128 129 130 131 132 133 134 135 136 137 138 139 140 141 142 143 144 145 146 147 148 149 150 151 152 153 154 155 156 157 158 159 160 161 162 163 164 165 166 167 168 169 170 171 172 173 174 175 176 177 178 5 41 230 201 30 249 119 192 138 195 169 16 233 196 56 57 175 179 22 231 191 251 110 22 231 208 0 135 1 89 222 172 217 142 198 124 128 153 35 164 219 40 96 235 79 224 164 215 36 201 7 101 71 164 195 88 214 141 192 185 35 187 211 8 41 133 15 93 214 25 35 30 139 77 208 149 171 78 125 94 127 176 115 17 94 227 210 213 46 20 208 170 130 175 238 33 43 151 180 164 65 159 143 6 159 115 218 167 139 229 169 64 119 172 210 72 185 174 37 39 128 105 34 22 229 49 94 119 35 134 179 216 220 139 73 148 159 73 170 44 75 238 130 38 171 58 8 223 111 199 218 146 24 81 64 154 105 105 167 8 227 228 229 230 231 232 233 234 235 236 237 238 239 240 241 242 243 244 245 246 247 248 249 250 251 252 253 254 255 0 1 2 3 4 5 6 7 8 9 10 11 12 13 14 15 16 17 18 19 20 21 22 23 24 25 26 27 28 29 30 31 32 33 34 35 36 240 53 87 28 163 200 158 152 205 189 228 165 175 164 210 101 219 69 29 15 25 116 152 162 144 52 221 53 211 182 90 108 208 252 62 176 19 20 115 4 233 98 97 83 76 23 155 64 88 86 86 225 120 130 200 78 194 46 181 36 176 120 16 153 177 51 239 58 79 188 51 235 164 191 30 210 145 197 18 155 176 126 213 240 57 15 197 123 14 22 58 1 120 94 11 61 189 1 27 255 166 175 97 129 129 89 176 146 241 1 226 242 37 56 12 60 163 55 218 234 7 129 4 158 88 216 234 127 243 221 24 91 87 77 204 77 97 21 133 29 222 204 77 1 18 55 127 187 25 181 139 158 237 243 188 177 195 172 2 255 163 125 115 59 122 187 65 216 53 219 149 214 106 82 178 92 189 109 44 142 152 247 190 64 67 148 30 178 20 146 251 223 216 191 237 238 41 58 236 70 97 10 230 18 135 56 7 74 169 22 217 177 14 103 207 238 161 174 224 116 181 147 177 225 202 32 238 12 193 73 199 3 56 20 192 49 237 105 184 211 244 118 171 93 72 175]",0x0C
924,62,"[182 183 184 185 186 187 188 189 190 191 192 193 194 195 196 197 198 199 200 201 202 203 204 205 206 207 208 209 210 211 212 213 214 215 216 217 218 219 220 221 222 223 224 225 226 227 228 229 230 231 232 233 234 235 236 237 238 239 240 241 242 243]",0x76
925,585,"[218 219 220 221 222 223 224 225 226 227 228 229 230 231 232 233 234 235 236 237 238 239 240 241 242 243 244 245 246 247 248 249 250 251 252 253 254 255 0 1 2 3 4 5 6 7 8 9 10 11 12 13 14 15 16 17 18 19 20 21 22 23 24 25 26 27 28 29 30 31 32 33 34 35 36 37 38 39 40 41 42 43 44 45 46 47 48 49 50 51 52 53 54 55 56 57 58 59 60 61 62 63 64 65 66 67 68 69 70 71 72 73 74 75 76 77 78 79 80 81 82 83 84 85 86 87 88 89 90 91 92 93 94 95 96 97 98 99 100 101 102 103 104 105 106 107 108 109 110 111 112 113 114 115 116 117 118 119 120 121 122 123 124 125 126 127 128 129 130 131 132 133 134 135 136 137 138 139 140 141 142 143 144 145 146 147 148 149 150 151 152 153 154 155 156 157 158 159 160 161 162 163 164 165 166 167 168 169 170 171 172 173 174 175 176 177 178 179 180 181 182 183 184 185 186 187 188 189 190 191 192 193 194 195 196 197 198 199 200 201 202 203 204 205 206 207 208 209 210 211 212 213 214 215 216 217 218 219 220 221 222 223 224 225 226 227 228 229 230 231 232 233 234 235 236 237 238 239 240 241 242 243 244 245 246 247 248 249 250 251 252 253 254 255 0 1 2 3 4 5 6 7 8 9 10 11 12 13 14 15 16 17 18 19 20 21 22 23 24 25 26 27 28 29 30 31 32 33 34 35 36 37 38 39 40 41 42 43 44 45 46 47 48 49 50 51 52 53 54 55 56 57 58 59 60 61 62 63 64 65 66 67 68 69 70 71 72 73 74 75 76 77 78 79 80 81 82 83 84 85 86 87 88 89 90 91 92 93 94 95 96 97 98 99 100 101 102 103 104 105 106 107 108 109 110 111 112 113 114 115 116 117 118 119 120 121 122 123 124 125 126 127 128 129 130 131 132 133 134 135 136 137 138 139 140 141 142 143 144 145 146 147 148 149 150 151 152 153 154 155 156 157 158 159 160 161 162 163 164 165 166 167 168 169 170 171 172 173 174 175 176 177 178 179 180 181 182 183 184 185 186 187 188 189 190 191 192 193 194 195 196 197 198 199 200 201 202 203 204 205 206 207 208 209 210 211 212 213 214 215 216 217 218 219 220 221 222 223 224 225 226 227 228 229 230 231 232 233 234 235 236 237 238 239 240 241 242 243 244 245 246 247 248 249 250 251 252 253 254 255 0 1 2 3 4 5 6 7 8 9 10 11 12 13 14 15 16 17 18 19 20 21 22 23 24 25 26 27 28 29 30 31 32 33 34]",0x2E
926,4,"[139 140 141 142]",0xA1
927,923,"[255 255 0 72 0 255 255 241 0 165 255 255 0 0 0 6 255 0 255 255 0 163 255 80 255 0 0 255 255 0 255 20 255 12 0 0 255 41 216 255 0 0 245 255 0 255 255 0 255 255 255 135 255 0 0 130 0 255 0 255 255 255 10 0 0 255 255 255 255 255 255 69 127 0 0 255 255 0 25 0 149 255 255 0 38 0 46 172 0 0 143 28 97 255 255 164 0 0 157 208 37 165 237 255 65 0 255 0 0 255 216 255 240 255 255 0 233 255 255 254 0 255 255 41 0 255 0 0 47 255 0 0 255 255 0 0 0 0 0 255 0 2 255 255 255 0 255 146 0 0 162 255 0 106 0 0 0 0 255 8 217 0 255 0 210 0 13 0 216 0 0 0 255 116 53 18 84 255 255 255 116 0 155 115 118 255 8 255 0 0 255 255 0 32 162 0 0 0 255 255 179 0 0 0 53 65 0 100 153 255 0 0 255 0 0 255 255 0 0 0 0 16 255 255 255 255 5 144 38 0 0 0 0 161 111 255 255 255 0 255 151 92 236 0 251 255 172 0 0 0 0 0 0 255 255 0 255 79 255 0 255 0 163 255 0 255 255 54 255 240 255 0 255 255 255 116 222 255 0 0 255 73 141 255 255 255 0 40 0 0 2 164 91 0 0 7 0 255 255 255 255 0 0 203 255 0 126 0 140 0 255 53 234 0 255 0 255 41 255 255 0 255 255 0 0 255 255 0 255 255 0 255 255 0 0 0 255 255 43 0 0 32 215 10 255 71 0 35 0 255 255 0 106 255 255 104 255 0 255 0 0 0 0 66 47 93 205 255 255 255 0 255 84 255 0 0 0 61 255 0 189 0 255 107 255 202 255 0 255 135 0 0 255 255 0 0 255 0 0 14 255 173 0 81 0 75 62 255 232 0 0 0 145 255 0 255 0 255 0 255 255 48 255 135 255 255 255 108 255 179 101 0 0 255 43 56 127 137 255 0 214 0 0 162 255 0 255 25 0 0 89 255 237 0 0 255 0 255 0 255 219 255 255 0 0 255 130 0 0 255 255 255 0 0 0 255 0 255 0 255 189 255 0 255 0 0 167 255 0 12 255 255 255 0 255 37 255 255 0 0 43 156 255 162 126 255 255 114 255 0 0 255 255 0 0 0 255 255 227 0 82 26 0 0 182 255 0 0 5 110 255 231 0 51 255 0 151 198 45 0 255 255 42 245 255 255 132 255 255 255 0 255 0 0 0 0 255 0 101 255 191 203 58 255 255 234 0 255 0 164 255 0 221 0 248 13 255 255 0 49 93 0 0 255 153 255 255 0 255 255 255 25 149 255 255 165 255 85 0 255 0 241 0 245 255 0 255 255 0 54 255 221 255 55 255 86 0 229 247 54 0 0 190 103 0 0 255 255 255 255 153 255 255 0 0 0 0 46 255 0 0 0 0 0 255 255 0 255 255 0 255 255 165 0 0 0 0 32 48 0 255 255 0 197 74 255 255 255 0 0 255 59 0 0 255 17 0 255 255 177 0 255 0 137 0 0 3 54 0 178 255 57 203 0 0 0 0 229 0 255 0 0 66 213 0 0 255 255 0 255 0 255 246 0 35 198 255 255 255 1 0 123 0 255 78 255 0 255 0 0 255 228 0 1 251 183 255 255 255 255 0 255 201 0 255 249 196 255 43 233 174 255 0 0 200 0 255 255 0 255 0 186 0 255 0 42 212 255 255 0 255 223 255 255 0 255 255 255 255 0 106 0 51 15 231 70 255 255 255 12 0 0 81 255 0 202 0 255 255 175 61 255 255 15 0 255 0 0 34 207 0 218 255 255 255 0 0 0 0 0 255 83 255 0 0 51 0 150 184 176 0 55 225 0 255 255 255 153 255 174 255 0 0 0 124 46 255 178 255 255 135 255 206 0 9 255 255 255 94 97 255 0 0 121 0 0 255 0 0 255 255 255 0 255 0 255 179 255 255 0 255 201 132 0 255 35 255 246 0 43 222 0 255 114 255 18 0 255 255 3 255 255 0 0 135 0 85 0 255 255 0 255 0 0 96 111 255 141 63 0 0 121 120]",0x4B
928,95,"[103 104 105 106 107 108 109 110 111 112 113 114 115 116 117 118 119 120 121 122 123 124 125 126 127 128 129 130 131 132 133 134 135 136 137 138 139 140 141 142 143 144 145 146 147 148 149 150 151 152 153 154 155 156 157 158 159 160 161 162 163 164 165 166 167 168 169 170 171 172 173 174 175 176 177 178 179 180 181 182 183 184 185 186 187 188 189 190 191 192 193 194 195 196 197]",0x88
929,27,"[97 88 0 255 110 58 15 255 255 0 255 14 178 0 255 0 170 164 10 255 235 18 255 255 138 176 255]",0xBF
930,30,"[216 13 184 157 59 236 175 205 32 71 194 149 31 108 191 156 176 22 122 123 124 125 126 127 128 250 69 1 221 17]",0x7C
931,819,"[28 190 201 96 224 50 156 106 85 137 77 57 138 135 207 166 85 176 29 46 150 142 135 162 39 205 224 133 175 209 166 111 174 238 73 205 255 195 79 31 139 29 118 86 121 80 216 111 26 165 199 108 155 114 51 152 179 63 181 220 234 44 42 222 175 33 126 194 50 233 221 151 199 38 63 198 113 46 74 159 10 37 51 227 227 54 153 92 12 39 1 251 166 33 187 156 53 126 156 92 245 24 32 219 64 33 99 43 129 187 193 77 176 247 1 165 127 100 53 31 235 7 120 52 37 90 80 118 126 129 33 43 82 20 213 25 58 163 238 34 112 76 122 112 147 10 212 8 146 208 29 174 53 50 11 94 228 180 145 209 213 151 79 225 89 44 143 21 54 216 106 125 137 126 55 234 173 166 214 173 31 86 95 172 180 142 102 224 142 210 237 108 74 95 21 89 129 52 45 81 25 126 162 150 71 220 28 0 34 185 201 196 83 223 227 209 188 215 168 246 161 42 46 110 184 35 49 19 42 56 142 99 24 40 133 33 186 24 48 224 136 253 39 19 19 239 164 86 98 179 157 91 176 87 115 217 30 110 23 9 247 144 250 219 252 239 225 185 188 241 250 241 123 224 130 144 210 212 210 212 109 135 64 118 245 209 92 162 64 53 106 43 142 108 35 179 184 227 182 55 169 249 218 111 178 4 56 102 105 224 253 116 99 33 59 35 88 191 5 223 184 94 134 27 199 200 96 66 149 82 180 182 250 90 14 226 2 114 65 105 44 172 143 103 170 21 219 116 157 70 248 115 47 40 71 197 78 21 114 54 235 95 80 114 7 135 252 87 239 31 151 43 225 185 224 177 172 135 139 200 146 110 181 246 232 83 99 245 59 32 121 114 140 8 52 205 92 234 145 5 250 81 94 233 224 175 2 0 45 195 213 57 20 109 237 134 187 181 218 251 250 138 85 201 179 200 76 149 47 56 94 181 77 84 204 233 215 47 117 180 182 101 107 147 173 18 165 131 9 15 51 91 194 80 195 127 53 198 184 9 188 171 96 161 38 150 44 28 51 31 31 226 230 187 200 92 139 208 125 188 108 88 216 85 121 27 130 155 100 165 112 109 108 220 186 116 163 210 116 216 45 151 92 25 228 125 138 132 138 149 223 242 158 96 131 179 135 66 155 227 27 18 249 205 105 7 239 203 155 202 160 172 231 104 135 199 69 153 89 12 39 29 140 30 138 187 161 191 125 188 202 64 219 239 187 248 16 38 231 7 150 68 116 98 48 149 51 104 197 171 166 128 48 114 120 51 153 131 83 53 36 225 240 209 152 246 119 11 95 45 177 75 120 239 254 136 70 112 224 60 16 209 135 229 175 9 201 48 32 143 112 77 150 190 126 201 107 127 139 80 93 130 226 140 27 187 132 102 176 42 201 183 47 216 49 173 94 193 14 63 120 182 157 244 143 77 111 19 29 132 249 62 198 93 8 41 159 58 217 93 57 199 40 243 60 208 132 189 35 53 50 34 67 215 191 78 93 188 210 108 189 145 253 176 188 215 36 94 125 39 92 175 64 123 34 29 94 186 134 160 103 150 123 101 6 216 243 135 114 195 3 35 71 21 11 240 47 151 137 73 165 83 117 97 233 238 95 63 188 80 123 139 252 98 104 17 169 48 157 61 241 20 238 140 239 126 11 50 89 240 194 154 112 114 167 184 122 204 134 131 165 203 152 236 224 197 118 156 129 1 169 234 132 43 117 0 189 171 166 111 100 69 234 94 142 117 169 251 148 104 155 8 231 43 138 97 217 246 15 52 217 116 161 94 136 68 151 110 174 155 34 48 5 91 69 21 173 183 169]",0xAD
932,67,"[2 247 2 247 2 247 2 247 2 247 2 247 2 247 2 247 2 247 2 247 2 247 2 247 2 247 2 247 2 247 2 247 2 247 2 247 2 247 2 247 2 247 2 247 2 247 2 247 2 247 2 247 2 247 2 247 2 247 2 247 2 247 2 247 2 247 2]",0xC8
933,315,"[65 23 215 178 65 23 215 178 65 23 215 178 65 23 215 178 65 23 215 178 65 23 215 178 65 23 215 178 65 23 215 178 65 23 215 178 65 23 215 178 65 23 215 178 65 23 215 178 65 23 215 178 65 23 215 178 65 23 215 178 65 23 215 178 65 23 215 178 65 23 215 178 65 23 215 178 65 23 215 178 65 23 215 178 65 23 215 178 65 23 215 178 65 23 215 178 65 23 215 178 65 23 215 178 65 23 215 178 65 23 215 178 65 23 215 178 65 23 215 178 65 23 215 178 65 23 215 178 65 23 215 178 65 23 215 178 65 23 215 178 65 23 215 178 65 23 215 178 65 23 215 178 65 23 215 178 65 23 215 178 65 23 215 178 65 23 215 178 65 23 215 178 65 23 215 178 65 23 215 178 65 23 215 178 65 23 215 178 65 23 215 178 65 23 215 178 65 23 215 178 65 23 215 178 65 23 215 178 65 23 215 178 65 23 215 178 65 23 215 178 65 23 215 178 65 23 215 178 65 23 215 178 65 23 215 178 65 23 215 178 65 23 215 178 65 23 215 178 65 23 215 178 65 23 215 178 65 23 215 178 65 23 215 178 65 23 215 178 65 23 215 178 65 23 215 178 65 23 215 178 65 23 215 178 65 23 215 178 65 23 215 178 65 23 215 178 65 23 215 178 65 23 215 178 65 23 215 178 65 23 215 178 65 23 215]",0x93
934,60,"[238 237 236 235 234 233 232 231 230 229 228 227 226 225 224 223 222 221 220 219 218 217 216 215 214 213 212 211 210 209 208 207 206 205 204 203 202 201 200 199 198 197 196 195 194 193 192 191 190 189 188 187 186 185 184 183 182 181 180 179]",0x42
935,310,"[171 170 169 168 167 166 165 164 163 162 161 160 159 158 157 156 155 154 153 152 151 150 149 148 147 146 145 144 143 142 141 140 139 138 137 136 135 134 133 132 131 130 129 128 127 126 125 124 123 122 121 120 119 118 117 116 115 114 113 112 111 110 109 108 107 106 105 104 103 102 101 100 99 98 97 96 95 94 93 92 91 90 89 88 87 86 85 84 83 82 81 80 79 78 77 76 75 74 73 72 71 70 69 68 67 66 65 64 63 62 61 60 59 58 57 56 55 54 53 52 51 50 49 48 47 46 45 44 43 42 41 40 39 38 37 36 35 34 33 32 31 30 29 28 27 26 25 24 23 22 21 20 19 18 17 16 15 14 13 12 11 10 9 8 7 6 5 4 3 2 1 0 255 254 253 252 251 250 249 248 247 246 245 244 243 242 241 240 239 238 237 236 235 234 233 232 231 230 229 228 227 226 225 224 223 222 221 220 219 218 217 216 215 214 213 212 211 210 209 208 207 206 205 204 203 202 201 200 199 198 197 196 195 194 193 192 191 190 189 188 187 186 185 184 183 182 181 180 179 178 177 176 175 174 173 172 171 170 169 168 167 166 165 164 163 162 161 160 159 158 157 156 155 154 153 152 151 150 149 148 147 146 145 144 143 142 141 140 139 138 137 136 135 134 133 132 131 130 129 128 127 126 125 124 123 122 121 120 119 118]",0x2F
936,920,"[24 24 177 237 149 145 214 254 241 155 255 185 179 25 76 149 178 51 207 224 218 137 86 215 189 9 128 210 145 68 4 58 156 64 2 17 97 118 194 138 199 38 89 132 4 245 236 170 54 35 227 73 96 101 54 185 147 227 56 86 126 120 251 152 105 73 147 139 130 241 129 58 39 232 255 151 186 107 220 88 4 9 211 107 247 106 242 120 184 75 140 83 173 58 91 162 77 71 97 159 85 111 5 179 207 211 140 108 47 167 147 110 157 244 34 246 145 212 254 237 102 117 155 163 58 242 211 33 253 254 90 217 66 41 218 143 15 213 98 43 134 120 205 122 170 90 28 11 82 171 2 63 38 118 191 141 155 242 117 208 88 158 196 211 56 65 96 64 138 206 39 104 186 180 61 169 247 160 83 131 86 136 215 34 105 162 119 200 41 223 250 92 29 252 89 125 62 14 32 60 252 203 107 81 36 124 232 254 230 16 40 36 41 31 24 89 40 37 134 52 1 178 84 188 228 236 45 172 19 118 109 52 198 233 66 63 50 175 14 16 44 139 64 252 101 120 16 180 201 85 185 58 204 138 101 184 157 136 54 217 110 114 51 238 141 118 250 93 8 58 191 39 39 116 115 117 56 43 196 154 82 50 224 34 149 156 219 14 78 247 145 106 81 38 47 199 62 56 81 193 107 7 131 71 117 226 50 86 241 197 70 27 239 37 93 84 29 25 72 94 248 137 232 32 61 41 96 234 75 152 234 128 135 141 71 107 216 102 107 29 118 21 68 250 231 159 182 60 36 141 229 213 150 252 63 196 72 249 67 93 121 82 70 120 209 198 113 80 33 222 226 17 191 226 188 86 109 76 138 227 171 117 220 0 70 111 151 254 163 97 185 251 156 90 174 118 137 244 111 80 162 145 101 77 134 41 68 217 232 100 213 26 55 152 173 64 240 159 235 27 149 87 221 3 196 42 227 118 44 209 128 15 8 64 182 111 134 34 184 92 85 148 195 6 12 24 216 218 163 11 192 222 234 205 114 117 127 121 131 20 208 0 7 6 230 254 76 32 4 230 91 126 96 232 213 229 110 55 154 54 83 241 222 111 82 148 195 49 232 48 156 140 84 143 225 84 226 16 136 74 238 12 4 207 189 39 241 223 62 175 109 143 202 161 24 155 47 114 100 21 25 201 147 249 243 48 219 83 44 115 73 130 165 77 139 160 157 236 166 85 24 124 147 142 140 96 245 156 56 1 145 191 28 119 248 126 218 36 115 90 7 133 102 156 139 116 25 113 248 70 98 215 133 0 138 223 176 193 9 45 149 39 192 58 81 10 109 65 8 34 100 87 220 77 106 104 153 231 172 214 47 214 179 75 229 170 119 180 1 82 198 219 204 187 127 48 28 236 53 62 184 193 104 19 124 208 225 166 175 6 54 191 135 150 207 171 107 249 61 87 170 59 97 176 86 14 143 197 190 158 195 51 187 12 189 12 197 226 212 89 249 132 97 149 78 45 41 43 58 226 103 0 77 255 188 128 32 116 163 235 125 140 145 243 86 220 110 189 123 141 84 106 134 154 94 213 184 115 188 1 151 134 131 154 205 11 38 2 60 250 95 147 253 160 43 206 141 254 193 254 228 46 191 127 33 145 23 195 92 207 174 224 47 165 221 58 200 72 208 131 170 94 211 31 49 23 243 119 122 77 120 60 243 67 236 124 111 205 126 68 111 112 75 107 30 240 163 49 202 68 152 234 195 31 139 181 51 25 37 246 216 219 63 142 124 213 107 137 148 95 8 126 126 10 124 130 34 36 239 48 79 76 168 164 233 103 199 96 61 228 123 99 231 240 115 5 8 155 218 224 230 206 223 215 215 83 100 81 39 85 232 248 38 169 247 52 215 75 105 234 14 114 129 230 146 241 81 126 5 253 59 237 102 42 107 82 243 197 53 138 171 148 234 28 10 156 190 207 54 48 214 86 168 38 205 245 248 132 61 36 62 159 111 122 121 203 212 3 235 99 61 254 31 82 232 121 237 61 104 13 116 0 81 183 185 109 3 33 61 4 55 134 32 221 15 198 114 156 123 109]",0xA2
937,305,"[206 39 206 39 206 39 206 39 206 39 206 39 206 39 206 39 206 39 206 39 206 39 206 39 206 39 206 39 206 39 206 39 206 39 206 39 206 39 206 39 206 39 206 39 206 39 206 39 206 39 206 39 206 39 206 39 206 39 206 39 206 39 206 39 206 39 206 39 206 39 206 39 206 39 206 39 206 39 206 39 206 39 206 39 206 39 206 39 206 39 206 39 206 39 206 39 206 39 206 39 206 39 206 39 206 39 206 39 206 39 206 39 206 39 206 39 206 39 206 39 206 39 206 39 206 39 206 39 206 39 206 39 206 39 206 39 206 39 206 39 206 39 206 39 206 39 206 39 206 39 206 39 206 39 206 39 206 39 206 39 206 39 206 39 206 39 206 39 206 39 206 39 206 39 206 39 206 39 206 39 206 39 206 39 206 39 206 39 206 39 206 39 206 39 206 39 206 39 206 39 206 39 206 39 206 39 206 39 206 39 206 39 206 39 206 39 206 39 206 39 206 39 206 39 206 39 206 39 206 39 206 39 206 39 206 39 206 39 206 39 206 39 206 39 206 39 206 39 206 39 206 39 206 39 206 39 206 39 206 39 206 39 206 39 206 39 206 39 206 39 206 39 206 39 206 39 206 39 206 39 206 39 206 39 206 39 206 39 206 39 206 39 206 39 206 39 206 39 206 39 206 39 206 39 206]",0x6D
938,7,"[64 90 100 78 236 32 196]",0xCB
939,6,"[0 52 255 255 0 11]",0x82
940,735,"[97 98 99 100 101 102 103 104 105 106 107 108 109 110 111 112 113 114 115 116 117 118 119 120 121 122 123 124 125 126 127 128 129 130 131 132 133 134 135 136 137 138 139 140 141 142 143 144 110 197 69 245 24 192 18 216 34 150 85 154 12 225 88 120 160 158 163 39 203 117 204 237 26 91 135 34 66 12 174 127 8 77 104 87 4 73 20 1 90 98 234 32 179 67 127 110 123 195 4 84 87 24 2 184 225 79 167 254 42 70 209 0 151 122 184 135 132 181 140 252 178 206 108 245 114 88 240 96 93 142 217 84 212 41 44 115 67 123 3 70 242 225 7 205 113 209 71 140 252 83 226 224 39 62 32 73 134 237 101 252 102 150 246 154 99 134 139 26 103 134 199 1 208 69 183 197 220 243 230 162 185 179 132 196 115 209 190 125 131 164 85 142 230 79 176 32 226 231 145 152 104 152 224 39 128 224 18 51 131 158 181 47 153 87 80 16 31 204 116 191 209 203 251 66 18 133 246 51 139 104 159 111 253 199 197 93 195 133 219 200 171 61 146 228 159 212 136 215 149 217 121 170 14 112 35 58 138 138 204 121 241 85 117 197 168 42 132 19 38 26 24 37 227 176 172 229 178 155 190 178 153 27 17 42 159 133 139 98 210 189 13 51 139 48 36 2 251 59 108 160 63 208 151 175 39 184 13 82 110 24 143 87 34 73 148 57 120 176 156 195 177 124 133 67 238 230 209 38 197 237 232 231 172 64 149 72 205 44 55 67 152 150 140 37 118 237 240 122 67 254 56 215 75 232 30 80 164 24 100 100 130 0 166 104 61 52 198 73 173 2 248 20 103 170 159 228 248 184 163 25 112 47 97 36 201 131 28 133 84 128 65 193 2 35 146 165 10 170 51 37 5 125 192 152 221 136 2 218 235 223 48 253 246 148 50 49 132 228 98 126 107 189 25 184 201 183 99 123 54 177 53 142 191 47 69 112 165 82 45 39 67 103 23 243 255 223 211 109 86 110 4 40 139 237 237 182 124 68 105 252 219 124 218 191 103 126 118 3 82 9 226 150 103 25 10 65 101 153 90 123 174 11 134 72 200 82 43 202 196 118 47 121 113 37 92 208 128 33 226 190 139 24 24 24 24 24 24 24 24 24 24 24 24 24 24 24 24 24 24 24 24 24 24 24 24 24 24 24 24 24 24 24 24 24 24 24 24 24 24 24 24 24 24 24 24 24 24 24 24 24 24 24 24 24 24 24 24 24 24 24 24 24 24 24 24 24 24 24 24 24 24 24 24 24 24 24 24 24 24 24 24 24 24 24 24 24 24 24 24 24 24 24 24 24 24 24 24 24 24 24 24 24 24 24 24 24 24 24 24 24 24 24 24 24 24 24 24 24 24 24 24 24 24 24 24 24 24 24 24 24 24 24 24 24 24 24 24 24 24 24 24 24 24 24 24 24 24 24 24 24 24 24 24 24 24 24 24 24 24 24 24 24 24 24 24 24 24 24 24 24 24 24 24 24 24 24 24 24 24 24 24 24 24 24 24 24 24 24 24 24 24 24 24 24 24 24 24 24 24 24 24 24 24 24 24 24 24 24 24 24 24 24 24 24 24 24 24 24 24 24 24 24 24 24 24 24 24 24 24 24 24 24 24 24 24]",0x4A
941,665,"[0 0 70 255 255 0 0 255 37 0 0 0 255 255 255 121 255 0 150 0 164 255 255 84 255 157 255 255 54 122 0 255 0 255 49 255 255 0 0 255 241 32 255 76 129 0 255 255 255 76 255 162 255 27 255 0 134 156 255 78 255 255 0 0 0 0 88 136 0 255 0 255 255 0 4 225 126 0 187 90 255 0 255 0 255 218 255 255 255 0 0 93 212 255 0 42 235 0 0 0 255 200 0 59 0 0 255 255 0 255 255 0 0 0 0 0 0 149 0 255 214 255 0 249 0 44 255 0 255 44 255 0 255 255 255 0 43 19 255 0 255 255 0 255 163 0 255 0 46 255 0 255 0 0 251 0 229 255 255 255 255 83 0 0 255 0 0 255 0 0 124 0 0 0 255 255 255 255 199 0 210 214 0 0 255 50 0 255 0 0 255 255 159 0 255 50 0 255 255 56 255 0 172 255 255 0 255 210 244 255 255 255 255 175 0 236 0 255 0 255 255 0 151 248 241 0 140 141 15 255 0 255 255 45 255 191 54 0 255 46 0 0 255 131 25 255 255 255 167 150 0 255 138 0 0 0 255 97 249 255 255 255 161 255 255 0 255 17 0 87 0 255 135 0 255 0 255 255 19 255 255 186 255 255 119 0 255 126 62 0 0 182 176 0 255 197 0 148 255 255 133 255 255 77 255 0 0 49 255 25 0 255 223 255 255 0 238 255 150 0 0 255 0 255 0 72 255 0 255 10 0 194 34 255 255 255 179 255 0 0 255 255 0 255 255 255 255 0 255 0 0 225 255 255 0 255 78 160 0 78 0 255 0 255 0 255 255 0 18 0 0 0 255 255 201 0 85 255 255 255 255 0 116 215 255 255 0 86 252 221 206 0 255 0 64 255 0 255 0 126 0 0 0 0 255 255 255 0 255 255 0 60 255 255 151 0 122 0 190 255 0 0 255 81 0 83 213 0 255 255 0 0 0 0 0 255 50 231 255 0 201 0 255 0 255 250 223 255 162 255 255 0 247 244 255 5 0 0 0 66 249 0 255 0 180 172 255 24 0 152 183 255 160 255 255 142 255 206 0 0 255 96 127 255 0 255 0 0 95 0 255 0 0 255 0 0 255 154 0 0 255 60 0 255 217 255 193 0 0 139 255 199 48 50 228 181 0 255 255 0 255 0 255 255 255 64 242 0 255 0 49 0 255 0 255 146 255 255 0 0 0 255 173 32 255 255 255 196 31 0 0 153 255 175 60 255 255 255 255 255 170 0 0 166 255 36 255 0 134 0 100 0 130 255 0 0 117 0 248 175 217 0 255 0 43 255 140 0 255 255 192 0 0 0 0 173 0 0 119 255 0 0 0 99 160 72 0 122 0 255 255 255 0 93 0 255 0 2 255 255 255 255 0 0 194 17 255 0 0 218 255 255 0 0 112 1 0 0 0 255 255 3 255 0 255 35 0 255 0 43 255 255 255 0 255 43 38 0 0 255 0 89 246 174 255]",0xB3
942,5,"[61 62 63 206 131]",0xB2
943,26,"[56 83 124 115 56 83 124 115 56 83 124 115 56 83 124 115 56 83 124 115 56 83 124 115 56 83]",0x79
944,12,"[255 255 0 255 0 0 0 255 0 255 0 0]",0x24
945,6,"[59 54 155 209 60 251]",0xFE
946,14,"[229 230 231 232 233 234 235 236 237 238 239 240 241 242]",0xB8
947,740,"[141 141 209 141 141 209 141 141 209 141 141 209 141 141 209 141 141 209 141 141 209 141 141 209 141 141 209 141 141 209 141 141 209 141 141 209 141 141 209 141 141 209 141 141 209 141 141 209 141 141 209 141 141 209 141 141 209 141 141 209 141 141 209 141 141 209 141 141 209 141 141 209 141 141 209 141 141 209 141 141 209 141 141 209 141 141 209 141 141 209 141 141 209 141 141 209 141 141 209 141 141 209 141 141 209 141 141 209 141 141 209 141 141 209 141 141 209 141 141 209 141 141 209 141 141 209 141 141 209 141 141 209 141 141 209 141 141 209 141 141 209 141 141 209 141 141 209 141 141 209 141 141 209 141 141 209 141 141 209 141 141 209 141 141 209 141 141 209 141 141 209 141 141 209 141 141 209 141 141 209 141 141 209 141 141 209 141 141 209 141 141 209 141 141 209 141 141 209 141 141 209 141 141 209 141 141 209 141 141 209 141 141 209 141 141 209 141 141 209 141 141 209 141 141 209 141 141 209 141 141 209 141 141 209 141 141 209 141 141 209 141 141 209 141 141 209 141 141 209 141 141 209 141 141 209 141 141 209 141 141 209 141 141 209 141 141 209 141 141 209 141 141 209 141 141 209 141 141 209 141 141 209 141 141 209 141 141 209 141 141 209 141 141 209 141 141 209 141 141 209 141 141 209 141 141 209 141 141 209 141 141 209 141 141 209 141 141 209 141 141 209 141 141 209 141 141 209 141 141 209 141 141 209 141 141 209 141 141 209 141 141 209 141 141 209 141 141 209 141 141 209 141 141 209 141 141 209 141 141 209 141 141 209 141 141 209 141 141 209 141 141 209 141 141 209 141 141 209 141 141 209 141 141 209 141 141 209 141 141 209 141 141 209 141 141 209 141 141 209 141 141 209 141 141 209 141 141 209 141 141 209 141 141 209 141 141 209 141 141 209 141 141 209 141 141 209 141 141 209 141 141 209 141 141 209 141 141 209 141 141 209 141 141 209 141 141 209 141 141 209 141 141 209 141 141 209 141 141 209 141 141 209 141 141 209 141 141 209 141 141 209 141 141 209 141 141 209 141 141 209 141 141 209 141 141 209 141 141 209 141 141 209 141 141 209 141 141 209 141 141 209 141 141 209 141 141 209 141 141 209 141 141 209 141 141 209 141 141 209 141 141 209 141 141 209 141 141 209 141 141 209 141 141 209 141 141 209 141 141 209 141 141 209 141 141 209 141 141 209 141 141 209 141 141 209 141 141 209 141 141 209 141 141 209 141 141 209 141 141 209 141 141 209 141 141 209 141 141 209 141 141 209 141 141 209 141 141 209 141 141 209 141 141 209 141 141 209 141 141 209 141 141 209 141 141 209 141 141 209 141 141 209 141 141 209 141 141 209 141 141 209 141 141 209 141 141 209 141 141 209 141 141 209 141 141 209 141 141 209 141 141 209 141 141 209 141 141 209 141 141 209 141 141 209 141 141 209 141 141 209 141 141 209 141 141 209 141 141 209 141 141 209 141 141 209 141 141 209 141 141 209 141 141 209 141 141 209 141 141 209 141 141 209 141 141 209 141 141 209 141 141 209 141 141 209 141 141 209 141 141 209 141 141 209 141 141 209 141 141 209 141 141 209 141 141 209 141 141 209 141 141 209 141 141 209 141 141 209 141 141]",0x2B
948,63,"[179 180 181 182 183 184 185 186 187 188 189 190 191 192 193 194 195 196 197 198 199 200 201 202 203 204 205 206 207 208 209 210 211 212 213 214 215 216 217 218 219 220 221 222 223 224 225 226 227 228 229 230 231 232 233 234 235 236 237 238 239 240 241]",0xE7
949,5,"[77 71 173 72 77]",0xD3
950,13,"[141 36 209 141 36 209 141 36 209 141 36 209 141]",0xC3
951,90,"[255 0 0 0 67 0 0 3 51 193 0 0 255 0 196 0 0 221 0 28 255 255 255 255 0 255 0 0 255 255 237 0 255 180 255 255 255 255 255 0 255 80 0 0 0 0 183 255 0 255 255 0 255 60 255 0 133 0 72 0 0 145 255 0 255 0 0 255 0 209 255 0 255 229 195 222 255 255 255 0 6 0 110 0 255 199 255 194 231 255]",0xF6
952,9,"[142 143 144 145 146 147 148 149 150]",0x9A
953,95,"[36 139 36 139 36 139 36 139 36 139 36 139 36 139 36 139 36 139 36 139 36 139 36 139 36 139 36 139 36 139 36 139 36 139 36 139 36 139 36 139 36 139 36 139 36 139 36 139 36 139 36 139 36 139 36 139 36 139 36 139 36 139 36 139 36 139 36 139 36 139 36 139 36 139 36 139 36 139 36 139 36 139 36 139 36 139 36 139 36 139 36 139 36 139 36]",0xAC
954,51,"[213 90 162 161 162 59 26 18 145 24 101 224 19 166 109 220 190 30 74 163 43 205 62 212 68 55 241 162 138 12 72 31 40 67 34 230 21 219 122 40 134 220 227 91 171 16 127 58 76 118 233]",0x57
955,445,"[223 21 223 21 223 21 223 21 223 21 223 21 223 21 223 21 223 21 223 21 223 21 223 21 223 21 223 21 223 21 223 21 223 21 223 21 223 21 223 21 223 21 223 21 223 21 223 21 223 21 223 21 223 21 223 21 223 21 223 21 223 21 223 21 223 21 223 21 223 21 223 21 223 21 223 21 223 21 223 21 223 21 223 21 223 21 223 21 223 21 223 21 223 21 223 21 223 21 223 21 223 21 223 21 223 21 223 21 223 21 223 21 223 21 223 21 223 21 223 21 223 21 223 21 223 21 223 21 223 21 223 21 223 21 223 21 223 21 223 21 223 21 223 21 223 21 223 21 223 21 223 21 223 21 223 21 223 21 223 21 223 21 223 21 223 21 223 21 223 21 223 21 223 21 223 21 223 21 223 21 223 21 223 21 223 21 223 21 223 21 223 21 223 21 223 21 223 21 223 21 223 21 223 21 223 21 223 21 223 21 223 21 223 21 223 21 223 21 223 21 223 21 223 21 223 21 223 21 223 21 223 21 223 21 223 21 223 21 223 21 223 21 223 21 223 21 223 21 223 21 223 21 223 21 223 21 223 21 223 21 223 21 223 21 223 21 223 21 223 21 223 21 223 21 223 21 223 21 223 21 223 21 223 21 223 21 223 21 223 21 223 21 223 21 223 21 223 21 223 21 223 21 223 21 223 21 223 21 223 21 223 21 223 21 223 21 223 21 223 21 223 21 223 21 223 21 223 21 223 21 223 21 223 21 223 21 223 21 223 21 223 21 223 21 223 21 223 21 223 21 223 21 223 21 223 21 223 21 223 21 223 21 223 21 223 21 223 21 223 21 223 21 223 21 223 21 223 21 223 21 223 21 223 21 223 21 223 21 223 21 223 21 223 21 223 21 223 21 223 21 223 21 223 21 223 21 223 21 223 21 223 21 223 21 223 21 223 21 223 21 223 21 223 21 223 21 223 21 223 21 223 21 223 21 223 21 223 21 223 21 223 21 223 21 223]",0x0B
956,253,"[141 141 141 141 141 141 141 141 141 141 141 141 141 141 141 141 141 141 141 141 141 141 141 141 141 141 141 141 141 141 141 141 141 141 141 141 141 141 141 141 141 141 141 141 141 141 141 141 141 141 141 141 141 141 141 141 141 141 141 141 141 141 141 141 141 141 141 141 141 141 141 141 141 141 141 141 141 141 141 141 141 141 141 141 141 141 141 141 141 141 141 141 141 141 141 141 141 141 141 141 141 141 141 141 141 141 141 141 141 141 141 141 141 141 141 141 141 141 141 141 141 141 141 141 141 141 141 141 141 141 141 141 141 141 141 141 141 141 141 141 141 141 141 141 141 141 141 141 141 141 141 141 141 141 141 141 141 141 141 141 141 141 141 141 141 141 141 141 141 141 141 141 141 141 141 141 141 141 141 141 141 141 141 141 141 141 141 141 141 141 141 141 141 141 141 141 141 141 141 141 141 141 141 141 141 141 141 141 141 141 141 141 141 141 141 141 141 141 141 141 141 141 141 141 141 141 141 141 141 141 141 141 141 141 141 141 141 141 141 141 141 141 141 141 141 141 141 141 141 141 141 141 141]",0x8D
957,52,"[80 182 111 210 117 224 100 92 65 118 212 182 44 236 114 56 240 112 44 210 128 50 174 251 21 111 131 169 58 47 189 171 62 14 204 174 225 17 124 40 172 63 67 183 211 233 19 206 248 13 233 244]",0x7E
958,4,"[4 142 148 166]",0x12
959,53,"[104 85 104 85 104 85 104 85 104 85 104 85 104 85 104 85 104 85 104 85 104 85 104 85 104 85 104 85 104 85 104 85 104 85 104 85 104 85 104 85 104 85 104 85 104 85 104 85 104 85 104 85 104]",0x2C
960,687,"[0 224 0 0 255 255 255 0 255 255 9 13 203 0 0 0 255 0 255 255 0 24 78 255 0 255 255 255 0 0 0 255 0 0 0 160 242 0 0 0 0 255 34 255 0 255 255 255 176 255 0 0 8 255 0 0 255 107 255 85 255 0 154 255 255 0 0 0 255 255 255 0 51 0 0 228 0 255 42 204 12 139 0 108 255 255 255 255 0 255 0 0 255 192 54 0 0 255 0 0 255 255 29 255 255 0 0 255 0 0 255 212 0 255 0 0 0 0 55 255 0 255 0 106 255 255 255 255 255 255 247 0 0 0 121 14 0 255 0 238 0 0 145 255 255 51 255 0 255 255 0 255 0 213 115 66 156 75 255 37 0 152 207 0 125 153 11 193 255 0 0 0 255 192 0 255 16 255 255 12 0 0 204 255 0 255 0 139 191 0 0 156 255 255 255 255 0 0 0 0 255 255 255 255 255 109 0 201 255 0 0 198 126 255 0 58 255 77 35 0 22 0 0 255 0 0 0 255 75 0 255 0 122 11 255 0 47 18 0 230 255 255 175 255 255 255 13 214 255 145 255 162 0 73 0 255 183 255 217 255 255 0 148 255 0 255 0 1 255 255 0 201 0 0 87 0 255 0 255 0 0 130 0 255 0 255 0 255 255 0 255 57 255 17 255 255 164 255 181 255 0 0 255 255 0 0 25 0 255 130 64 255 0 156 0 52 0 202 0 0 255 152 42 88 255 196 190 0 0 255 0 255 216 0 255 93 255 164 72 0 56 238 255 79 255 0 255 11 6 255 255 223 49 255 74 255 0 0 87 255 191 166 10 255 255 0 193 118 255 255 18 255 255 255 255 0 255 207 255 0 255 0 0 0 255 255 0 0 255 146 255 247 42 165 255 0 255 0 0 0 255 78 0 255 0 0 69 0 255 0 255 255 211 113 161 0 255 255 255 255 61 0 0 11 0 125 255 0 97 0 255 122 89 61 90 205 255 255 255 212 0 255 0 255 255 255 255 0 0 255 255 247 0 186 0 255 72 255 255 241 67 216 0 255 255 255 0 153 255 189 255 0 0 0 153 255 0 0 255 131 255 0 255 0 255 150 0 0 192 4 255 255 0 0 0 0 255 45 84 69 255 255 255 124 185 0 255 255 203 215 0 0 255 41 83 52 255 124 255 255 0 0 255 0 56 0 255 255 255 255 0 255 0 106 0 255 0 255 255 0 184 0 151 0 255 0 0 134 0 119 255 96 0 255 187 0 0 255 202 255 255 24 0 255 0 0 0 0 0 0 215 100 243 31 86 255 230 197 255 255 255 73 0 255 205 57 0 186 0 127 0 255 115 255 0 0 223 255 247 255 212 70 207 255 0 128 255 108 42 21 255 255 243 158 0 0 255 0 206 255 158 255 255 242 71 0 185 55 0 255 234 0 0 255 0 254 76 0 0 255 0 105 126 0 255 0 255 255 246 111 188 255 9 0 21 255 255 255 0 255 255 255 0 216 0 0 0 8 239 255 255 176 255 0 255 255 255 255 14 12 165 0 218 0 0 0 206]",0x1B
961,70,"[19 20 21 22 23 24 25 26 27 28 29 30 31 32 33 34 35 36 37 38 39 40 41 42 43 44 45 46 47 48 49 50 51 52 53 54 55 56 57 58 59 60 61 62 63 64 65 66 67 68 69 70 71 72 73 74 75 76 77 78 79 80 81 82 83 84 85 86 87 88]",0xE4
962,22,"[255 255 0 119 255 0 114 255 102 0 114 180 255 0 255 239 98 150 54 0 255 235]",0x05
963,329,"[84 115 84 115 84 115 84 115 84 115 84 115 84 115 84 115 84 115 84 115 84 115 84 115 84 115 84 115 84 115 84 115 84 115 84 115 84 115 84 115 84 115 84 115 84 115 84 115 84 115 84 115 84 115 84 115 84 115 84 115 84 115 84 115 84 115 84 115 84 115 84 115 84 115 84 115 84 115 84 115 84 115 84 115 84 115 84 115 84 115 84 115 84 115 84 115 84 115 84 115 84 115 84 115 84 115 84 115 84 115 84 115 84 115 84 115 84 115 84 115 84 115 84 115 84 115 84 115 84 115 84 115 84 115 84 115 84 115 84 115 84 115 84 115 84 115 84 115 84 115 84 115 84 115 84 115 84 115 84 115 84 115 84 115 84 115 84 115 84 115 84 115 84 115 84 115 84 115 84 115 84 115 84 115 84 115 84 115 84 115 84 115 84 115 84 115 84 115 84 115 84 115 84 115 84 115 84 115 84 115 84 115 84 115 84 115 84 115 84 115 84 115 84 115 84 115 84 115 84 115 84 115 84 115 84 115 84 115 84 115 84 115 84 115 84 115 84 115 84 115 84 115 84 115 84 115 84 115 84 115 84 115 84 115 84 115 84 115 84 115 84 115 84 115 84 115 84 115 84 115 84 115 84 115 84 115 84 115 84 115 84 115 84 115 84 115 84 115 84 115 84 115 84 115 84 115 84 115 84 115 84 115 84 115 84 115 84 115 84 115 84 115 84 115 84 115 84 115 84]",0x3B
964,91,"[193 147 176 228 240 2 218 46 39 232 240 101 15 208 216 53 251 201 114 116 86 190 158 199 137 13 224 115 186 64 65 93 88 71 82 35 3 249 19 90 213 1 199 107 54 38 213 73 121 91 222 36 251 4 50 121 44 63 252 156 11 121 148 84 227 207 103 193 135 208 124 28 79 159 245 225 214 139 47 4 90 196 64 74 30 181 73 160 134 254 242]",0xC8
965,83,"[69 3 69 3 69 3 69 3 69 3 69 3 69 3 69 3 69 3 69 3 69 3 69 3 69 3 69 3 69 3 69 3 69 3 69 3 69 3 69 3 69 3 69 3 69 3 69 3 69 3 69 3 69 3 69 3 69 3 69 3 69 3 69 3 69 3 69 3 69 3 69 3 69 3 69 3 69 3 69 3 69 3 69]",0x05
966,353,"[42 16 42 16 42 16 42 16 42 16 42 16 42 16 42 16 42 16 42 16 42 16 42 16 42 16 42 16 42 16 42 16 42 16 42 16 42 16 42 16 42 16 42 16 42 16 42 16 42 16 42 16 42 16 42 16 42 16 42 16 42 16 42 16 42 16 42 16 42 16 42 16 42 16 42 16 42 16 42 16 42 16 42 16 42 16 42 16 42 16 42 16 42 16 42 16 42 16 42 16 42 16 42 16 42 16 42 16 42 16 42 16 42 16 42 16 42 16 42 16 42 16 42 16 42 16 42 16 42 16 42 16 42 16 42 16 42 16 42 16 42 16 42 16 42 16 42 16 42 16 42 16 42 16 42 16 42 16 42 16 42 16 42 16 42 16 42 16 42 16 42 16 42 16 42 16 42 16 42 16 42 16 42 16 42 16 42 16 42 16 42 16 42 16 42 16 42 16 42 16 42 16 42 16 42 16 42 16 42 16 42 16 42 16 42 16 42 16 42 16 42 16 42 16 42 16 42 16 42 16 42 16 42 16 42 16 42 16 42 16 42 16 42 16 42 16 42 16 42 16 42 16 42 16 42 16 42 16 42 16 42 16 42 16 42 16 42 16 42 16 42 16 42 16 42 16 42 16 42 16 42 16 42 16 42 16 42 16 42 16 42 16 42 16 42 16 42 16 42 16 42 16 42 16 42 16 42 16 42 16 42 16 42 16 42 16 42 16 42 16 42 16 42 16 42 16 42 16 42 16 42 16 42 16 42 16 42 16 42 16 42 16 42 16 42 16 42 16 42 16 42 16 42]",0xBF
967,364,"[26 8 26 8 26 8 26 8 26 8 26 8 26 8 26 8 26 8 26 8 26 8 26 8 26 8 26 8 26 8 26 8 26 8 26 8 26 8 26 8 26 8 26 8 26 8 26 8 26 8 26 8 26 8 26 8 26 8 26 8 26 8 26 8 26 8 26 8 26 8 26 8 26 8 26 8 26 8 26 8 26 8 26 8 26 8 26 8 26 8 26 8 26 8 26 8 26 8 26 8 26 8 26 8 26 8 26 8 26 8 26 8 26 8 26 8 26 8 26 8 26 8 26 8 26 8 26 8 26 8 26 8 26 8 26 8 26 8 26 8 26 8 26 8 26 8 26 8 26 8 26 8 26 8 26 8 26 8 26 8 26 8 26 8 26 8 26 8 26 8 26 8 26 8 26 8 26 8 26 8 26 8 26 8 26 8 26 8 26 8 26 8 26 8 26 8 26 8 26 8 26 8 26 8 26 8 26 8 26 8 26 8 26 8 26 8 26 8 26 8 26 8 26 8 26 8 26 8 26 8 26 8 26 8 26 8 26 8 26 8 26 8 26 8 26 8 26 8 26 8 26 8 26 8 26 8 26 8 26 8 26 8 26 8 26 8 26 8 26 8 26 8 26 8 26 8 26 8 26 8 26 8 26 8 26 8 26 8 26 8 26 8 26 8 26 8 26 8 26 8 26 8 26 8 26 8 26 8 26 8 26 8 26 8 26 8 26 8 26 8 26 8 26 8 26 8 26 8 26 8 26 8 26 8 26 8 26 8 26 8 26 8 26 8 26 8 26 8 26 8 26 8 26 8 26 8 26 8 26 8 26 8 26 8]",0xE2
968,9,"[91 7 76 10 115 129 150 166 10]",0xA3
969,480,"[217 244 154 227 49 154 115 9 160 147 11 53 74 49 166 136 94 110 247 28 47 137 250 189 210 187 20 75 138 15 102 53 166 25 201 146 95 35 171 214 217 33 250 82 61 94 109 149 140 42 71 189 54 177 193 192 189 66 107 120 242 84 240 223 195 175 126 30 124 6 125 161 103 32 178 215 164 148 108 172 80 148 85 158 119 58 69 186 43 74 185 7 0 100 242 12 229 144 25 212 11 131 158 173 60 68 217 91 135 114 46 104 11 38 213 236 5 82 239 184 3 27 188 174 224 193 241 139 67 33 1 31 153 103 202 84 91 157 239 151 59 100 236 205 8 64 154 188 30 131 143 31 112 0 179 19 37 202 105 177 167 38 43 168 60 113 210 70 87 80 190 82 98 142 130 70 155 90 117 96 200 138 252 126 228 146 228 170 30 24 195 175 115 109 169 142 51 224 180 166 121 242 2 178 251 151 151 203 6 29 216 168 251 104 114 169 46 73 220 205 146 91 162 44 110 128 118 107 96 148 91 150 133 90 200 10 69 126 233 18 149 43 3 221 224 70 220 96 12 57 166 52 147 46 53 172 222 191 14 236 41 186 186 115 144 24 249 16 232 63 100 194 225 178 31 90 156 252 103 77 71 218 43 165 217 218 33 203 235 200 179 132 196 147 104 126 167 143 171 251 66 254 13 155 239 26 253 235 218 134 54 22 16 150 179 56 125 135 229 32 204 197 174 63 13 200 143 160 218 33 52 107 90 243 81 230 136 24 172 191 41 107 37 45 176 126 8 239 176 13 184 214 103 193 74 31 248 1 134 25 152 1 15 180 207 203 44 1 191 46 81 70 238 224 116 202 190 120 24 198 173 40 124 203 196 248 118 211 1 164 71 40 188 95 157 212 137 112 158 254 32 69 239 254 142 4 212 161 134 247 34 88 160 1 221 195 60 78 78 220 82 71 189 148 91 147 235 115 1 187 255 13 156 102 144 78 192 23 23 138 82 236 49 198 249 83 234 81 141 0 67 13 7 254 195 86 174 134 234 63 131 1 186 147 159 185 97 40 47 187 254 115 43 17 123 183 154 74 152 139]",0xB4
970,47,"[6 122 241 208 51 72 249 15 116 178 251 249 192 124 159 203 74 170 69 37 107 26 215 77 237 201 80 112 206 175 167 185 107 89 41 92 161 80 49 245 148 8 172 99 234 55 135]",0x10
971,175,"[141 171 0 147 138 39 255 0 255 255 0 0 255 255 221 0 0 255 255 255 255 0 0 64 255 255 255 187 0 255 0 83 255 210 38 255 255 255 255 0 102 113 14 118 0 0 178 240 176 33 255 0 255 187 255 255 0 255 0 255 0 0 255 241 255 255 0 255 0 165 255 255 255 255 255 0 255 255 0 185 0 255 177 255 255 255 0 39 255 0 255 164 255 227 0 0 0 218 17 0 0 0 0 0 234 162 255 255 50 98 255 69 255 0 0 135 173 0 0 178 168 0 255 0 0 54 1 0 255 0 255 0 255 13 0 255 0 255 17 0 0 255 0 0 255 255 255 255 141 0 155 0 49 255 0 0 166 0 0 0 255 62 141 255 0 255 104 0 255 255 255 0 0 255 0]",0xF4
972,886,"[114 113 112 111 110 109 108 107 106 105 104 103 102 101 100 99 98 97 96 95 94 93 92 91 90 89 88 87 86 85 84 83 82 81 80 79 78 77 76 75 74 73 72 71 70 69 68 67 66 65 64 63 62 61 60 59 58 57 56 55 54 53 52 51 50 49 48 47 46 45 44 43 42 41 40 39 38 37 36 35 34 33 32 31 30 29 28 27 26 25 24 23 22 21 20 19 18 17 16 15 14 13 12 11 10 9 8 7 6 5 4 3 2 1 0 255 254 253 252 251 250 249 248 247 246 245 244 243 242 241 240 239 238 237 236 235 234 233 232 231 230 229 228 227 226 225 224 223 222 221 220 219 218 217 216 215 214 213 212 211 210 209 208 207 206 205 204 203 202 201 200 199 198 197 196 195 194 193 192 191 190 189 188 187 186 185 184 183 182 181 180 179 178 177 176 175 174 173 172 171 170 169 168 167 166 165 164 163 162 161 160 159 158 157 156 155 154 153 152 151 150 149 148 147 146 145 144 143 142 141 140 139 138 137 136 135 134 133 132 131 130 129 128 127 126 125 124 123 122 121 120 119 118 117 116 115 114 113 112 111 110 109 108 107 106 105 104 103 102 101 100 99 98 97 96 95 94 93 92 91 90 89 88 87 86 85 84 83 82 81 80 79 78 77 76 75 74 73 72 71 70 69 68 67 66 65 64 63 62 61 60 59 58 57 56 55 54 53 52 51 50 49 48 47 46 45 44 43 42 41 40 39 38 37 36 35 34 33 32 31 30 29 28 27 26 25 24 23 22 21 20 19 18 17 16 15 14 13 12 11 10 9 8 7 6 5 4 3 2 1 0 255 254 253 252 251 250 249 248 247 246 245 244 243 242 241 240 239 238 237 236 235 234 233 232 231 230 229 228 227 226 225 224 223 222 221 220 219 218 217 216 215 214 213 212 211 210 209 208 207 206 205 204 203 202 201 200 199 198 197 196 195 194 193 192 191 190 189 188 187 186 185 184 183 182 181 180 179 178 177 176 175 174 173 172 171 170 169 168 167 166 165 164 163 162 161 160 159 158 157 156 155 154 153 152 151 150 149 148 147 146 145 144 143 142 141 140 139 138 137 136 135 134 133 132 131 130 129 128 127 126 125 124 123 122 121 120 119 118 117 116 115 114 113 112 111 110 109 108 107 106 105 104 103 102 101 100 99 98 97 96 95 94 93 92 91 90 89 88 87 86 85 84 83 82 81 80 79 78 77 76 75 74 73 72 71 70 69 68 67 66 65 64 63 62 61 60 59 58 57 56 55 54 53 52 51 50 49 48 47 46 45 44 43 42 41 40 39 38 37 36 35 34 33 32 31 30 29 28 27 26 25 24 23 22 21 20 19 18 17 16 15 14 13 12 11 10 9 8 7 6 5 4 3 2 1 0 255 254 253 252 251 250 249 248 247 246 245 244 243 242 241 240 239 238 237 236 235 234 233 232 231 230 229 228 227 226 225 224 223 222 221 220 219 218 217 216 215 214 213 212 211 210 209 208 207 206 205 204 203 202 201 200 199 198 197 196 195 194 193 192 191 190 189 188 187 186 185 184 183 182 181 180 179 178 177 176 175 174 173 172 171 170 169 168 167 166 165 164 163 162 161 160 159 158 157 156 155 154 153 152 151 150 149 148 147 146 145 144 143 142 141 140 139 138 137 136 135 134 133 132 131 130 129 128 127 126 125 124 123 122 121 120 119 118 117 116 115 114 113 112 111 110 109 108 107 106 105 104 103 102 101 100 99 98 97 96 95 94 93 92 91 90 89 88 87 86 85 84 83 82 81 80 79 78 77 76 75 74 73 72 71 70 69 68 67 66 65 64 63 62 61 60 59 58 57 56 55 54 53 52 51 50 49 48 47 46 45 44 43 42 41 40 39 38 37 36 35 34 33 32 31 30 29 28 27 26 25 24 23 22 21 20 19 18 17 16 15 14 13 12 11 10 9 8 7 6 5 4 3 2 1 0 255 254 253]",0x1F
973,100,"[133 144 133 144 133 144 133 144 133 144 133 144 133 144 133 144 133 144 133 144 133 144 133 144 133 144 133 144 133 144 133 144 133 144 133 144 133 144 133 144 133 144 133 144 133 144 133 144 133 144 133 144 133 144 133 144 133 144 133 144 133 144 133 144 133 144 133 144 133 144 133 144 133 144 133 144 133 144 133 144 133 144 133 144 133 144 133 144 133 144 133 144 133 144 133 144 133 144 133 144]",0x03
974,9,"[132 133 134 135 136 137 138 123 98]",0x46
975,31,"[53 26 151 110 198 82 137 238 115 115 147 147 147 147 147 147 167 33 34 215 120 108 110 110 110 110 110 190 190 190 190]",0x80
976,502,"[150 149 148 147 146 145 144 143 142 141 140 139 138 137 136 135 134 133 132 131 130 129 128 127 126 125 124 123 122 121 120 119 118 117 116 115 114 113 112 111 110 109 108 107 106 105 104 103 102 101 100 99 98 97 96 95 94 93 92 91 90 89 88 87 86 85 84 83 82 81 80 79 78 77 76 75 74 73 72 71 70 69 68 67 66 65 64 63 62 61 60 59 58 57 56 55 54 53 52 51 50 49 48 47 46 45 44 43 42 41 40 39 38 37 36 35 34 33 32 31 30 29 28 27 26 25 24 23 22 21 20 19 18 17 16 15 14 13 12 11 10 9 8 7 6 5 4 3 2 1 0 255 254 253 252 251 250 249 248 247 246 245 244 243 242 241 240 239 238 237 236 235 234 233 232 231 230 229 228 227 226 225 224 223 222 221 220 219 218 217 216 215 214 213 212 211 210 209 208 207 206 205 204 203 202 201 200 199 198 197 196 195 194 193 192 191 190 189 188 187 186 185 184 183 182 181 180 179 178 177 176 175 174 173 172 171 170 169 168 167 166 165 164 163 162 161 160 159 158 157 156 155 154 153 152 151 150 149 148 147 146 145 144 143 142 141 140 139 138 137 136 135 134 133 132 131 130 129 128 127 126 125 124 123 122 121 120 119 118 117 116 115 114 113 112 111 110 109 108 107 106 105 104 103 102 101 100 99 98 97 96 95 94 93 92 91 90 89 88 87 86 85 84 83 82 81 80 79 78 77 76 75 74 73 72 71 70 69 68 67 66 65 64 63 62 61 60 59 58 57 56 55 54 53 52 51 50 49 48 47 46 45 44 43 42 41 40 39 38 37 36 35 34 33 32 31 30 29 28 27 26 25 24 23 22 21 20 19 18 17 16 15 14 13 12 11 10 9 8 7 6 5 4 3 2 1 0 255 254 253 252 251 250 249 248 247 246 245 244 243 242 241 240 239 238 237 236 235 234 233 232 231 230 229 228 227 226 225 224 223 222 221 220 219 218 217 216 215 214 213 212 211 210 209 208 207 206 205 204 203 202 201 200 199 198 197 196 195 194 193 192 191 190 189 188 187 186 185 184 183 182 181 180 179 178 177 176 175 174 173 172 171 170 169 168 167 166 165 164 163 162 161]",0x5B
977,784,"[212 72 97 70 211 222 35 133 97 46 142 93 183 214 3 140 148 81 205 232 195 135 2 108 177 40 198 157 84 217 164 77 50 40 252 222 176 120 217 180 142 199 30 223 32 231 56 99 194 29 249 191 66 227 10 2 82 25 209 98 158 210 39 249 166 16 138 222 229 191 248 127 103 56 117 219 13 57 248 202 71 214 36 170 51 135 161 187 232 203 76 215 16 188 123 112 179 15 223 66 208 82 187 235 176 60 179 179 236 65 248 175 81 130 195 12 86 227 27 135 147 73 103 233 15 41 230 45 44 149 251 114 133 211 178 254 156 107 85 252 206 209 49 117 5 136 18 50 72 209 26 232 144 27 252 0 41 47 222 89 213 10 245 218 121 39 57 58 179 95 0 98 146 13 141 198 144 84 92 110 216 8 90 245 212 34 90 4 186 26 98 231 34 83 208 161 194 245 233 73 76 22 96 198 66 211 146 92 107 197 80 183 106 208 54 79 127 191 40 231 4 6 114 212 33 124 109 190 54 152 235 14 226 53 21 81 130 91 33 122 0 2 212 145 93 103 116 60 186 78 147 34 7 38 90 35 168 41 208 203 72 119 174 108 20 71 131 208 17 45 238 81 96 170 94 59 247 133 94 194 26 230 207 96 47 220 244 12 252 98 206 117 133 137 246 161 75 160 23 84 44 155 136 185 86 252 81 13 69 159 194 61 199 86 41 35 209 60 56 226 93 253 68 169 49 49 207 237 228 213 149 28 86 71 64 249 38 120 237 15 190 156 92 240 85 48 185 85 73 238 78 147 167 124 79 138 102 9 79 150 3 166 7 144 15 217 233 157 32 231 186 225 118 107 151 116 43 211 48 191 228 135 64 5 167 141 176 243 115 172 36 35 126 150 252 145 234 201 230 219 138 0 116 56 182 50 121 6 23 100 186 172 109 48 78 126 242 163 32 205 184 227 156 79 216 147 179 120 205 160 227 89 216 201 94 224 151 95 70 22 23 200 98 133 213 167 241 133 28 88 35 191 119 14 4 14 172 51 199 131 148 43 224 120 105 203 8 132 184 203 39 99 82 253 188 108 55 44 254 149 185 40 191 61 195 234 99 231 118 207 116 36 171 83 19 166 148 238 22 110 59 124 215 241 97 158 60 195 232 121 223 251 155 143 97 201 208 2 64 8 198 45 27 204 147 39 216 104 95 166 9 86 20 188 70 214 107 226 56 167 241 100 40 141 110 129 121 68 131 37 149 111 248 24 192 89 178 245 229 29 224 100 18 53 7 35 119 241 207 136 82 7 14 187 139 31 220 132 214 199 85 179 254 191 67 151 110 76 72 117 79 37 193 75 95 231 169 237 153 91 56 211 114 166 189 63 249 60 193 38 249 64 131 94 231 133 172 56 242 90 25 55 49 27 125 79 126 20 150 161 65 145 77 40 174 213 39 227 153 197 177 226 15 252 225 11 64 137 219 79 12 199 111 194 83 209 92 121 239 37 149 208 176 109 205 122 164 85 14 52 119 228 33 81 84 199 139 106 16 248 206 14 11 64 13 189 52 225 156 124 28 33 31 54 26 82 207 37 76 115 157 60 157 47 160 201 5 239 182 243 67 240 116 38 188 177 235 77 161 245 223 210 224 216 97 3 252 198 57 191 93 63 144 2 249 241 202 13 19 165 204 13 144 178 41 44 238 102 70 11 9 66 158 154 57 190 118 204 236 60 114 13 195 82 166 97 36 1 163 239 231 240 176 109 134 185 76 49 17 122 23 117 208 39]",0x31
978,3,"[93 155 120]",0xB1
979,209,"[117 17 117 17 117 17 117 17 117 17 117 17 117 17 117 17 117 17 117 17 117 17 117 17 117 17 117 17 117 17 117 17 117 17 117 17 117 17 117 17 117 17 117 17 117 17 117 17 117 17 117 17 117 17 117 17 117 17 117 17 117 17 117 17 117 17 117 17 117 17 117 17 117 17 117 17 117 17 117 17 117 17 117 17 117 17 117 17 117 17 117 17 117 17 117 17 117 17 117 17 117 17 117 17 117 17 117 17 117 17 117 17 117 17 117 17 117 17 117 17 117 17 117 17 117 17 117 17 117 17 117 17 117 17 117 17 117 17 117 17 117 17 117 17 117 17 117 17 117 17 117 17 117 17 117 17 117 17 117 17 117 17 117 17 117 17 117 17 117 17 117 17 117 17 117 17 117 17 117 17 117 17 117 17 117 17 117 17 117 17 117 17 117 17 117 17 117 17 117 17 117 17 117 17 117 17 117 17 117]",0x80
980,1,"0",0x00
981,48,"[5 6 7 8 9 10 11 12 13 14 15 16 17 18 19 20 21 22 23 24 25 26 27 28 29 30 31 32 33 34 35 36 37 38 39 40 41 42 43 44 45 46 47 48 49 50 51 52]",0x9A
982,95,"[255 0 255 131 255 255 0 255 0 184 0 0 25 0 255 0 0 14 255 254 255 250 0 143 0 16 255 248 0 0 0 0 255 151 0 255 0 255 255 255 255 252 255 35 233 0 145 0 0 255 5 255 0 0 228 255 0 215 255 0 0 0 0 0 220 0 0 255 0 0 0 255 0 255 209 54 0 255 0 0 13 177 216 255 255 28 255 255 255 11 229 255 255 72 255]",0xA5
983,100,"[209 209 209 209 209 209 209 209 209 209 209 209 209 209 209 209 209 209 209 209 209 209 209 209 209 209 209 209 209 209 209 209 209 209 209 209 209 209 209 209 209 209 209 209 209 209 209 209 209 209 209 209 209 209 209 209 209 209 209 209 209 209 209 209 209 209 209 209 209 209 209 209 209 209 209 209 209 209 209 209 209 209 209 209 209 209 209 209 209 209 209 209 209 209 209 209 209 209 209 209]",0xA3
984,10,"[108 109 110 111 112 113 114 115 116 117]",0x8C
985,745,"[54 216 54 216 54 216 54 216 54 216 54 216 54 216 54 216 54 216 54 216 54 216 54 216 54 216 54 216 54 216 54 216 54 216 54 216 54 216 54 216 54 216 54 216 54 216 54 216 54 216 54 216 54 216 54 216 54 216 54 216 54 216 54 216 54 216 54 216 54 216 54 216 54 216 54 216 54 216 54 216 54 216 54 216 54 216 54 216 54 216 54 216 54 216 54 216 54 216 54 216 54 216 54 216 54 216 54 216 54 216 54 216 54 216 54 216 54 216 54 216 54 216 54 216 54 216 54 216 54 216 54 216 54 216 54 216 54 216 54 216 54 216 54 216 54 216 54 216 54 216 54 216 54 216 54 216 54 216 54 216 54 216 54 216 54 216 54 216 54 216 54 216 54 216 54 216 54 216 54 216 54 216 54 216 54 216 54 216 54 216 54 216 54 216 54 216 54 216 54 216 54 216 54 216 54 216 54 216 54 216 54 216 54 216 54 216 54 216 54 216 54 216 54 216 54 216 54 216 54 216 54 216 54 216 54 216 54 216 54 216 54 216 54 216 54 216 54 216 54 216 54 216 54 216 54 216 54 216 54 216 54 216 54 216 54 216 54 216 54 216 54 216 54 216 54 216 54 216 54 216 54 216 54 216 54 216 54 216 54 216 54 216 54 216 54 216 54 216 54 216 54 216 54 216 54 216 54 216 54 216 54 216 54 216 54 216 54 216 54 216 54 216 54 216 54 216 54 216 54 216 54 216 54 216 54 216 54 216 54 216 54 216 54 216 54 216 54 216 54 216 54 216 54 216 54 216 54 216 54 216 54 216 54 216 54 216 54 216 54 216 54 216 54 216 54 216 54 216 54 216 54 216 54 216 54 216 54 216 54 216 54 216 54 216 54 216 54 216 54 216 54 216 54 216 54 216 54 216 54 216 54 216 54 216 54 216 54 216 54 216 54 216 54 216 54 216 54 216 54 216 54 216 54 216 54 216 54 216 54 216 54 216 54 216 54 216 54 216 54 216 54 216 54 216 54 216 54 216 54 216 54 216 54 216 54 216 54 216 54 216 54 216 54 216 54 216 54 216 54 216 54 216 54 216 54 216 54 216 54 216 54 216 54 216 54 216 54 216 54 216 54 216 54 216 54 216 54 216 54 216 54 216 54 216 54 216 54 216 54 216 54 216 54 216 54 216 54 216 54 216 54 216 54 216 54 216 54 216 54 216 54 216 54 216 54 216 54 216 54 216 54 216 54 216 54 216 54 216 54 216 54 216 54 216 54 216 54 216 54 216 54 216 54 216 54 216 54 216 54 216 54 216 54 216 54 216 54 216 54 216 54 216 54 216 54 216 54 216 54 216 54 216 54 216 54 216 54 216 54 216 54 216 54 216 54 216 54 216 54 216 54 216 54 216 54 216 54 216 54 216 54 216 54 216 54 216 54 216 54 216 54 216 54 216 54 216 54 216 54 216 54 216 54 216 54 216 54 216 54 216 54 216 54 216 54 216 54 216 54 216 54 216 54 216 54 216 54 216 54 216 54 216 54 216 54 216 54 216 54 216 54 216 54 216 54 216 54 216 54 216 54 216 54 216 54 216 54 216 54 216 54 216 54 216 54 216 54 216 54 216 54 216 54 216 54 216 54 216 54 216 54 216 54 216 54 216 54 216 54 216 54 216 54 216 54]",0xC3
986,996,"[251 105 202 251 105 202 251 105 202 251 105 202 251 105 202 251 105 202 251 105 202 251 105 202 251 105 202 251 105 202 251 105 202 251 105 202 251 105 202 251 105 202 251 105 202 251 105 202 251 105 202 251 105 202 251 105 202 251 105 202 251 105 202 251 105 202 251 105 202 251 105 202 251 105 202 251 105 202 251 105 202 251 105 202 251 105 202 251 105 202 251 105 202 251 105 202 251 105 202 251 105 202 251 105 202 251 105 202 251 105 202 251 105 202 251 105 202 251 105 202 251 105 202 251 105 202 251 105 202 251 105 202 251 105 202 251 105 202 251 105 202 251 105 202 251 105 202 251 105 202 251 105 202 251 105 202 251 105 202 251 105 202 251 105 202 251 105 202 251 105 202 251 105 202 251 105 202 251 105 202 251 105 202 251 105 202 251 105 202 251 105 202 251 105 202 251 105 202 251 105 202 251 105 202 251 105 202 251 105 202 251 105 202 251 105 202 251 105 202 251 105 202 251 105 202 251 105 202 251 105 202 251 105 202 251 105 202 251 105 202 251 105 202 251 105 202 251 105 202 251 105 202 251 105 202 251 105 202 251 105 202 251 105 202 251 105 202 251 105 202 251 105 202 251 105 202 251 105 202 251 105 202 251 105 202 251 105 202 251 105 202 251 105 202 251 105 202 251 105 202 251 105 202 251 105 202 251 105 202 251 105 202 251 105 202 251 105 202 251 105 202 251 105 202 251 105 202 251 105 202 251 105 202 251 105 202 251 105 202 251 105 202 251 105 202 251 105 202 251 105 202 251 105 202 251 105 202 251 105 202 251 105 202 251 105 202 251 105 202 251 105 202 251 105 202 251 105 202 251 105 202 251 105 202 251 105 202 251 105 202 251 105 202 251 105 202 251 105 202 251 105 202 251 105 202 251 105 202 251 105 202 251 105 202 251 105 202 251 105 202 251 105 202 251 105 202 251 105 202 251 105 202 251 105 202 251 105 202 251 105 202 251 105 202 251 105 202 251 105 202 251 105 202 251 105 202 251 105 202 251 105 202 251 105 202 251 105 202 251 105 202 251 105 202 251 105 202 251 105 202 251 105 202 251 105 202 251 105 202 251 105 202 251 105 202 251 105 202 251 105 202 251 105 202 251 105 202 251 105 202 251 105 202 251 105 202 251 105 202 251 105 202 251 105 202 251 105 202 251 105 202 251 105 202 251 105 202 251 105 202 251 105 202 251 105 202 251 105 202 251 105 202 251 105 202 251 105 202 251 105 202 251 105 202 251 105 202 251 105 202 251 105 202 251 105 202 251 105 202 251 105 202 251 105 202 251 105 202 251 105 202 251 105 202 251 105 202 251 105 202 251 105 202 251 105 202 251 105 202 251 105 202 251 105 202 251 105 202 251 105 202 251 105 202 251 105 202 251 105 202 251 105 202 251 105 202 251 105 202 251 105 202 251 105 202 251 105 202 251 105 202 251 105 202 251 105 202 251 105 202 251 105 202 251 105 202 251 105 202 251 105 202 251 105 202 251 105 202 251 105 202 251 105 202 251 105 202 251 105 202 251 105 202 251 105 202 251 105 202 251 105 202 251 105 202 251 105 202 251 105 202 251 105 202 251 105 202 251 105 202 251 105 202 251 105 202 251 105 202 251 105 202 251 105 202 251 105 202 251 105 202 251 105 202 251 105 202 251 105 202 251 105 202 251 105 202 251 105 202 251 105 202 251 105 202 251 105 202 251 105 202 251 105 202 251 105 202 251 105 202 251 105 202 251 105 202 251 105 202 251 105 202 251 105 202 251 105 202 251 105 202 251 105 202 251 105 202 251 105 202 251 105 202 251 105 202 251 105 202 251 105 202 251 105 202 251 105 202 251 105 202 251 105 202 251 105 202 251 105 202 251 105 202 251 105 202 251 105 202 251 105 202 251 105 202 251 105 202 251 105 202 251 105 202 251 105 202 251 105 202 251 105 202 251 105 202 251 105 202 251 105 202 251 105 202 251 105 202 251 105 202 251 105 202 251 105 202 251 105 202 251 105 202 251 105 202 251 105 202 251 105 202 251 105 202 251 105 202 251 105 202 251 105 202 251 105 202 251 105 202 251 105 202 251 105 202 251 105 202 251 105 202 251 105 202 251 105 202 251 105 202 251 105 202 251 105 202 251 105 202 251 105 202 251 105 202 251 105 202 251 105 202 251 105 202 251 105 202 251 105 202 251 105 202 251 105 202 251 105 202 251 105 202 251 105 202]",0xD1
987,267,"[179 178 177 176 175 174 173 172 171 170 169 168 167 166 165 164 163 162 161 160 159 158 157 156 155 154 153 152 151 150 149 148 147 146 145 144 143 142 141 140 139 138 137 136 135 134 133 132 131 130 129 128 127 126 125 124 123 122 121 120 119 118 117 116 115 114 113 112 111 110 109 108 107 106 105 104 103 102 101 100 99 98 97 96 95 94 93 92 91 90 89 88 87 86 85 84 83 82 81 80 79 78 77 76 75 74 73 72 71 70 69 68 67 66 65 64 63 62 61 60 59 58 57 56 55 54 53 52 51 50 49 48 47 46 45 44 43 42 41 40 39 38 37 36 35 34 33 32 31 30 29 28 27 26 25 24 23 22 21 20 19 18 17 16 15 14 13 12 11 10 9 8 7 6 5 4 3 2 1 0 255 254 253 252 251 250 249 248 247 246 245 244 243 242 241 240 239 238 237 236 235 234 233 232 231 230 229 228 227 226 225 224 223 222 221 220 219 218 217 216 215 214 213 212 211 210 209 208 207 206 205 204 203 202 201 200 199 198 197 196 195 194 193 192 191 190 189 188 187 186 185 184 183 182 181 180 179 178 177 176 175 174 173 172 171 170 169]",0x8C
988,99,"[140 0 92 255 0 255 0 0 255 22 112 0 117 255 110 0 0 131 255 255 255 229 206 229 0 0 255 0 255 255 0 0 138 0 0 9 255 255 255 200 255 0 0 215 255 0 0 0 0 0 255 100 22 0 255 255 101 0 0 83 255 0 255 255 0 0 255 206 255 255 0 73 255 0 74 255 0 184 255 255 102 255 220 255 255 0 0 255 186 0 0 0 255 164 255 0 241 0 189]",0xD7
989,686,"[231 2 222 132 129 42 50 71 142 123 70 206 90 50 105 180 82 81 29 26 74 184 137 211 183 163 36 234 7 245 205 64 252 114 205 238 127 158 167 149 47 74 27 111 47 44 29 108 23 186 230 80 214 150 103 207 201 240 240 178 233 14 48 78 202 11 194 171 224 12 159 25 14 242 56 48 223 80 216 171 48 133 169 185 123 90 242 106 177 214 43 123 141 145 38 6 170 159 179 57 86 146 14 52 225 39 42 184 226 248 214 182 226 128 74 184 104 96 109 160 230 243 167 9 104 33 142 101 188 153 46 39 25 190 85 112 109 168 11 90 24 12 20 107 177 62 166 51 96 243 212 233 40 158 79 209 116 188 79 17 192 154 221 29 248 233 167 134 102 24 237 49 91 47 66 100 178 207 14 208 203 34 70 21 123 247 224 223 32 230 5 195 76 128 187 165 85 209 166 215 93 30 95 126 36 143 169 0 142 32 36 96 23 146 188 83 239 181 253 155 117 195 101 0 54 52 125 182 142 26 66 34 20 40 133 193 101 51 110 84 11 236 2 10 76 198 125 130 157 10 245 140 210 109 111 43 92 47 233 84 102 34 254 146 147 37 173 174 231 72 222 113 57 169 8 219 16 102 36 120 245 36 27 50 240 71 155 73 184 161 245 84 80 199 40 186 197 219 176 42 86 14 192 176 131 250 81 227 46 244 73 206 28 104 247 79 199 124 154 153 145 123 48 3 173 180 198 238 41 227 60 138 66 35 13 87 248 120 9 172 51 14 202 114 250 182 73 251 222 80 74 128 138 148 55 13 138 155 245 139 40 78 13 3 122 169 243 162 46 232 225 104 133 127 112 84 252 232 85 157 21 190 215 119 19 149 14 208 149 222 97 64 240 230 16 221 237 116 228 114 14 139 239 136 35 112 27 149 159 170 13 217 234 73 200 123 135 62 229 245 167 38 136 77 115 172 18 52 191 9 154 68 231 213 235 24 254 36 222 96 244 0 176 254 177 180 170 250 183 127 63 198 41 15 195 94 54 196 222 27 106 6 211 2 99 149 205 34 29 90 172 41 16 249 74 159 168 9 144 51 23 101 202 248 126 227 241 113 37 79 99 116 165 165 139 58 93 105 169 36 61 72 132 193 216 190 191 61 226 13 138 22 153 12 164 8 42 192 77 226 25 135 237 105 83 247 108 178 235 2 145 182 107 172 206 80 82 22 244 8 120 136 36 125 75 205 210 110 111 19 91 103 114 115 23 41 111 96 36 166 30 1 156 21 15 21 239 26 214 198 215 154 39 197 144 145 155 37 74 254 223 91 252 17 89 142 158 206 188 176 249 153 1 157 194 235 100 13 32 232 243 59 172 121 154 12 246 120 197 132 219 162 82 127 202 68 201 181 2 221 133 237 2 220 197 169 153 153 214 254 118 145 46 100 43 2 185 78 222 125 205 108 213 219 119 238 75 95 122 191 102 21 0 223 163 43 184 195 115 192 155 188 86 136 9 41 219 167 211 143 110 208 12 175 156 9 85 132 8 78 3 69 250 116 243 205]",0x04
990,95,"[77 113 77 113 77 113 77 113 77 113 77 113 77 113 77 113 77 113 77 113 77 113 77 113 77 113 77 113 77 113 77 113 77 113 77 113 77 113 77 113 77 113 77 113 77 113 77 113 77 113 77 113 77 113 77 113 77 113 77 113 77 113 77 113 77 113 77 113 77 113 77 113 77 113 77 113 77 113 77 113 77 113 77 113 77 113 77 113 77 113 77 113 77 113 77]",0x8D
991,9,"[122 17 167 115 0 110 93 234 153]",0xED
992,231,"[46 47 48 49 50 51 52 53 54 55 56 57 58 59 60 61 62 63 64 65 66 67 68 69 70 71 72 73 74 75 76 77 78 79 80 81 82 83 84 85 86 87 88 89 90 91 92 93 94 95 96 97 98 99 100 101 102 103 104 105 106 107 108 109 110 111 112 113 114 115 116 117 118 119 120 121 122 123 124 125 126 127 128 129 130 131 132 133 134 135 136 137 138 139 140 141 142 143 144 145 146 147 148 149 150 151 152 153 154 155 156 157 158 159 160 161 162 163 164 165 166 167 168 169 170 171 172 173 174 175 176 177 178 179 180 181 182 183 184 185 186 187 188 189 190 191 192 193 194 195 196 197 198 199 200 201 202 203 204 205 206 207 208 209 210 211 212 213 214 215 216 217 218 219 220 221 222 223 224 225 226 227 228 229 230 231 232 233 234 235 236 237 238 239 240 241 242 243 244 245 246 247 248 249 250 251 252 253 254 255 0 1 2 3 4 5 6 7 8 9 10 11 12 13 14 15 16 17 18 19 20]",0x85
993,190,"[19 194 19 194 19 194 19 194 19 194 19 194 19 194 19 194 19 194 19 194 19 194 19 194 19 194 19 194 19 194 19 194 19 194 19 194 19 194 19 194 19 194 19 194 19 194 19 194 19 194 19 194 19 194 19 194 19 194 19 194 19 194 19 194 19 194 19 194 19 194 19 194 19 194 19 194 19 194 19 194 19 194 19 194 19 194 19 194 19 194 19 194 19 194 19 194 19 194 19 194 19 194 19 194 19 194 19 194 19 194 19 194 19 194 19 194 19 194 19 194 19 194 19 194 19 194 19 194 19 194 19 194 19 194 19 194 19 194 19 194 19 194 19 194 19 194 19 194 19 194 19 194 19 194 19 194 19 194 19 194 19 194 19 194 19 194 19 194 19 194 19 194 19 194 19 194 19 194 19 194 19 194 19 194 19 194 19 194 19 194]",0xF5
994,66,"[110 34 83 48 123 228 101 231 198 191 199 181 52 214 96 68 213 158 64 227 137 6 134 244 41 77 58 56 19 119 209 61 182 146 54 145 133 57 4 104 82 72 178 181 237 7 233 172 168 253 19 205 151 41 197 91 64 147 122 40 187 79 125 73 112 63]",0x67
995,25,"[92 92 92 92 92 92 92 92 92 92 92 92 92 92 92 92 92 92 92 92 92 92 92 92 92]",0x56
996,546,"[146 200 146 200 146 200 146 200 146 200 146 200 146 200 146 200 146 200 146 200 146 200 146 200 146 200 146 200 146 200 146 200 146 200 146 200 146 200 146 200 146 200 146 200 146 200 146 200 146 200 146 200 146 200 146 200 146 200 146 200 146 200 146 200 146 200 146 200 146 200 146 200 146 200 146 200 146 200 146 200 146 200 146 200 146 200 146 200 146 200 146 200 146 200 146 200 146 200 146 200 146 200 146 200 146 200 146 200 146 200 146 200 146 200 146 200 146 200 146 200 146 200 146 200 146 200 146 200 146 200 146 200 146 200 146 200 146 200 146 200 146 200 146 200 146 200 146 200 146 200 146 200 146 200 146 200 146 200 146 200 146 200 146 200 146 200 146 200 146 200 146 200 146 200 146 200 146 200 146 200 146 200 146 200 146 200 146 200 146 200 146 200 146 200 146 200 146 200 146 200 146 200 146 200 146 200 146 200 146 200 146 200 146 200 146 200 146 200 146 200 146 200 146 200 146 200 146 200 146 200 146 200 146 200 146 200 146 200 146 200 146 200 146 200 146 200 146 200 146 200 146 200 146 200 146 200 146 200 146 200 146 200 146 200 146 200 146 200 146 200 146 200 146 200 146 200 146 200 146 200 146 200 146 200 146 200 146 200 146 200 146 200 146 200 146 200 146 200 146 200 146 200 146 200 146 200 146 200 146 200 146 200 146 200 146 200 146 200 146 200 146 200 146 200 146 200 146 200 146 200 146 200 146 200 146 200 146 200 146 200 146 200 146 200 146 200 146 200 146 200 146 200 146 200 146 200 146 200 146 200 146 200 146 200 146 200 146 200 146 200 146 200 146 200 146 200 146 200 146 200 146 200 146 200 146 200 146 200 146 200 146 200 146 200 146 200 146 200 146 200 146 200 146 200 146 200 146 200 146 200 146 200 146 200 146 200 146 200 146 200 146 200 146 200 146 200 146 200 146 200 146 200 146 200 146 200 146 200 146 200 146 200 146 200 146 200 146 200 146 200 146 200 146 200 146 200 146 200 146 200 146 200 146 200 146 200 146 200 146 200 146 200 146 200 146 200 146 200 146 200 146 200 146 200 146 200 146 200 146 200 146 200 146 200 146 200 146 200 146 200 146 200 146 200 146 200 146 200 146 200 146 200 146 200 146 200 146 200 146 200 146 200 146 200 146 200 146 200 146 200 146 200 146 200 146 200 146 200 146 200 146 200 146 200 146 200]",0x21
997,83,"[217 218 219 220 221 222 223 224 225 226 227 228 229 230 231 232 233 234 235 236 237 238 239 240 241 242 243 244 245 246 247 248 249 250 251 252 253 254 255 0 1 2 3 4 5 6 7 8 9 10 11 12 13 14 15 16 17 18 19 20 21 22 23 24 25 26 27 28 29 30 31 32 33 34 35 36 37 38 39 40 41 42 43]",0x3A
998,632,"[208 21 208 21 208 21 208 21 208 21 208 21 208 21 208 21 208 21 208 21 208 21 208 21 208 21 208 21 208 21 208 21 208 21 208 21 208 21 208 21 208 21 208 21 208 21 208 21 208 21 208 21 208 21 208 21 208 21 208 21 208 21 208 21 208 21 208 21 208 21 208 21 208 21 208 21 208 21 208 21 208 21 208 21 208 21 208 21 208 21 208 21 208 21 208 21 208 21 208 21 208 21 208 21 208 21 208 21 208 21 208 21 208 21 208 21 208 21 208 21 208 21 208 21 208 21 208 21 208 21 208 21 208 21 208 21 208 21 208 21 208 21 208 21 208 21 208 21 208 21 208 21 208 21 208 21 208 21 208 21 208 21 208 21 208 21 208 21 208 21 208 21 208 21 208 21 208 21 208 21 208 21 208 21 208 21 208 21 208 21 208 21 208 21 208 21 208 21 208 21 208 21 208 21 208 21 208 21 208 21 208 21 208 21 208 21 208 21 208 21 208 21 208 21 208 21 208 21 208 21 208 21 208 21 208 21 208 21 208 21 208 21 208 21 208 21 208 21 208 21 208 21 208 21 208 21 208 21 208 21 208 21 208 21 208 21 208 21 208 21 208 21 208 21 208 21 208 21 208 21 208 21 208 21 208 21 208 21 208 21 208 21 208 21 208 21 208 21 208 21 208 21 208 21 208 21 208 21 208 21 208 21 208 21 208 21 208 21 208 21 208 21 208 21 208 21 208 21 208 21 208 21 208 21 208 21 208 21 208 21 208 21 208 21 208 21 208 21 208 21 208 21 208 21 208 21 208 21 208 21 208 21 208 21 208 21 208 21 208 21 208 21 208 21 208 21 208 21 208 21 208 21 208 21 208 21 208 21 208 21 208 21 208 21 208 21 208 21 208 21 208 21 208 21 208 21 208 21 208 21 208 21 208 21 208 21 208 21 208 21 208 21 208 21 208 21 208 21 208 21 208 21 208 21 208 21 208 21 208 21 208 21 208 21 208 21 208 21 208 21 208 21 208 21 208 21 208 21 208 21 208 21 208 21 208 21 208 21 208 21 208 21 208 21 208 21 208 21 208 21 208 21 208 21 208 21 208 21 208 21 208 21 208 21 208 21 208 21 208 21 208 21 208 21 208 21 208 21 208 21 208 21 208 21 208 21 208 21 208 21 208 21 208 21 208 21 208 21 208 21 208 21 208 21 208 21 208 21 208 21 208 21 208 21 208 21 208 21 208 21 208 21 208 21 208 21 208 21 208 21 208 21 208 21 208 21 208 21 208 21 208 21 208 21 208 21 208 21 208 21 208 21 208 21 208 21 208 21 208 21 208 21 208 21 208 21 208 21 208 21 208 21 208 21 208 21 208 21 208 21 208 21 208 21 208 21 208 21 208 21 208 21 208 21 208 21 208 21 208 21 208 21]",0x17
999,220,"[131 51 179 255 23 255 0 0 180 255 255 0 0 255 255 255 255 123 59 0 184 199 0 255 0 164 121 248 0 0 255 0 0 0 0 202 0 201 0 255 21 0 255 0 255 0 9 255 255 0 255 0 0 71 253 0 21 0 0 0 0 255 0 0 255 161 0 0 184 0 73 255 0 255 38 255 0 72 0 255 0 164 112 0 0 0 255 0 255 255 7 96 255 0 0 0 255 133 255 208 0 17 0 0 0 213 255 0 255 4 0 255 0 171 0 255 0 0 0 241 255 255 0 29 255 255 255 4 0 74 0 235 255 176 0 0 82 255 0 0 206 207 0 0 255 255 178 83 255 255 255 0 0 22 146 255 199 0 255 255 255 255 0 0 255 14 52 5 0 0 0 206 255 168 255 107 207 249 142 77 0 255 0 0 0 255 255 255 124 111 255 255 255 88 0 0 130 255 1 145 0 0 255 0 0 0 255 221 0 0 255 0 0 255 237 0 0 92 255 182]",0x7B
1000,371,"[127 133 218 127 133 218 127 133 218 127 133 218 127 133 218 127 133 218 127 133 218 127 133 218 127 133 218 127 133 218 127 133 218 127 133 218 127 133 218 127 133 218 127 133 218 127 133 218 127 133 218 127 133 218 127 133 218 127 133 218 127 133 218 127 133 218 127 133 218 127 133 218 127 133 218 127 133 218 127 133 218 127 133 218 127 133 218 127 133 218 127 133 218 127 133 218 127 133 218 127 133 218 127 133 218 127 133 218 127 133 218 127 133 218 127 133 218 127 133 218 127 133 218 127 133 218 127 133 218 127 133 218 127 133 218 127 133 218 127 133 218 127 133 218 127 133 218 127 133 218 127 133 218 127 133 218 127 133 218 127 133 218 127 133 218 127 133 218 127 133 218 127 133 218 127 133 218 127 133 218 127 133 218 127 133 218 127 133 218 127 133 218 127 133 218 127 133 218 127 133 218 127 133 218 127 133 218 127 133 218 127 133 218 127 133 218 127 133 218 127 133 218 127 133 218 127 133 218 127 133 218 127 133 218 127 133 218 127 133 218 127 133 218 127 133 218 127 133 218 127 133 218 127 133 218 127 133 218 127 133 218 127 133 218 127 133 218 127 133 218 127 133 218 127 133 218 127 133 218 127 133 218 127 133 218 127 133 218 127 133 218 127 133 218 127 133 218 127 133 218 127 133 218 127 133 218 127 133 218 127 133 218 127 133 218 127 133 218 127 133 218 127 133 218 127 133 218 127 133 218 127 133 218 127 133 218 127 133 218 127 133 218 127 133 218 127 133 218 127 133 218 127 133 218 127 133 218 127 133 218 127 133 218 127 133 218 127 133 218 127 133]",0x54
